hidden_size,num_layers,learning_rate,num_epochs,rmse,mae,r2,avg_epoch_time,epoch_times,epoch_losses
32,2,0.05,30,183.1851,130.4657,-0.05033385753631592,19.026349353790284,"[19.285306453704834, 18.813637733459473, 18.922727584838867, 19.054025411605835, 19.056049585342407]","[111523.60295927148, 37178.14771404197, 37176.1823513815, 37176.8729842935, 37171.65375414916]"
32,2,0.01,30,183.05809,130.72733,-0.04911535978317261,18.85673584938049,"[18.86813521385193, 18.879750967025757, 18.851017951965332, 18.906394720077515, 18.778380393981934]","[390406.2475202907, 37185.56140436065, 37153.01959647765, 37153.89521752959, 37153.03052442504]"
32,2,0.005,30,183.0049,130.7402,-0.04831427335739136,18.9254177014033,"[18.780176877975464, 18.817400693893433, 19.183164834976196, 18.856180429458618, 18.907673835754395, 19.007909536361694]","[681937.6581615804, 72257.18984898938, 37150.65780726062, 37150.35532162393, 37150.62571313804, 37150.980869906685]"
32,2,0.001,30,183.13292,130.84772,-0.050650835037231445,18.875585534355857,"[18.93241858482361, 18.923961639404297, 18.883235454559326, 18.83384108543396, 18.8203444480896, 18.854382514953613, 18.838336944580078, 18.834039211273193, 18.837307453155518, 19.027896881103516, 18.84567666053772]","[1253551.9923960168, 864549.9025199837, 576500.243987942, 365291.4347225986, 209094.59296356354, 105063.44993162343, 50973.542209568914, 37497.59239834541, 37149.224176729105, 37148.75176180819, 37149.09354690781]"
32,2,0.0005,30,183.14192,130.82425,-0.05072146654129028,18.912601643138462,"[19.059076070785522, 18.93003749847412, 18.872836589813232, 18.872356414794922, 18.845856428146362, 18.8441219329834, 18.93267583847046, 18.864010334014893, 18.84536123275757, 18.82162833213806, 18.926880836486816, 19.009920597076416, 19.03114604949951, 18.978525161743164, 18.865923166275024, 18.978759288787842, 18.89653491973877, 18.851178884506226]","[1364714.0551246444, 1140555.315997155, 944183.1507248341, 774404.6940878608, 630506.633882604, 509176.29511583794, 403671.7400801043, 311765.1458559138, 233403.5198927144, 168469.86022917795, 116926.2386077852, 78649.83246521898, 53399.178969598885, 40499.77747711608, 37277.73299159158, 37148.71508785755, 37148.65726532863, 37148.69979084812]"
32,2,0.0001,30,646.9483,495.5894,-9.248774528503418,18.92862710952759,"[18.83804965019226, 18.815297603607178, 18.85472869873047, 18.82085132598877, 18.80552339553833, 18.9803626537323, 19.54480481147766, 19.363611459732056, 19.00227427482605, 18.880526304244995, 18.92075252532959, 18.95073413848877, 18.845351934432983, 18.873981952667236, 18.888626098632812, 19.064801454544067, 18.847447395324707, 18.897122621536255, 19.01700186729431, 18.956851482391357, 18.867445945739746, 18.82291841506958, 18.851622104644775, 18.77425765991211, 18.877105236053467, 18.777487754821777, 18.831719398498535, 18.93695878982544, 19.003822326660156, 18.946774005889893]","[1464869.8566081831, 1414289.9994750035, 1365766.2226663055, 1318338.4930226256, 1272013.5756503183, 1226786.3289865872, 1182669.5247425823, 1139649.0765478932, 1097716.3445332611, 1056890.0800111773, 1017162.4970278417, 978533.4540543287, 941001.9003776589, 904565.1588707492, 869224.461709118, 834982.2669607777, 801827.3353373527, 769771.137752337, 738811.4051280314, 708927.6298350495, 680129.2618208915, 652396.8303414171, 625716.6555556497, 600026.2259305988, 575216.4037520322, 551116.4909903808, 527638.9748382672, 504718.6494927855, 482346.95948635007, 460538.96472784854]"
32,2,5e-05,30,907.7772,743.10693,-19.570695877075195,18.89897802670797,"[19.015488386154175, 18.938353538513184, 18.948549270629883, 18.943355560302734, 18.879671335220337, 18.8676974773407, 18.832918882369995, 18.807369709014893, 18.851629495620728, 18.787283658981323, 19.00898241996765, 18.99764895439148, 19.04414963722229, 18.970567226409912, 18.909056425094604, 18.91420292854309, 18.872583627700806, 18.826343774795532, 18.786855697631836, 18.817408561706543, 18.857296466827393, 18.81794047355652, 18.81340265274048, 19.012362480163574, 19.04963207244873, 18.914520263671875, 18.918274879455566, 18.860395193099976, 18.847890615463257, 18.85750913619995]","[1478335.4238416203, 1451526.6538070722, 1426940.247154857, 1402662.704697873, 1378655.4270932123, 1354914.8305277063, 1331445.469888904, 1308241.8918845684, 1285310.5293151333, 1262644.2365871833, 1240250.207813982, 1218122.6327564016, 1196265.1930378675, 1174672.6734097684, 1153351.025504674, 1132298.269958339, 1111516.1513260398, 1091000.4012328952, 1070752.0807055277, 1050774.9664594906, 1031065.4614466197, 1011623.3842975206, 992460.1443571332, 973565.9972225985, 954939.9190997155, 936580.46214097, 918487.128818927, 900667.9701429346, 883113.1681343991, 865821.7541830376]"
32,2,1e-05,30,1198.865,1078.4381,-37.101104736328125,18.898106718063353,"[18.80676245689392, 18.885322332382202, 18.91327714920044, 18.9858500957489, 18.89932155609131]","[1494409.361942826, 1486205.8428058529, 1479698.9386770085, 1474285.5026419184, 1469130.5839317166]"
32,3,0.05,30,184.08464,131.0983,-0.06579196453094482,20.44731659889221,"[20.482800245285034, 20.478216409683228, 20.41148042678833, 20.4823796749115, 20.38170623779297]","[117917.17100825282, 37171.9304903426, 37175.47448884277, 37175.23387818491, 37172.100907180386]"
32,3,0.01,30,184.02481,130.3714,-0.06275790929794312,20.32846908569336,"[20.278208255767822, 20.3032009601593, 20.25101637840271, 20.382349014282227, 20.427570819854736]","[389399.5140201086, 37183.175026170444, 37153.85936957539, 37153.58252899125, 37153.7604415846]"
32,3,0.005,30,183.11078,130.85886,-0.05027717351913452,20.479316115379333,"[20.279986143112183, 20.56891369819641, 20.704463720321655, 20.45947289466858, 20.387237071990967, 20.475823163986206]","[685961.3283938491, 73649.63367805642, 37155.646591279554, 37151.85378831099, 37150.914987859454, 37150.74485376304]"
32,3,0.001,30,183.27863,130.72125,-0.052528977394104004,20.401027354327116,"[20.302188634872437, 20.34204077720642, 20.359396934509277, 20.281065225601196, 20.39074730873108, 20.58374547958374, 20.58394503593445, 20.42581081390381, 20.468804359436035, 20.39192223548889, 20.281634092330933]","[1253574.6634602358, 864445.9897964367, 576269.4067749967, 365092.49824083794, 208948.80765436593, 104975.23995943977, 50923.857512373404, 37505.4088981369, 37148.74612179922, 37149.23917101871, 37148.872374487706]"
32,3,0.0005,30,183.10942,130.80882,-0.05011749267578125,20.43578182326423,"[20.37809109687805, 20.341399431228638, 20.37683081626892, 20.445297241210938, 20.485374927520752, 20.355790376663208, 20.727620124816895, 20.45252275466919, 20.375306844711304, 20.44353199005127, 20.36800742149353, 20.34843134880066, 20.374823093414307, 20.237762689590454, 20.26633882522583, 20.81761908531189, 20.459378004074097, 20.589946746826172]","[1365270.3956950277, 1142400.8028807072, 946887.7014378133, 777629.3964994581, 633977.0364068216, 512809.83875406446, 407459.5649132909, 315578.8787702378, 237061.36756325362, 171809.31443274964, 119813.07948088842, 80880.77141795658, 54825.33067536157, 41107.39983546225, 37336.227065798164, 37148.903916755226, 37148.460301761916, 37148.63247696789]"
32,3,0.0001,30,646.2717,495.10522,-9.228184700012207,20.385094054539998,"[20.446508646011353, 20.28855299949646, 20.37732982635498, 20.26592445373535, 20.184731245040894, 20.347694873809814, 20.36374282836914, 20.305328130722046, 20.32184410095215, 20.711908102035522, 20.546931505203247, 20.464746236801147, 20.405953407287598, 20.321007251739502, 20.361457109451294, 20.36547875404358, 20.318354845046997, 20.289286136627197, 20.565045833587646, 20.405214071273804, 20.5653293132782, 20.47281813621521, 20.4390287399292, 20.458969831466675, 20.355550289154053, 20.300046682357788, 20.28986120223999, 20.341145515441895, 20.322286128997803, 20.35074543952942]","[1463575.0481980762, 1413046.3676161766, 1364524.3500203225, 1317113.9593720364, 1270794.4106489636, 1225581.1545606963, 1181464.2962420403, 1138448.9700582577, 1096530.6254487874, 1055711.359267037, 1015991.3380046742, 977373.2797131147, 939853.5624407262, 903427.9855202547, 868094.3763717654, 833858.6317656821, 800721.7619309714, 768672.3525690964, 737714.2453935781, 707837.0524234521, 679043.0819756808, 651324.8552872239, 624655.0544811002, 598979.7524471616, 574177.9626066928, 550103.4210980897, 526643.2588106287, 503751.3177203292, 481413.13074109197, 459621.88047435984]"
32,3,5e-05,30,903.97253,738.61755,-19.383647918701172,20.38513035774231,"[20.512648105621338, 20.572417497634888, 20.55635118484497, 20.398517370224, 20.325305700302124, 20.314165115356445, 20.27462887763977, 20.23517084121704, 20.21769905090332, 20.26683235168457, 20.387438535690308, 20.48941159248352, 20.530919313430786, 20.414239645004272, 20.41437268257141, 20.36000156402588, 20.345930576324463, 20.33835744857788, 20.403600692749023, 20.307857275009155, 20.397624731063843, 20.50730800628662, 20.286338329315186, 20.51638150215149, 20.394331216812134, 20.38663077354431, 20.449841022491455, 20.30074977874756, 20.318906545639038, 20.329933404922485]","[1477066.5143442622, 1450612.8137108793, 1425753.7604999323, 1401178.0246070994, 1376880.5555988348, 1352857.3456848667, 1329106.969076006, 1305635.1052194824, 1282437.0044201328, 1259517.3396050672, 1236870.394255521, 1214503.3712234115, 1192407.2700853543, 1170589.4884162038, 1149048.2940573771, 1127779.2782312694, 1106786.890572077, 1086068.6386668473, 1065628.8439997968, 1045463.9298282753, 1025573.668490042, 1005959.0827885788, 986630.3246257282, 967579.3749830646, 948800.2026063541, 930294.1398777266, 912066.0264530551, 894110.9158057851, 876430.3394272457, 859025.6560171386]"
32,3,1e-05,30,1198.7244,1078.4065,-37.09685134887695,20.407563829421996,"[20.24514079093933, 20.308778762817383, 20.472323179244995, 20.46827530860901, 20.543301105499268]","[1492966.653434494, 1484373.620478255, 1478917.6011888634, 1473803.9250609674, 1468745.6990245224]"
32,4,0.05,30,183.03023,129.9297,-0.0461806058883667,22.029807329177856,"[22.046130895614624, 22.022596836090088, 22.064372062683105, 21.99710702896118, 22.018829822540283]","[116228.83720857925, 37171.439155565175, 37176.83317187394, 37171.8746872248, 37172.97186147816]"
32,4,0.01,30,183.20938,130.6594,-0.05127376317977905,21.96543068885803,"[22.0137038230896, 21.956214904785156, 21.84816265106201, 21.925997495651245, 22.08307456970215]","[399958.58584964776, 37187.97949099673, 37154.00898381931, 37154.3760079194, 37154.32318370754]"
32,4,0.005,30,183.14073,130.84547,-0.05074644088745117,21.99088990688324,"[21.99705171585083, 22.030550241470337, 21.98051953315735, 21.980932474136353, 22.003636360168457, 21.952649116516113]","[679875.7666601748, 71340.5071121958, 37151.37393598217, 37150.913665709464, 37151.45543588479, 37151.27207803926]"
32,4,0.001,30,182.89035,130.9757,-0.04726839065551758,21.991508982398294,"[22.076566457748413, 22.006198167800903, 21.97453498840332, 22.095284461975098, 21.954650402069092, 21.986804485321045, 21.969271898269653, 21.917733669281006, 22.07767653465271, 21.907883644104004, 21.93999409675598]","[1254162.637972497, 865037.541025945, 576837.1876100799, 365540.1879297351, 209251.06703127117, 105108.87105511618, 51027.284342558174, 37501.815987761016, 37149.01814188775, 37148.95119555806, 37148.649328856394]"
32,4,0.0005,30,183.15001,130.81847,-0.05080384016036987,22.016617099444073,"[22.027982711791992, 22.176400899887085, 22.069764137268066, 22.074242115020752, 21.98595380783081, 21.963833570480347, 21.961019039154053, 21.987597465515137, 21.998287677764893, 22.053147792816162, 21.88826012611389, 22.114933967590332, 22.014832973480225, 21.989662647247314, 22.01993989944458, 21.986634016036987, 21.92523765563965, 22.06137728691101]","[1365447.3657702208, 1141295.7756486249, 944820.4657990109, 774906.2954291424, 630902.0612637177, 509519.7938795556, 403950.1523845007, 312013.0562317945, 233607.9966552635, 168643.01568321534, 117097.09088580476, 78741.37839236723, 53430.74996904002, 40517.34317155111, 37278.44783891389, 37149.066072305584, 37148.58666849957, 37148.63608658422]"
32,4,0.0001,30,646.5202,495.2499,-9.234733581542969,22.01091007391612,"[22.007128477096558, 21.940004110336304, 22.230005979537964, 22.12602162361145, 22.052953720092773, 22.055482625961304, 22.014544248580933, 21.90505623817444, 21.95512294769287, 22.008220911026, 22.13061022758484, 21.95643138885498, 22.004858255386353, 22.028062343597412, 21.973929166793823, 22.00655245780945, 21.988637685775757, 21.96231508255005, 22.04062843322754, 21.943742752075195, 21.94955348968506, 21.927087545394897, 22.077296495437622, 22.02480125427246, 22.00942873954773, 21.983753442764282, 22.01854705810547, 21.983311653137207, 22.028044939041138, 21.995168924331665]","[1463731.0149539358, 1413279.8780483673, 1364768.942267308, 1317358.3677347242, 1271051.6294370682, 1225839.2436831053, 1181736.87397541, 1138725.4083457526, 1096817.4031211894, 1056001.3293337624, 1016294.5087979271, 977679.6567453597, 940164.6043219076, 903742.1264818453, 868420.2957339791, 834197.8283091722, 801060.8483013819, 769023.5073245495, 738071.8125592738, 708209.3109250101, 679420.9253234656, 651706.3144602696, 625047.909226392, 599375.2896668812, 574578.6030559883, 550491.2641283362, 527020.5009018087, 504116.16138988617, 481763.88438643137, 459964.2314261279]"
32,4,5e-05,30,904.5232,739.09314,-19.408174514770508,22.024366426467896,"[21.986847162246704, 21.951510429382324, 22.056366682052612, 22.062201738357544, 22.04323387145996, 22.045825242996216, 21.984243154525757, 22.066012859344482, 21.952775716781616, 22.02413296699524, 21.905488967895508, 22.035609006881714, 22.094932079315186, 22.257184982299805, 22.03633689880371, 22.03833246231079, 22.044034481048584, 21.979146242141724, 21.90702724456787, 21.97581171989441, 21.97328782081604, 21.962095499038696, 22.12031388282776, 22.083210468292236, 22.04098677635193, 22.027746438980103, 22.02934741973877, 22.05604100227356, 21.972806215286255, 22.01810336112976]","[1478325.72920336, 1451967.4692284244, 1427100.8850596126, 1402513.7276622409, 1378202.819350359, 1354163.264378133, 1330402.3035327191, 1306918.5801381927, 1283711.4068385044, 1260775.484351714, 1238120.1631892698, 1215739.4825819673, 1193632.8846277604, 1171798.9514378132, 1150243.9798977103, 1128961.8633399946, 1107959.1484639614, 1087228.9134771712, 1066775.1980507383, 1046599.2362315404, 1026695.7765207966, 1007072.3485638802, 987731.4064913291, 968663.3088504268, 949874.0338538139, 931354.3939337488, 913113.2115058935, 895146.3076226121, 877458.5146745021, 860038.7477814659]"
32,4,1e-05,30,1198.8292,1078.4155,-37.0991325378418,22.057450389862062,"[21.9526584148407, 22.044685125350952, 22.113414525985718, 22.075621128082275, 22.10087275505066]","[1492893.6680666576, 1484525.9599986451, 1479165.0922131147, 1474071.6851375152, 1469017.7174671453]"
32,5,0.05,30,182.8071,132.68475,-0.050086796283721924,22.11532382965088,"[22.10821008682251, 22.10771632194519, 22.148229122161865, 22.102262496948242, 22.110201120376587]","[124551.78219123637, 37172.8274159635, 37169.667530944105, 37171.442486541666, 37169.26629579961]"
32,5,0.01,30,183.67996,130.44992,-0.05786484479904175,22.151469421386718,"[22.05358386039734, 22.22529888153076, 22.235793113708496, 22.127474308013916, 22.11519694328308]","[400227.14173942705, 37201.63823420141, 37153.77167476566, 37154.15850346328, 37154.48638660496]"
32,5,0.005,30,183.11748,130.57681,-0.04962831735610962,22.10470163822174,"[22.109867095947266, 22.11700463294983, 22.08754301071167, 22.04165029525757, 22.078416347503662, 22.19372844696045]","[680212.3211836134, 71363.09849494796, 37150.89669302411, 37151.48589058372, 37150.30854016542, 37151.795632896115]"
32,5,0.001,30,183.06589,130.81519,-0.04945933818817139,22.12085895104842,"[22.17992115020752, 22.139694690704346, 22.088646411895752, 22.0899395942688, 22.05274748802185, 22.110992908477783, 22.01644468307495, 22.209569931030273, 22.198750257492065, 22.154630661010742, 22.08811068534851]","[1253739.9042558596, 864565.2006418507, 576389.2217644966, 365164.98207813984, 208952.17574896695, 104973.54276870089, 50959.4596586146, 37492.69805695684, 37148.881548433055, 37148.96099796458, 37149.0432971375]"
32,5,0.0005,30,183.18674,130.80948,-0.0512579083442688,22.12540172206031,"[22.121544122695923, 22.08823823928833, 22.131847381591797, 22.084264516830444, 22.041381359100342, 22.212285041809082, 22.199344873428345, 22.153530597686768, 22.10151982307434, 22.122228860855103, 22.086180448532104, 22.11420440673828, 22.089766025543213, 22.160125017166138, 22.14296245574951, 22.216262817382812, 22.119349241256714, 22.072195768356323]","[1365434.1987704919, 1141341.8600121934, 944807.9125203225, 774945.1130097548, 630911.2337886126, 509487.87046131963, 403953.8301508942, 312019.4684430463, 233605.4523480897, 168647.1112357743, 117076.87286243819, 78731.58750243446, 53437.13971736977, 40502.79593389594, 37283.2202540068, 37149.048285928395, 37148.591138909236, 37148.68577603179]"
32,5,0.0001,30,646.80237,495.47632,-9.244694709777832,22.101443481445312,"[22.11436700820923, 22.079829931259155, 22.105234622955322, 22.093343019485474, 22.149657726287842, 22.077579975128174, 22.1698739528656, 22.09099817276001, 22.106314659118652, 22.098195552825928, 22.02631449699402, 22.054208278656006, 22.11079239845276, 22.061492919921875, 22.060588121414185, 22.173113346099854, 22.13453722000122, 22.0992374420166, 22.089584589004517, 22.09114646911621, 22.130444526672363, 22.130813598632812, 22.027507781982422, 22.133913278579712, 22.197710275650024, 22.105822324752808, 22.092992544174194, 22.06202006340027, 22.08365297317505, 22.09201717376709]","[1464367.6948245496, 1413951.0520593415, 1365433.8145407126, 1318016.6417152148, 1271693.1803448042, 1226475.904628438, 1182355.6099021134, 1139337.7088301042, 1097419.140004742, 1056593.8697839046, 1016875.4001236282, 978246.9018425688, 940722.6285648964, 904288.4815658447, 868959.1494716163, 834721.7055531093, 801575.4490583931, 769524.4267375694, 738561.1565251999, 708690.7081018832, 679886.915268087, 652161.4862442419, 625486.8076226121, 599801.1320239466, 574992.6727789256, 550909.7610672673, 527429.2766054735, 504517.72375863703, 482160.2074117667, 460344.1045717044]"
32,5,5e-05,30,904.3545,738.87213,-19.399295806884766,22.123918223381043,"[22.054282665252686, 22.088335275650024, 22.178992748260498, 22.204002380371094, 22.149674892425537, 22.082918643951416, 22.104196786880493, 22.08963704109192, 22.079883098602295, 22.030728101730347, 22.049917936325073, 22.196503162384033, 22.191399097442627, 22.038315296173096, 22.06497049331665, 22.154385805130005, 22.129473447799683, 22.108125925064087, 22.095750331878662, 22.247316122055054, 22.207666158676147, 22.183128356933594, 22.064582109451294, 22.124951362609863, 22.09253692626953, 22.09678888320923, 22.112991333007812, 22.1717369556427, 22.120277643203735, 22.20407772064209]","[1477748.134585422, 1451491.5735503319, 1426631.0287732014, 1402049.5258264462, 1377744.6900826446, 1353713.8765241837, 1329959.184036716, 1306482.3463114754, 1283277.7235808156, 1260349.611570248, 1237699.1421724698, 1215322.5193571332, 1193223.0712047825, 1171398.0296369055, 1149847.69258908, 1128576.4863839587, 1107576.6822669692, 1086858.5530585286, 1066406.6451022897, 1046237.0930683512, 1026341.4317758434, 1006722.7176873053, 987385.2922368243, 968327.3349309036, 949540.3999204037, 931031.2039865872, 912796.8422554532, 894835.6015614416, 877150.1076835794, 859739.194731405]"
32,5,1e-05,30,1198.5797,1077.7875,-37.06597137451172,22.089159631729125,"[22.153914213180542, 22.092439889907837, 22.04955530166626, 22.088526010513306, 22.061362743377686]","[1492506.0719414714, 1483920.8735266223, 1478626.2210405094, 1473541.7371799215, 1468491.3063101205]"
50,2,0.05,30,183.42575,131.04907,-0.055654704570770264,19.590372705459593,"[19.48200249671936, 19.60575246810913, 19.647104740142822, 19.517656326293945, 19.699347496032715]","[95669.24636140831, 37181.90846681408, 37180.236719094, 37182.394558240754, 37182.79354799273]"
50,2,0.01,30,183.26079,130.93617,-0.05284386873245239,19.508003759384156,"[19.58409595489502, 19.49045991897583, 19.453750371932983, 19.585407257080078, 19.426305294036865]","[269394.2612229934, 37155.55423328796, 37155.729681652, 37157.95845607069, 37157.97544582374]"
50,2,0.005,30,183.46681,130.65726,-0.05515706539154053,19.50231909751892,"[19.449337005615234, 19.523847103118896, 19.480451107025146, 19.56977915763855, 19.544020414352417, 19.44647979736328]","[485006.58518281736, 38554.4064585168, 37152.401143190706, 37151.9444801528, 37153.407998709736, 37152.41772239322]"
50,2,0.001,30,183.2955,130.7605,-0.05293804407119751,19.541475693384807,"[19.784097909927368, 19.653801202774048, 19.55996298789978, 19.502018213272095, 19.54100775718689, 19.44630742073059, 19.426326036453247, 19.473278284072876, 19.486481428146362]","[1143048.1577191437, 633403.8952039019, 314386.2638870072, 123899.1037434587, 46088.250999187105, 37155.72601434955, 37149.079452442296, 37149.53509909311, 37148.98945865546]"
50,2,0.0005,30,183.173,130.80357,-0.05106687545776367,19.510488407952444,"[19.627224445343018, 19.610034465789795, 19.480876922607422, 19.79105281829834, 19.54151701927185, 19.525801420211792, 19.501064777374268, 19.432628393173218, 19.43323016166687, 19.31276249885559, 19.373146295547485, 19.461759090423584, 19.493004322052002, 19.562735080718994]","[1301616.7612535565, 981805.9710320417, 725125.2751617328, 525376.5373382672, 366914.9192119123, 240446.4410606625, 145469.84702170268, 81400.34789652063, 47080.01644795336, 37530.28560450819, 37148.88396900085, 37148.6549102531, 37148.80880557449, 37148.85387933863]"
50,2,0.0001,30,402.87228,311.329,-3.1270968914031982,19.47700940767924,"[19.46015214920044, 19.620259046554565, 19.55744695663452, 19.549384355545044, 19.47135353088379, 19.439767122268677, 19.521467685699463, 19.430556774139404, 19.423048496246338, 19.51798439025879, 19.483681440353394, 19.60879635810852, 19.475696086883545, 19.621500492095947, 19.484424352645874, 19.404704332351685, 19.490941762924194, 19.386978149414062, 19.447805166244507, 19.383735418319702, 19.371560096740723, 19.373291492462158, 19.41494846343994, 19.59770369529724, 19.42747473716736, 19.64905548095703, 19.471832752227783, 19.408710479736328, 19.464197158813477, 19.351823806762695]","[1447331.7817538274, 1371198.5398828073, 1299177.033007045, 1229717.071704376, 1162810.2481963825, 1098446.6542135212, 1036642.1564997968, 977385.1164222327, 920673.2039696518, 866498.8264293456, 814878.5189168134, 765773.0834829292, 719199.312906449, 675113.8980490449, 633487.6097369937, 594187.9135533803, 556878.1246485909, 521096.3265224902, 486646.3488306124, 453469.70769120037, 421579.21231455763, 390975.61358132365, 361652.9307406686, 333589.44210430497, 306819.941534853, 281325.2534082441, 257101.8795196281, 234161.49831704714, 212497.79850714674, 192113.3103365059]"
50,2,5e-05,30,755.9657,576.7357,-12.936881065368652,19.42827764352163,"[19.34109878540039, 19.420106887817383, 19.305415868759155, 19.47813844680786, 19.448816537857056, 19.67309021949768, 19.48267436027527, 19.695531845092773, 19.480492115020752, 19.381049394607544, 19.439433097839355, 19.34652090072632, 19.349785089492798, 19.43102264404297, 19.45558762550354, 19.34050488471985, 19.480509996414185, 19.418137073516846, 19.55182957649231, 19.63298988342285, 19.47123146057129, 19.37946891784668, 19.315680742263794, 19.414003610610962, 19.31643509864807, 19.32118272781372, 19.394078493118286, 19.31920313835144, 19.3896222114563, 19.374687671661377]","[1469039.4659768324, 1428410.8624170166, 1390523.2582983335, 1353324.6332475275, 1316777.400504674, 1280895.4986621053, 1245660.9016393442, 1211087.8715959897, 1177168.883747121, 1143917.1395728898, 1111320.396177686, 1079371.7194231811, 1048081.4081933342, 1017449.0456662376, 987473.6792524726, 958153.971159057, 929487.4776622409, 901480.9218771169, 874131.9901774827, 847428.9880690286, 821384.6648743395, 796000.8262769273, 771269.1435103645, 747185.6721142122, 723757.9181767376, 700980.706535361, 678847.5402892563, 657361.4962996206, 636509.930895204, 616257.6352670708]"
50,2,1e-05,30,1192.1454,1071.0178,-36.62501907348633,19.577511167526247,"[19.704315662384033, 19.629212141036987, 19.53231692314148, 19.500537633895874, 19.52117347717285]","[1489897.0443706815, 1478319.2979948516, 1470122.4547825498, 1462268.853932394, 1454495.360215418]"
50,3,0.05,30,183.45921,132.07108,-0.05867213010787964,21.54410638809204,"[21.61226177215576, 21.501060724258423, 21.532686471939087, 21.590863704681396, 21.483659267425537]","[98910.24412024963, 37184.41761482713, 37178.57150393006, 37180.33806897567, 37180.78707325502]"
50,3,0.01,30,183.70207,130.12837,-0.05712169408798218,21.562916326522828,"[21.63786816596985, 21.7636079788208, 21.562522649765015, 21.366286277770996, 21.484296560287476]","[269494.8998034438, 37156.69293466756, 37155.65383062297, 37157.384058705415, 37156.34969444879]"
50,3,0.005,30,183.26778,130.8028,-0.05260288715362549,21.48647352059682,"[21.522123336791992, 21.51767611503601, 21.48499059677124, 21.46686601638794, 21.450939655303955, 21.476245403289795]","[484421.18323651946, 38497.27608127075, 37152.94218064647, 37151.88518715706, 37151.93434909417, 37153.534279712054]"
50,3,0.001,30,183.11287,130.71262,-0.04992187023162842,21.62654405170017,"[21.582153797149658, 21.697447299957275, 21.46155881881714, 21.368570804595947, 21.484596252441406, 21.734203815460205, 22.330790758132935, 21.51845908164978, 21.461115837097168]","[1144069.501947568, 632955.9876329427, 313214.6383556598, 122762.40712534718, 45700.885796301314, 37153.32677030234, 37149.14602632604, 37149.054332783286, 37149.29555457001]"
50,3,0.0005,30,182.97235,131.04373,-0.04870963096618652,21.509946437982414,"[21.51159691810608, 21.685843229293823, 21.596716165542603, 21.589683532714844, 21.46943998336792, 21.42911720275879, 21.498777389526367, 21.462691068649292, 21.432775735855103, 21.486583471298218, 21.42156434059143, 21.40127921104431, 21.643235445022583]","[1301775.0005588674, 981174.7698736622, 723868.1634433004, 523812.6447000745, 365062.95926619024, 238652.5548176907, 143876.2637621088, 80241.33293888024, 46543.10646529095, 37477.81934453749, 37148.95766619424, 37148.643086318545, 37148.63145740542]"
50,3,0.0001,30,397.80634,307.38675,-3.030104875564575,21.55335179169973,"[21.581170797348022, 21.712564706802368, 21.72321605682373, 21.597556829452515, 21.583571195602417, 21.553998947143555, 21.531389236450195, 21.527615785598755, 21.486326932907104, 21.589091777801514, 21.87126612663269, 21.536336421966553, 21.57216501235962, 21.495179891586304, 21.49522614479065, 21.551884174346924, 21.49462056159973, 21.47213649749756, 21.465691328048706, 21.41492509841919, 21.4714195728302, 21.83953094482422, 21.55129075050354, 21.432653188705444, 21.389224767684937, 21.573461532592773, 21.660442113876343, 21.482197761535645, 21.483495950698853, 21.460903644561768]","[1448409.6709964774, 1372306.5382231404, 1299638.5575633382, 1229579.4419878742, 1162118.6348902588, 1097245.8742294405, 1034970.8148540171, 975289.4035191708, 918197.4808884298, 863683.1594550196, 811750.5669201327, 762394.0506706409, 715587.8797503726, 671334.8498594364, 629563.3361629521, 590130.5888048706, 552687.1161512667, 516779.3042736418, 482202.5093271576, 448932.5118251253, 416963.1398777266, 386295.71687440726, 356938.1507819909, 328863.87393730524, 302095.39356117055, 276623.85578258365, 252447.13386778554, 229581.37964876034, 208003.656413003, 187730.38494847412]"
50,3,5e-05,30,756.1876,576.91766,-12.946422576904297,21.477235118548077,"[21.49035382270813, 21.509120225906372, 21.792486429214478, 21.59157705307007, 21.464372396469116, 21.414874792099, 21.44590997695923, 21.427550315856934, 21.515822410583496, 21.416136503219604, 21.38571333885193, 21.390758514404297, 21.413265228271484, 21.57017207145691, 21.5172917842865, 21.402169704437256, 21.422303199768066, 21.45110249519348, 21.433887720108032, 21.44182062149048, 21.331730604171753, 21.45638656616211, 21.432671546936035, 21.602981090545654, 21.560229301452637, 21.58666229248047, 21.438903093338013, 21.432831525802612, 21.524836778640747, 21.453132152557373]","[1468764.128658041, 1429083.4129860452, 1391207.5965147, 1353996.3079020458, 1317437.9988483945, 1281538.7710337352, 1246299.3233386397, 1211712.7138006368, 1177779.1861451701, 1144508.0172571468, 1111896.4618276656, 1079936.7014039427, 1048631.6795319063, 1017989.0412461049, 987995.7942521338, 958666.4966467958, 929989.6438406042, 901966.4629962065, 874599.0116346023, 847889.4157041729, 821827.9592619564, 796425.1388616042, 771681.6836472023, 747596.021228492, 724160.7950650319, 701364.2239195231, 679218.5229050942, 657709.3027409904, 636838.3028468365, 616581.5750956848]"
50,3,1e-05,30,1191.9901,1071.1,-36.62501525878906,21.504127645492552,"[21.469445943832397, 21.442970752716064, 21.422378540039062, 21.47665524482727, 21.709187746047974]","[1488784.7380774962, 1477555.8759991871, 1469609.80719076, 1461817.1708101884, 1454061.6020695027]"
50,4,0.05,30,183.45909,130.04639,-0.05314534902572632,23.195422840118407,"[23.20098876953125, 23.299641370773315, 23.108308792114258, 23.200357913970947, 23.16781735420227]","[94473.25906399773, 37184.00890880089, 37182.91540767151, 37184.48300125004, 37184.24298637338]"
50,4,0.01,30,183.07593,130.94064,-0.04998886585235596,23.412871503829955,"[23.281187057495117, 23.31682562828064, 23.259424448013306, 23.503694534301758, 23.70322585105896]","[269764.23600860214, 37155.14503785585, 37156.57722332361, 37156.00430634822, 37157.16628341561]"
50,4,0.005,30,183.58841,130.34395,-0.05609184503555298,23.569562077522278,"[24.33301305770874, 23.74398970603943, 23.384076833724976, 23.42033815383911, 23.283306121826172, 23.25264859199524]","[485120.83064784156, 38518.25161124212, 37152.30846236854, 37152.604903796484, 37152.49071121164, 37152.972278776375]"
50,4,0.001,30,183.14816,130.82843,-0.05080479383468628,22.97147578663296,"[23.181513786315918, 22.834224700927734, 23.042320489883423, 23.093766927719116, 22.880584716796875, 22.884234189987183, 22.966591119766235, 22.917277097702026, 22.942769050598145]","[1142430.9680260126, 631595.4642028519, 312290.830210168, 122262.81506729695, 45606.971217537, 37154.79780102099, 37149.25058599042, 37149.17936652173, 37149.124036535955]"
50,4,0.0005,30,183.34778,130.7481,-0.05362093448638916,22.965946986125065,"[22.828568696975708, 22.910993337631226, 23.072962284088135, 23.09256410598755, 23.01389479637146, 22.99295973777771, 22.964850187301636, 23.052621841430664, 22.947550535202026, 22.94493865966797, 22.874455213546753, 22.942890882492065, 22.918060541152954]","[1302823.4647320823, 982060.6713690556, 724564.7579765614, 524401.5563609267, 365504.3382629386, 239008.07185467755, 144102.75636452547, 80394.14497739128, 46619.47996412876, 37487.42359817437, 37148.95664120715, 37148.672255384394, 37148.72655588462]"
50,4,0.0001,30,395.50278,305.58557,-2.9868006706237793,22.92126086552938,"[22.914124011993408, 23.34317970275879, 22.97119641304016, 22.93630361557007, 22.93115758895874, 22.95519757270813, 22.83406162261963, 22.85585641860962, 22.81334090232849, 22.881997108459473, 22.901133060455322, 22.90825390815735, 22.85105586051941, 22.894474029541016, 22.90228843688965, 22.923354625701904, 22.812706470489502, 22.949804067611694, 22.825922966003418, 22.957749843597412, 22.98559546470642, 23.052815437316895, 23.037596702575684, 23.021435976028442, 22.88976788520813, 22.953022480010986, 22.84745454788208, 22.82574224472046, 22.82258415222168, 22.838652849197388]","[1448908.9443164882, 1372604.8741193605, 1299672.2217348597, 1229353.01186323, 1161652.5650149032, 1096579.5438202817, 1034106.0046402926, 974249.124864517, 917006.8241007316, 862369.650157499, 810337.0291203767, 760884.2962928464, 714021.0774962743, 669720.5277740144, 627916.7007011245, 588460.2433740346, 550960.4288417897, 514970.843208068, 480320.61541034415, 446990.36728593684, 414964.3612950481, 384259.3652748611, 354870.1598191302, 326782.6675988179, 300005.82346142124, 274542.09569333424, 250380.90399971209, 227527.73399395408, 205987.27557453257, 185754.35456111978]"
50,4,5e-05,30,756.2068,576.9719,-12.947732925415039,22.97914063135783,"[23.02688694000244, 23.035274267196655, 23.08621382713318, 23.17878556251526, 23.021160364151, 22.883338928222656, 22.97489023208618, 22.788734674453735, 22.92943525314331, 22.981425523757935, 23.108966588974, 23.208394289016724, 23.112177848815918, 23.073063611984253, 23.03435230255127, 22.91095519065857, 22.921186923980713, 22.98820185661316, 22.86729145050049, 22.972204208374023, 22.88512086868286, 22.95651626586914, 22.973020315170288, 22.86274743080139, 22.938145875930786, 22.925525903701782, 22.860763549804688, 22.834153413772583, 22.949089527130127, 23.086195945739746]","[1469198.7229372715, 1429675.2492209729, 1391780.1603271915, 1354545.114787969, 1317960.9232150116, 1282043.1777367566, 1246782.5869123426, 1212171.5045386804, 1178220.2577309986, 1144930.7525572416, 1112292.2732353339, 1080310.3326107573, 1048987.5821196316, 1018318.2784683647, 988301.3825785802, 958951.1176500474, 930248.9370596802, 902205.5457847853, 874819.5614500068, 848085.0052160954, 822003.9802702885, 796581.8382671725, 771825.0741515377, 747714.9907617532, 724257.5625931446, 701442.4420302127, 679279.1266511991, 657758.8696441877, 636865.1883679379, 616588.0018882942]"
50,4,1e-05,30,1192.3038,1071.3518,-36.64167404174805,23.041579389572142,"[23.011529684066772, 23.04133892059326, 23.031554698944092, 23.10403299331665, 23.01944065093994]","[1488857.9012498306, 1478271.5621358894, 1470384.8907160277, 1462594.6803278688, 1454838.6603610623]"
50,5,0.05,30,183.07457,131.49202,-0.051488518714904785,23.539470386505126,"[23.633162021636963, 23.469895839691162, 23.402530431747437, 23.4176766872406, 23.774086952209473]","[95982.16087600341, 37182.50428253286, 37184.92729868602, 37185.39123374733, 37182.19915934388]"
50,5,0.01,30,182.72404,131.19884,-0.045314013957977295,23.643233871459962,"[23.728649377822876, 23.94526243209839, 23.599008083343506, 23.59851861000061, 23.344730854034424]","[270269.6923465602, 37154.962208446945, 37156.319025676145, 37155.34285268976, 37157.75398497303]"
50,5,0.005,30,183.43651,130.58145,-0.05447429418563843,23.6377675930659,"[23.637263536453247, 23.448806285858154, 23.47855281829834, 23.541910648345947, 23.866148710250854, 23.853923559188843]","[484739.70914129185, 38512.855262879355, 37153.04664134475, 37152.86489646135, 37151.6221085494, 37151.627583967704]"
50,5,0.001,30,183.38202,130.7134,-0.05405759811401367,23.586121559143066,"[23.6186203956604, 23.465481519699097, 23.54011631011963, 23.502427339553833, 23.437631845474243, 23.51304793357849, 23.82402777671814, 23.71289086341858, 23.660850048065186]","[1143035.5825514835, 631893.4947500338, 312383.11780034885, 122372.74512790442, 45629.87243362921, 37155.916031369605, 37149.38417063766, 37149.03403573682, 37149.36388616041]"
50,5,0.0005,30,183.19406,130.71822,-0.051236867904663086,23.577046751976013,"[23.62466812133789, 23.662961721420288, 23.44278836250305, 23.58724856376648, 23.49131989479065, 23.69063115119934, 23.6221182346344, 23.67332363128662, 23.658350944519043, 23.50931191444397, 23.554620027542114, 23.544177055358887, 23.46463131904602, 23.55250358581543]","[1303063.5937711692, 983288.6557207695, 726329.7574939033, 526357.3112764192, 367689.61071924533, 241120.68242362147, 145928.85035162073, 81707.02573912326, 47206.88385614246, 37535.53890849394, 37148.70695636389, 37148.803095442476, 37148.817182234154, 37148.89080626143]"
50,5,0.0001,30,395.60098,305.65057,-2.988433837890625,23.633205644289653,"[23.63265872001648, 23.87234354019165, 23.868963956832886, 23.668286323547363, 23.567417860031128, 23.588502883911133, 23.385501384735107, 23.54990863800049, 23.497457027435303, 23.76906943321228, 23.559502363204956, 23.89232087135315, 23.925655126571655, 23.659135103225708, 23.611632108688354, 23.580657482147217, 23.48605751991272, 23.55997347831726, 23.567666053771973, 23.68959617614746, 23.75889778137207, 23.649268865585327, 23.552693367004395, 23.54321527481079, 23.485622882843018, 23.41673707962036, 23.475626707077026, 23.718310356140137, 23.70469045639038, 23.758800506591797]","[1449468.561441539, 1373184.4579833355, 1300211.5511109605, 1229868.510533803, 1162146.5242429888, 1097036.833677686, 1034545.7767578919, 974654.0717551822, 917380.9940218128, 862717.0128539493, 810650.3967026826, 761164.6655856252, 714272.9131638667, 669936.116794811, 628115.382934223, 588635.0683892765, 551116.2238771847, 515122.62957678497, 480468.66808782687, 447125.2239237569, 415107.04669506167, 384397.627328614, 354991.4338800637, 326900.4534869936, 300117.9882489669, 274643.02987823467, 250476.5144416407, 227627.86287427178, 206085.8866113162, 185845.1064070756]"
50,5,5e-05,30,756.4294,577.06384,-12.95402717590332,23.633997639020283,"[23.749145984649658, 23.634914875030518, 23.55782413482666, 23.59801745414734, 23.470903158187866, 23.635992765426636, 23.61316156387329, 23.65434980392456, 23.90963578224182, 23.631470680236816, 23.598750591278076, 23.494295120239258, 23.405925035476685, 23.556840658187866, 23.569352626800537, 23.74178647994995, 23.868995904922485, 23.780367374420166, 23.63398289680481, 23.600449085235596, 23.652781009674072, 23.661457300186157, 23.485341548919678, 23.699117422103882, 23.707983016967773, 23.60181474685669, 23.689911603927612, 23.62056589126587, 23.556194067001343, 23.63860058784485]","[1468925.0719922774, 1429403.8529332068, 1391532.9536986859, 1354320.0548536784, 1317760.0412884434, 1281868.677127083, 1246626.6939100393, 1212045.3649403874, 1178118.7265614416, 1144853.855092467, 1112239.5244038748, 1080286.9507603983, 1048987.872104051, 1018343.8190370545, 988357.992472226, 959026.270661157, 930350.4814303617, 902329.8174959355, 874967.4152723209, 848255.0002879014, 822203.2907973174, 796798.9545623899, 772056.3409937678, 747976.2377557241, 724539.8885991058, 701752.0637108793, 679608.2785234047, 658109.521419015, 637236.6246231879, 616980.8754911259]"
50,5,1e-05,30,1192.2076,1071.3608,-36.638572692871094,23.67709059715271,"[23.60415530204773, 23.532428979873657, 23.644888162612915, 23.688316345214844, 23.915664196014404]","[1488997.8393679718, 1478023.5037935239, 1470132.4518019238, 1462343.0026757892, 1454585.6104355778]"
64,2,0.05,30,184.69962,129.88725,-0.07133781909942627,20.26204147338867,"[20.252076864242554, 20.266616821289062, 20.33279514312744, 20.248478412628174, 20.210240125656128]","[89210.96043631875, 37185.73545621782, 37189.588262938625, 37184.51508028955, 37191.67279877176]"
64,2,0.01,30,182.85634,130.92426,-0.04654747247695923,20.119339990615845,"[20.14148783683777, 20.073264598846436, 20.22055220603943, 20.131604194641113, 20.029791116714478]","[221532.44543805992, 37157.32968570061, 37159.20439383002, 37159.1694804968, 37158.631472885405]"
64,2,0.005,30,183.81056,130.20203,-0.059016406536102295,20.286237144470213,"[20.49106001853943, 20.218630075454712, 20.24711012840271, 20.273915767669678, 20.200469732284546]","[398325.2643357946, 37201.44426766677, 37154.15803840202, 37153.20281778172, 37152.52378401364]"
64,2,0.001,30,11.816633,8.873477,0.9952653050422668,20.17272239526113,"[20.074169874191284, 20.19542908668518, 20.08518958091736, 19.991177082061768, 20.135810136795044, 20.20711374282837, 20.372276306152344, 20.42956233024597, 20.14098834991455, 20.135075569152832, 20.24729871749878, 20.121339559555054, 20.229445695877075, 20.164706230163574, 20.089385986328125, 20.09392237663269, 20.166048288345337, 20.258928060531616, 20.35574436187744, 20.2431161403656, 20.21065044403076, 20.210561752319336, 20.206047296524048, 20.128194093704224, 20.14900803565979, 20.13294243812561, 20.065396308898926, 20.105242013931274, 20.102266311645508, 20.13463568687439]","[1067574.8762108793, 493973.3548469042, 180750.70609398285, 52245.26027448008, 28226.076437350228, 18825.14028882289, 9854.278029731902, 3773.979576403364, 2291.0059053146842, 1746.1730098210123, 1361.2080334222926, 974.1619898164648, 756.631013469957, 615.5827309381443, 515.5067298929473, 435.20086363133595, 385.6609819593379, 321.4210062826767, 263.8929157334604, 243.13789113526292, 223.39025704994094, 206.9902797513434, 200.56923504183246, 189.674059827288, 191.58241985904024, 188.8149318532268, 204.75145815459229, 171.69399764786212, 166.39657279951206, 164.1772944337064]"
64,2,0.0005,30,183.05827,130.85547,-0.049540936946868896,20.143958687782288,"[20.299210786819458, 20.16891098022461, 20.187063932418823, 20.296899557113647, 20.246315479278564, 20.19368600845337, 20.098958730697632, 20.04814124107361, 19.967400312423706, 20.046448469161987, 20.07953953742981, 20.094929218292236]","[1256487.9000135483, 874572.7076107573, 589565.6840155467, 379610.592287207, 222525.90518942216, 115181.63195779281, 55951.89517347116, 38003.864413803174, 37149.09263901296, 37148.94721071734, 37148.87847214872, 37148.87712380182]"
64,2,0.0001,30,236.20158,195.20764,-0.5823661088943481,20.201680254936218,"[20.326618909835815, 20.289971351623535, 20.236199855804443, 20.290324211120605, 20.232879877090454, 20.11301279067993, 20.224277019500732, 20.481467723846436, 20.16599154472351, 20.07913327217102, 20.117011308670044, 20.37218713760376, 20.313465356826782, 20.199772119522095, 20.211790323257446, 20.136475324630737, 20.16624116897583, 20.13774061203003, 20.095268487930298, 20.05983281135559, 20.08816623687744, 20.070515394210815, 20.178447484970093, 20.31521773338318, 20.194451093673706, 20.2001793384552, 20.143096446990967, 20.21207308769226, 20.23758816719055, 20.161011457443237]","[1437376.2454613196, 1341588.2018019238, 1251158.6382603983, 1164934.4470261482, 1082894.7684426229, 1005020.6000965317, 931332.2175602899, 861808.4991532313, 796431.9355100935, 735197.1958576074, 678038.1621223411, 624884.5357082373, 575444.6793456171, 528931.8278730863, 484685.9633857201, 442564.08118395205, 402520.0791347717, 364570.69435035903, 328745.6543108996, 295014.2388268866, 263361.5842323195, 233811.73575734996, 206350.67217348597, 180990.3683899116, 157715.24603712233, 136521.8352008112, 117417.46982751321, 100386.70579443843, 85447.26597005826, 72566.14784158651]"
64,2,5e-05,30,654.7369,501.29022,-9.491453170776367,20.12835064729055,"[20.175560235977173, 20.195605516433716, 20.157336235046387, 20.073829412460327, 20.192392587661743, 20.48862886428833, 20.18626880645752, 20.146331310272217, 20.16169571876526, 20.14342999458313, 20.16107439994812, 20.19060468673706, 20.02912473678589, 20.07074284553528, 20.005083560943604, 19.988675594329834, 20.085261821746826, 20.229060649871826, 20.2526752948761, 20.097911596298218, 20.124070167541504, 20.116273403167725, 20.04872488975525, 20.091594219207764, 19.9997775554657, 20.000728607177734, 20.077603816986084, 19.966472625732422, 19.99605941772461, 20.397920846939087]","[1462644.5476561442, 1412430.2533023981, 1364822.4807952852, 1318284.4426906924, 1272821.7883416882, 1228405.5376812085, 1185049.9549603711, 1142758.477306598, 1101523.3612400081, 1061344.5198567268, 1022226.7277469177, 984159.4937423791, 947152.9029518358, 911204.8609097684, 876307.6809629455, 842469.9894238586, 809681.7230134805, 777943.9468567945, 747261.7086607505, 717626.9456713182, 689026.7233606557, 661471.8692927788, 634938.1036021542, 609378.0027985707, 584715.643738992, 560813.900292982, 537527.5582703901, 514807.351874746, 492613.0753962878, 470951.5684443165]"
64,2,1e-05,30,1187.6598,1066.2664,-36.325225830078125,20.19141435623169,"[20.172884225845337, 20.13235855102539, 20.20270538330078, 20.178903818130493, 20.270219802856445]","[1489422.9015885382, 1475018.3392663596, 1464620.9333254301, 1454671.7773675653, 1444833.4172876305]"
64,3,0.05,30,184.14566,131.273,-0.06721687316894531,22.03292465209961,"[22.077009916305542, 22.040653467178345, 22.081668376922607, 21.972020864486694, 21.99327063560486]","[81032.43474323855, 37194.260537772236, 37192.505221387684, 37190.86946147097, 37195.70909247032]"
64,3,0.01,30,183.06691,130.87856,-0.04977071285247803,22.06048936843872,"[22.121636152267456, 21.97771120071411, 22.103004455566406, 22.13547992706299, 21.96461510658264]","[224072.16120822783, 37157.376687583615, 37158.12600540556, 37158.92550578555, 37159.19968950049]"
64,3,0.005,30,182.96243,130.90346,-0.04815143346786499,22.00641894340515,"[22.030373096466064, 22.020488023757935, 22.030028104782104, 21.999935150146484, 21.95127034187317]","[394207.4787872525, 37193.68129000982, 37152.51806395856, 37154.54983088441, 37153.44487270949]"
64,3,0.001,30,183.28503,130.77452,-0.05276763439178467,22.008955121040344,"[22.00083065032959, 22.011634826660156, 21.913732051849365, 22.14635992050171, 22.004048347473145, 21.9836323261261, 22.041013717651367, 21.970389127731323]","[1066511.0977594499, 490865.1734203529, 177818.89952983166, 51284.372925284304, 37154.45979899298, 37149.66790034696, 37149.49596845469, 37149.07149169161]"
64,3,0.0005,30,183.20363,130.63797,-0.051042914390563965,22.02050111691157,"[21.91318154335022, 22.027708292007446, 21.958287000656128, 21.99169421195984, 21.994449138641357, 22.0000216960907, 22.15424394607544, 22.014231204986572, 21.98430371284485, 22.056459426879883, 21.986891269683838, 22.164541959762573]","[1254343.0294167458, 870094.815666915, 584033.7956620038, 373737.1158654823, 217093.76883848733, 111085.68760849224, 53889.430993905386, 37772.512340066554, 37149.1720279476, 37148.70314974152, 37149.148838921305, 37148.91641770784]"
64,3,0.0001,30,232.39383,192.46712,-0.5398288369178772,22.006439844767254,"[21.9939968585968, 21.99650478363037, 21.986953496932983, 21.942099571228027, 22.16693902015686, 21.944302558898926, 21.884028434753418, 21.973735570907593, 22.060048580169678, 22.022876024246216, 21.9700186252594, 21.978387117385864, 21.945849418640137, 21.891930103302002, 21.961506366729736, 21.975534915924072, 21.98777723312378, 22.053519010543823, 22.00603461265564, 22.031129598617554, 22.019737005233765, 22.031290769577026, 21.984989643096924, 21.958329439163208, 21.97384738922119, 21.99556064605713, 22.210198879241943, 22.15730905532837, 22.064645051956177, 22.024115562438965]","[1436940.8207390597, 1340864.7861570248, 1249892.2608217043, 1163168.1838250237, 1080670.3544912613, 1002428.564176602, 928395.8543134399, 858599.8211031703, 792989.1878302398, 731589.0886143476, 674331.5928397236, 621094.1102323533, 571578.9121435104, 524967.4898768798, 480637.6895449465, 438429.03610621864, 398357.9329824888, 360416.8854448923, 324597.08594914305, 290885.06011634605, 259313.0944676365, 229861.7225054193, 202533.41634136633, 177312.35966395983, 154216.48386482184, 133224.20415805784, 114349.533592374, 97587.39397238263, 82919.66462083813, 70343.7599532372]"
64,3,5e-05,30,653.4278,500.34482,-9.450058937072754,22.022209747632346,"[22.066296339035034, 22.058560371398926, 21.997640132904053, 21.97251868247986, 21.974103450775146, 21.94204807281494, 21.923503398895264, 22.053911447525024, 22.070412635803223, 22.03474259376526, 22.6154625415802, 22.420291423797607, 21.983569622039795, 21.981455087661743, 21.97043228149414, 21.9373562335968, 22.11976909637451, 21.90747833251953, 21.976309061050415, 21.947381019592285, 21.99245285987854, 21.985473155975342, 22.03110909461975, 21.979293823242188, 21.901752948760986, 21.958121061325073, 22.01994824409485, 21.957114934921265, 21.960532903671265, 21.92725157737732]","[1462640.9333931718, 1412714.6074549519, 1364965.7810764124, 1318281.9432834305, 1272671.799180328, 1228124.0986316218, 1184643.013565235, 1142221.0293744074, 1100873.7927533532, 1060586.4858843652, 1021366.6737908142, 983206.1399031297, 946106.5916796505, 910077.7774353069, 875109.3459812356, 841201.5282058665, 808352.60940252, 776568.0715604255, 745833.9504216908, 716155.850655399, 687527.6787105405, 659938.072060019, 633377.2019035361, 607804.0076971278, 583113.0027731676, 559178.1178702073, 535859.3240541593, 513100.80432444793, 490876.89003861265, 469197.9933189947]"
64,3,1e-05,30,1187.1163,1065.6616,-36.28128433227539,22.032526302337647,"[22.065099239349365, 22.054234981536865, 22.02148699760437, 22.007526397705078, 22.014283895492554]","[1486455.7431073026, 1473310.772693402, 1463302.556428668, 1453415.4268222463, 1443576.1207153501]"
64,4,0.05,30,182.76132,132.32172,-0.04863184690475464,23.254598379135132,"[23.14267373085022, 23.297468423843384, 23.37232279777527, 23.260860681533813, 23.199666261672974]","[89755.71999303004, 37181.43500877993, 37187.58012456497, 37188.17631616969, 37182.343960766026]"
64,4,0.01,30,183.74594,130.42523,-0.05875229835510254,23.22519941329956,"[23.283576488494873, 23.23341131210327, 23.27488899230957, 23.179075956344604, 23.155044317245483]","[223828.12505226152, 37158.61784903807, 37157.472525133155, 37159.21560028494, 37159.99217254924]"
64,4,0.005,30,183.07077,130.60649,-0.048950135707855225,23.313377571105956,"[23.25410795211792, 23.273488759994507, 23.401346445083618, 23.30158019065857, 23.33636450767517]","[393712.7728466142, 37190.07129025327, 37153.49251800442, 37153.61999744911, 37154.14569291085]"
64,4,0.001,30,183.23535,130.65323,-0.051571547985076904,23.31760174036026,"[23.339362859725952, 23.28922390937805, 23.277063846588135, 23.304095029830933, 23.2653591632843, 23.181429147720337, 23.348759412765503, 23.535520553588867]","[1066848.5297469855, 491078.82326031366, 178041.3713684206, 51308.647550509755, 37156.54126118793, 37149.62525839677, 37149.195339226135, 37149.72963560896]"
64,4,0.0005,30,183.20135,130.7122,-0.05128747224807739,23.21840864419937,"[23.404826164245605, 23.26304531097412, 23.2142117023468, 23.27131152153015, 23.205458164215088, 23.157735109329224, 23.156553268432617, 23.12971258163452, 23.08885645866394, 23.379352569580078, 23.167396068572998, 23.18244481086731]","[1254883.4051280315, 870453.7299061781, 584255.758992684, 373889.14792414644, 217179.00421267442, 111147.97951772287, 53912.497796548996, 37776.87027423664, 37148.65703405492, 37149.035714588135, 37148.7309622574, 37149.09333892024]"
64,4,0.0001,30,232.4876,192.53822,-0.5408618450164795,23.20523989200592,"[23.194822072982788, 23.23104476928711, 23.221505403518677, 23.1628897190094, 23.171911239624023, 23.016665935516357, 23.170145988464355, 23.46847176551819, 23.138700246810913, 23.16676664352417, 23.21558451652527, 23.175171375274658, 23.178680181503296, 23.091617822647095, 23.102473258972168, 23.176635026931763, 23.341052770614624, 23.2575843334198, 23.512924194335938, 23.176241874694824, 23.17649555206299, 23.072832822799683, 23.105440378189087, 23.174630641937256, 23.15776801109314, 23.181259632110596, 23.29319453239441, 23.28412938117981, 23.249195337295532, 23.291361331939697]","[1437102.5563439913, 1341141.9491091992, 1250169.176263379, 1163459.1352882402, 1080962.1660936866, 1002708.7296436797, 928681.796225105, 858875.3626456442, 793275.0292558597, 731871.553185544, 674599.1054057715, 621372.1274048232, 571848.9590163934, 525234.3264378133, 480877.63360740413, 438664.35675213387, 398584.98700633383, 360618.5317072551, 324785.9837356896, 291083.87561390735, 259488.6345346159, 230017.49433088335, 202667.4905415933, 177450.01673955933, 154337.14752298978, 133339.1425715096, 114451.6646446535, 97665.91097338182, 82982.85252411175, 70407.07153978542]"
64,4,5e-05,30,652.95844,500.03018,-9.436360359191895,23.20628391901652,"[23.311994075775146, 23.32570481300354, 23.277503967285156, 23.247233867645264, 23.08002471923828, 23.076449155807495, 23.377368211746216, 23.268550634384155, 23.339420795440674, 23.242265939712524, 23.184438705444336, 23.20755648612976, 23.10427474975586, 23.105868339538574, 23.210358381271362, 23.10247254371643, 23.36513900756836, 23.149868726730347, 23.205575704574585, 23.28998112678528, 23.22423505783081, 23.216044902801514, 23.102906942367554, 22.964232206344604, 23.09924030303955, 23.130107164382935, 23.26969051361084, 23.405112981796265, 23.090099096298218, 23.21479845046997]","[1461789.4426229508, 1411908.6478119495, 1364162.0654382876, 1317488.25790882, 1271872.2128607235, 1227331.186873391, 1183852.368149641, 1141438.468720363, 1100087.9489059749, 1059804.9158565912, 1020587.6373120174, 982430.587818385, 945341.0616024252, 909309.8611383958, 874337.6918439235, 840437.557461726, 807594.5007874949, 775812.1739178295, 745084.0535919929, 715407.3859995258, 686782.637726934, 659200.751947568, 632642.7580104322, 607074.2568164882, 582395.4241125864, 558467.587035124, 535166.1581891004, 512428.0140224902, 490223.0371773811, 468552.713089351]"
64,4,1e-05,30,1187.1693,1065.4509,-36.28000259399414,23.155038261413573,"[23.099628448486328, 23.16405725479126, 23.180132150650024, 23.232335329055786, 23.099038124084473]","[1486135.3154213522, 1473427.7127252405, 1463454.0941776182, 1453570.224867904, 1443733.235130741]"
64,5,0.05,30,183.66083,130.63521,-0.05816084146499634,22.09601902961731,"[22.0370831489563, 21.95889115333557, 22.34076166152954, 22.121435403823853, 22.021923780441284]","[87187.37247887842, 37184.852326576474, 37189.80076762231, 37188.16220887032, 37191.17684579706]"
64,5,0.01,30,183.40761,131.18414,-0.05581104755401611,22.120085382461546,"[22.184516668319702, 22.08836340904236, 22.1275315284729, 22.1057288646698, 22.09428644180298]","[224329.98271797944, 37157.45252524959, 37156.22197790886, 37158.078237726084, 37157.585265509624]"
64,5,0.005,30,182.62291,131.34503,-0.044087350368499756,22.17925238609314,"[22.307833433151245, 22.148028135299683, 22.202354669570923, 22.107407093048096, 22.130638599395752]","[393505.72769478854, 37191.552399636734, 37152.666017345, 37154.173837783455, 37153.582870344886]"
64,5,0.001,30,183.10902,130.79877,-0.05010253190994263,22.13406091928482,"[22.202677965164185, 22.14472484588623, 22.076648712158203, 22.200916051864624, 22.067057847976685, 22.108326196670532, 22.180631637573242, 22.091504096984863]","[1068078.8727984014, 491956.5424379319, 178426.23476557207, 51480.28521658227, 37157.37853208407, 37149.587685945124, 37149.681611649634, 37148.883653579505]"
64,5,0.0005,30,183.3093,130.65273,-0.05278885364532471,22.13489059607188,"[22.216391563415527, 22.13517689704895, 22.130885362625122, 22.12230396270752, 22.10010814666748, 22.009618997573853, 22.200400352478027, 22.181368112564087, 22.136497735977173, 22.150546550750732, 22.139363765716553, 22.096025705337524]","[1255467.001193944, 870864.0901978052, 584691.745423215, 374223.63757663255, 217397.37873848394, 111260.2190246706, 53982.92582967459, 37777.978636686465, 37148.85336995432, 37148.94284919684, 37149.13410620385, 37148.78876652787]"
64,5,0.0001,30,232.31467,192.41739,-0.538837194442749,22.1147562901179,"[22.196045637130737, 22.011200428009033, 22.01695728302002, 22.238009691238403, 22.204991340637207, 22.132723331451416, 22.08266592025757, 22.0248544216156, 22.081017017364502, 22.095251083374023, 22.040874004364014, 22.148916244506836, 22.19846200942993, 22.252169847488403, 22.110923528671265, 22.11641836166382, 22.17519450187683, 22.04965353012085, 22.093541383743286, 22.041620016098022, 22.155986309051514, 22.160951137542725, 22.13881540298462, 22.090517282485962, 22.102044105529785, 22.05639958381653, 22.082745790481567, 22.064738273620605, 22.055461406707764, 22.22353982925415]","[1435797.2772828885, 1339912.1100460642, 1249016.205239805, 1162364.0405263514, 1079958.257747934, 1001787.8434748001, 927842.8944418101, 858123.5810611706, 792601.0870562932, 731262.1332475274, 674070.2178651267, 620909.4759178973, 571447.7450548706, 524847.1884526148, 480523.1115279095, 438319.15281211893, 398268.37064337486, 360314.1995664544, 324507.69555065373, 290810.14075624914, 259235.87965087726, 229792.70522286952, 202453.00340189337, 177248.61459003692, 154161.74812123188, 133176.55975541085, 114302.75393853306, 97532.57549737078, 82880.88228009416, 70315.83028584796]"
64,5,5e-05,30,653.1323,500.14438,-9.441802024841309,22.15396967728933,"[22.26797127723694, 22.11982536315918, 22.06410050392151, 22.12559962272644, 22.043707609176636, 22.063627004623413, 22.179694652557373, 22.51618981361389, 22.182158708572388, 22.169378519058228, 22.130515813827515, 22.11619520187378, 22.088574171066284, 22.051220655441284, 22.12642478942871, 22.10198712348938, 22.18172574043274, 22.167970418930054, 22.20743465423584, 22.132292985916138, 22.078444719314575, 22.09101128578186, 22.04269576072693, 22.20166254043579, 22.250465393066406, 22.374832153320312, 22.137431859970093, 22.20644783973694, 22.102220058441162, 22.097284078598022]","[1462101.491718602, 1412281.9028586913, 1364535.9465350225, 1317854.4705832542, 1272240.062474597, 1227691.2700176127, 1184203.0918236012, 1141784.8531279636, 1100436.7320315675, 1060146.943054803, 1020920.3609351714, 982764.4639107167, 945667.7388819265, 909639.6025267579, 874666.583567606, 840756.7814828614, 807901.869233505, 776116.0283667524, 745384.8126862891, 715706.7123611299, 687077.2235808156, 659490.325904349, 632927.4232658177, 607349.1683418575, 582667.8790052161, 558732.3995689948, 535427.1838631283, 512675.97190421354, 490463.014433173, 468785.6419142054]"
64,5,1e-05,30,1187.5331,1065.9882,-36.31161880493164,22.104124593734742,"[22.21078133583069, 22.032999753952026, 22.049158096313477, 22.10887598991394, 22.118807792663574]","[1486741.4963927653, 1474275.0941268122, 1464301.869072619, 1454413.4061272186, 1444569.8985063]"
100,2,0.05,30,181.4679,132.22607,-0.02827972173690796,21.9790611743927,"[22.214784145355225, 22.043453216552734, 22.042466402053833, 21.889659881591797, 21.704942226409912]","[78742.55798936881, 37193.22609651258, 37196.345376722114, 37197.086252656736, 37198.79473055819]"
100,2,0.01,30,183.43797,130.42096,-0.05405092239379883,21.91431016921997,"[22.047563552856445, 21.972758293151855, 21.863025426864624, 21.83475685119629, 21.85344672203064]","[158887.072119822, 37163.79221512583, 37166.19889539019, 37166.586335216685, 37164.391375184176]"
100,2,0.005,30,183.09047,131.69983,-0.05223977565765381,21.957145404815673,"[21.881812810897827, 22.205545663833618, 22.073326587677002, 21.825018882751465, 21.800023078918457]","[271593.1954487768, 37155.84669133057, 37156.297574113436, 37157.99202515856, 37158.048219509976]"
100,2,0.001,30,19.372715,13.844769,0.9882304668426514,21.875356658299765,"[21.9544358253479, 21.875914335250854, 21.919950485229492, 21.9011709690094, 21.90962529182434, 21.836822271347046, 21.87341547012329, 22.134368419647217, 22.109467029571533, 21.92679190635681, 21.778812408447266, 21.865015983581543, 21.80006742477417, 21.80962824821472, 21.76524829864502, 21.786313772201538, 21.80090594291687, 21.93410086631775, 22.110475540161133, 22.0310697555542, 21.86601686477661, 21.7748064994812, 21.772829294204712, 21.771273612976074, 21.882179021835327, 21.718571186065674, 21.778108835220337, 21.784634113311768, 21.883968114852905, 21.904711961746216]","[896091.384123933, 240235.48782346566, 43615.725040565514, 21581.958334612307, 12088.142709258384, 8104.166337504617, 6978.522515241506, 4585.607649274577, 2687.8790116144087, 1986.4200889361032, 1816.7536864725816, 1700.283600800342, 1579.080571243747, 1503.3162730369056, 1424.9520580300534, 1341.6854792709773, 1260.0347091298554, 1187.4606424188762, 1099.7559733466394, 1027.609407759572, 957.305552400042, 870.7495137292055, 751.2499498295729, 647.6410597938296, 557.6788217766533, 487.78384551671184, 431.30484816692433, 388.6460187478111, 351.74370294417685, 347.8298339507813]"
100,2,0.0005,30,9.215147,6.6785645,0.9968341588973999,21.885440397262574,"[22.139621257781982, 22.003814458847046, 21.962563514709473, 21.913008451461792, 21.712851524353027, 21.73347282409668, 21.659982204437256, 21.738194704055786, 21.81460404396057, 22.174225330352783, 21.876874923706055, 22.00326704978943, 21.999605178833008, 21.847358226776123, 21.823100328445435, 21.85899519920349, 21.85969376564026, 21.729280471801758, 21.72597050666809, 21.751683712005615, 22.101781606674194, 21.81840229034424, 22.071706295013428, 21.907146215438843, 21.917377710342407, 21.863033533096313, 21.82359027862549, 21.94985795021057, 21.90962028503418, 21.872528076171875]","[1144650.8558122206, 639685.278459897, 321668.00084465183, 129441.71648330595, 47768.95214751134, 37165.667938319246, 37149.3553888362, 37148.90565898189, 35531.05925039269, 25630.071351511695, 14617.984239723733, 5857.452774823091, 2122.015252626422, 915.6101890623917, 521.3096613874282, 337.412882571911, 228.92598964379516, 171.21523500299602, 139.50611445981625, 116.20477352341312, 104.48180789505624, 95.83726341778339, 82.60914444390423, 77.63218174334739, 69.75941274599272, 62.9457000148537, 58.23744814235365, 52.661890407836694, 51.00132408162763, 49.844849150155945]"
100,2,0.0001,30,183.24677,130.75912,-0.052135348320007324,21.809163429118968,"[22.045271635055542, 21.98754858970642, 21.843342304229736, 22.10078454017639, 22.005186796188354, 21.811976671218872, 21.77122688293457, 21.786770582199097, 21.722768783569336, 21.798952102661133, 21.691605806350708, 21.71818971633911, 21.864079236984253, 21.6865336894989, 21.978802919387817, 21.952664136886597, 21.822182416915894, 21.710689067840576, 21.75651216506958, 21.697505474090576, 21.69521450996399, 21.598408937454224, 21.61490535736084, 21.811108350753784, 21.641122817993164, 21.865057229995728, 21.869001865386963]","[1407779.2952343856, 1263705.1283023981, 1130772.1127133856, 1007932.600816285, 895124.4572889853, 792345.8989889581, 699442.5780297385, 616137.87889937, 541300.2402706273, 472631.590934494, 409088.11011803953, 350632.1876841722, 297218.8651605474, 248854.85373128642, 205557.9684112925, 167306.6756261855, 134074.4753357438, 105846.79046284378, 82625.40364989077, 64346.90715392562, 50964.26655485791, 42359.10162653688, 38212.09024900822, 37215.75810714906, 37149.99834337636, 37148.526151526086, 37148.34886448313]"
100,2,5e-05,30,402.30045,310.92297,-3.1160268783569336,21.75600150426229,"[21.930811882019043, 21.821667432785034, 21.788043975830078, 21.76492667198181, 21.7475643157959, 21.754810094833374, 21.686381340026855, 21.76469874382019, 21.716381788253784, 21.97330617904663, 21.90858292579651, 21.8018901348114, 21.814926624298096, 21.72520637512207, 21.68031072616577, 21.737472772598267, 21.63653564453125, 21.748939752578735, 21.729668378829956, 21.64848780632019, 21.986234664916992, 21.9220187664032, 21.782830238342285, 21.650477409362793, 21.640326261520386, 21.688549995422363, 21.663657665252686, 21.66892671585083, 21.62762475013733, 21.668785095214844]","[1445801.7266799891, 1369915.428888362, 1297903.0132265275, 1228466.4237569435, 1161589.4307343177, 1097255.1028569976, 1035475.5642443435, 976244.5517799079, 919558.260152757, 865415.0049197263, 813821.9849359842, 764754.2389750711, 718202.098326785, 674150.4424197263, 632548.6823431784, 593290.1266850698, 555997.1496367363, 520249.7509610825, 485817.7543439236, 452679.37812457664, 420812.42307106085, 390231.5254792711, 360922.1337979271, 332908.75227357406, 306158.34379233845, 280696.36220532446, 256507.66771101477, 233591.1769767816, 211956.33278646186, 191594.7955074685]"
100,2,1e-05,30,1018.17065,874.1399,-25.506040573120117,21.815711903572083,"[21.941608667373657, 22.14172911643982, 22.09601593017578, 22.007853746414185, 21.94719123840332, 21.86557674407959, 21.84508442878723, 21.854435443878174, 21.803443908691406, 21.826822519302368, 21.82270097732544, 21.776657581329346, 22.03679132461548, 21.8877956867218, 21.798345804214478, 21.35839080810547, 21.647956132888794, 21.70771861076355, 21.796509504318237, 21.692069053649902, 21.64579463005066, 21.699180126190186, 21.703258991241455, 21.856054544448853, 21.9537832736969, 21.890211582183838, 21.78441858291626, 21.623199701309204, 21.711318492889404, 21.74943995475769]","[1482950.1259653163, 1464413.688931039, 1448983.959270424, 1433769.7489838775, 1418670.7313880234, 1403674.822601951, 1388778.9353238044, 1373989.0643036175, 1359304.0580375288, 1344719.481015445, 1330237.6590231676, 1315858.3328309173, 1301582.1619699227, 1287407.6130097548, 1273336.353661428, 1259368.5215079258, 1245504.7290340061, 1231740.1321805988, 1218082.3247442758, 1204525.806648828, 1191072.3343974394, 1177718.9118513751, 1164472.152054261, 1151326.6794048909, 1138283.3341264734, 1125342.6412410242, 1112499.4878912072, 1099754.8838317979, 1087111.190963284, 1074572.151622409]"
100,3,0.05,30,184.20631,131.73059,-0.06934481859207153,23.47018895149231,"[23.491198539733887, 23.347238540649414, 23.387227535247803, 23.665422677993774, 23.45985746383667]","[73475.23963528613, 37204.83182908397, 37200.67036814858, 37205.82895245182, 37206.53074564337]"
100,3,0.01,30,183.21324,129.84029,-0.04877364635467529,23.42392749786377,"[23.614697694778442, 23.448145866394043, 23.496312856674194, 23.311065196990967, 23.2494158744812]","[157036.98331402524, 37166.7810483632, 37162.33031839563, 37163.99427531415, 37164.19959119593]"
100,3,0.005,30,153.31865,109.652374,0.3585490882396698,23.409377002716063,"[23.336374282836914, 23.506296157836914, 23.517521142959595, 23.73620295524597, 23.578010082244873, 23.457746744155884, 23.377185344696045, 23.382712364196777, 23.270554542541504, 23.29363989830017, 23.28938865661621, 23.254075288772583, 23.33265995979309, 23.45833134651184, 23.510727405548096, 23.420974731445312, 23.529541969299316, 23.435978889465332, 23.33249258995056, 23.272387504577637, 23.34158706665039, 23.362248420715332, 23.472955465316772, 23.46154499053955, 23.459712982177734, 23.463032722473145, 23.388048887252808, 23.41969060897827, 23.36670684814453, 23.25298023223877]","[272090.80770874437, 37157.065585281256, 21304.333980075004, 13240.651865887974, 12416.847656382308, 12349.953473994408, 12603.597820939904, 12821.11804356334, 12332.316883764717, 12369.135161257844, 12550.934820473121, 12770.858180295321, 12524.910980427205, 12288.21806742502, 12628.88974756898, 11882.486639345585, 12536.935720181436, 11962.43826943493, 12877.848832166997, 12380.61774691313, 12083.442886672972, 12179.07996328199, 11986.454305994303, 12155.415901939683, 12666.086698301859, 12152.855372330827, 12331.446110414145, 12229.401011710017, 12399.941318827743, 12990.11743329447]"
100,3,0.001,30,13.481096,9.277279,0.9944649934768677,23.422389578819274,"[23.463348865509033, 23.52350115776062, 23.56072187423706, 23.5096697807312, 23.440020084381104, 23.460501670837402, 23.482365608215332, 23.373677730560303, 23.364797115325928, 23.298073291778564, 23.373449563980103, 23.437057495117188, 23.55791211128235, 23.60716414451599, 23.48389172554016, 23.354832649230957, 23.397518157958984, 23.22836947441101, 23.41262125968933, 23.337936401367188, 23.295104265213013, 23.398465394973755, 23.628899335861206, 23.59675908088684, 23.510525941848755, 23.278323650360107, 23.28466773033142, 23.31379508972168, 23.245376348495483, 23.452340364456177]","[898156.7559273811, 240393.1038720617, 45622.32231299113, 24001.944544917376, 13609.974976131707, 6828.255267314965, 2772.1820392202935, 1947.0645484071551, 1491.8812176330096, 1221.511054768373, 903.3781579842882, 675.7988232740654, 518.2108857754753, 409.92188611461484, 347.3818828198761, 313.42286024260306, 307.20702562976896, 288.8551511988054, 300.62563560216057, 353.4711073154583, 268.73182789417905, 230.17035267195104, 228.54325422926044, 206.63201318473904, 275.3433102353319, 215.9896892280925, 183.45527284614698, 210.94646540580928, 190.37104363642385, 212.80361537522472]"
100,3,0.0005,30,183.27444,130.63626,-0.052135586738586426,23.418184730741714,"[23.531598567962646, 23.445890426635742, 23.453415155410767, 23.606544494628906, 23.477298974990845, 23.460400342941284, 23.30143642425537, 23.327487468719482, 23.15959072113037]","[1144100.6446789054, 636415.4026597006, 317602.6977141478, 126297.1030327022, 46776.08594252769, 37159.27196703318, 37149.149286121035, 37149.28817339283, 37149.19036340139]"
100,3,0.0001,30,183.1441,130.86081,-0.05081510543823242,23.451527463065254,"[23.447781562805176, 23.669742345809937, 23.40595030784607, 23.512656211853027, 23.5084228515625, 23.41991353034973, 23.400541305541992, 23.28100848197937, 23.250011444091797, 23.24265956878662, 24.365468740463257, 24.367031574249268, 23.44992685317993, 23.418106079101562, 23.470806121826172, 23.35348129272461, 23.32974147796631, 23.205402612686157, 23.308374166488647, 23.06851840019226, 23.237481594085693, 23.306135416030884, 23.7390353679657, 23.384324073791504, 23.3848934173584, 23.37182354927063, 23.29200315475464]","[1407495.9414713453, 1263059.1992023438, 1129652.9021728085, 1006417.2099732421, 893310.5903163528, 790273.0532532855, 697224.4207678499, 613838.5557512533, 538913.5369275843, 470153.90845583257, 406552.0562762498, 348066.0033405026, 294675.26620080275, 246386.84586057105, 203204.22118022625, 165113.76994034514, 132037.8741172436, 104055.66210434731, 81079.96590909091, 63087.84044601426, 50064.963605086115, 41832.67792595643, 38020.36533043033, 37197.2530375182, 37149.607743382505, 37148.49722577395, 37148.46231614534]"
100,3,5e-05,30,401.24332,310.08502,-3.0957868099212646,23.382778024673463,"[23.487809658050537, 23.311721801757812, 23.423781394958496, 23.507827520370483, 23.427254915237427, 23.484695434570312, 23.448303699493408, 23.407115936279297, 23.311596155166626, 23.258128881454468, 23.331783533096313, 23.168017864227295, 23.24453830718994, 23.57308554649353, 23.31896162033081, 23.457677841186523, 23.439653158187866, 23.357088565826416, 23.33407425880432, 23.36200976371765, 23.259268522262573, 23.34384298324585, 23.34520673751831, 23.645375967025757, 23.44269371032715, 23.539554595947266, 23.359148263931274, 23.290071725845337, 23.352105140686035, 23.25094723701477]","[1446909.5144289392, 1371213.1317572144, 1299009.4014699906, 1229370.840121596, 1162305.0939489906, 1097795.5248780653, 1035855.4461285734, 976462.9646897439, 919649.7514479745, 865376.6547385178, 813651.566750779, 764470.8084947839, 717830.333728492, 673682.4193114077, 632008.4346971955, 592674.1846336878, 555321.9151537732, 519520.28082661564, 485054.66782532854, 451868.4450108386, 419969.1724105812, 389355.8688820959, 360038.9932427855, 331991.4035445739, 305231.14893180126, 279766.07374720566, 255575.47151046607, 232672.98351976357, 211045.64776749423, 190694.29591180058]"
100,3,1e-05,30,1017.19257,873.3091,-25.451744079589844,23.39860617319743,"[23.461865186691284, 23.32104992866516, 23.460601806640625, 23.891743659973145, 23.538478136062622, 23.500797271728516, 23.472033262252808, 23.338026523590088, 23.325451135635376, 23.236769914627075, 23.213415145874023, 23.34101414680481, 23.35399341583252, 23.439427375793457, 23.505584478378296, 23.42505931854248, 23.401822328567505, 23.38396430015564, 23.267653942108154, 23.286810398101807, 23.168802976608276, 23.371201992034912, 23.45383858680725, 23.348811626434326, 23.537201166152954, 23.434448719024658, 23.305647373199463, 23.55521869659424, 23.17257809638977, 23.44487428665161]","[1480963.8273099852, 1462847.8222124374, 1447489.5658108657, 1432262.1149911936, 1417140.2239703292, 1402120.057952852, 1387203.0696890666, 1372389.2258501558, 1357679.3126439506, 1343072.5174603711, 1328570.5062491533, 1314171.032228018, 1299873.2043591654, 1285679.1197669692, 1271586.0340570384, 1257598.906872375, 1243715.252167728, 1229935.5333118818, 1216256.7252658855, 1202680.30096701, 1189210.8831205121, 1175842.9198025335, 1162577.8755080611, 1149415.141190218, 1136356.5117446822, 1123401.6160835254, 1110543.4966044575, 1097784.0681225443, 1085124.1476849343, 1072566.1869411326]"
100,4,0.05,30,184.06715,130.62227,-0.06416523456573486,25.09758291244507,"[25.006133794784546, 25.11184597015381, 25.11954355239868, 25.189385890960693, 25.061005353927612]","[81371.29793478399, 37186.8651388489, 37194.41295759912, 37196.579311402376, 37192.79373070955]"
100,4,0.01,30,183.69923,131.1846,-0.06020110845565796,24.942429780960083,"[25.06125569343567, 24.95179772377014, 24.922476053237915, 24.851062059402466, 24.925557374954224]","[157240.84492952237, 37162.79018645318, 37164.186103493135, 37164.70409150712, 37164.4721574503]"
100,4,0.005,30,183.94185,130.5964,-0.06218540668487549,25.084389400482177,"[25.064099073410034, 25.47514796257019, 25.108384132385254, 24.877926111221313, 24.896389722824097]","[274623.35376132024, 37155.80752959986, 37156.89566406779, 37158.00643927927, 37157.250474719716]"
100,4,0.001,30,15.6906395,10.421595,0.9913371205329895,24.988485352198282,"[24.890561819076538, 24.838396787643433, 24.926113843917847, 25.10409426689148, 25.011621475219727, 25.17471981048584, 25.10022282600403, 24.976737022399902, 24.98937439918518, 24.938169479370117, 24.93222212791443, 24.915563344955444, 24.921999216079712, 25.200912714004517, 25.151244401931763, 25.11707305908203, 24.951183557510376, 24.949482679367065, 24.96019148826599, 24.83402371406555, 24.983407735824585, 25.17711114883423, 24.975834846496582, 25.232723236083984, 24.940860986709595, 24.93173360824585, 24.812979459762573, 24.960479736328125, 24.815274953842163, 24.94024682044983]","[897218.2624686696, 239813.72157079834, 46759.70400987333, 27407.13466381429, 16413.8858679955, 10203.450241388626, 8519.531461634298, 6793.427051895114, 4618.072028269275, 2304.415000071033, 1709.574660312191, 1357.3829501123225, 1113.3265975964553, 1011.6725261560576, 901.1490764775552, 844.2928457442313, 713.5635676418212, 645.8828056019152, 541.524447851849, 440.668848139793, 442.01647593383626, 390.93355004636595, 374.8186634266834, 357.2731841952638, 329.4106810683077, 301.52825958459715, 319.8132334896388, 315.80966666552, 299.9067505662187, 318.6923387503175]"
100,4,0.0005,30,183.06433,130.9346,-0.049781203269958496,25.018912739223904,"[25.484042644500732, 25.211763381958008, 25.063274145126343, 24.852731466293335, 24.86425232887268, 24.947595834732056, 24.84998083114624, 24.925610065460205, 24.970963954925537]","[1143585.638048706, 635804.5293108996, 317194.6834905501, 126077.91291248222, 46674.332308302146, 37158.63435705909, 37148.79198054443, 37149.16674053842, 37149.55332486388]"
100,4,0.0001,30,183.14197,130.77536,-0.05054420232772827,24.98623891229983,"[25.071892023086548, 25.237996816635132, 24.97864294052124, 24.96383047103882, 24.990203857421875, 24.981192350387573, 24.87876796722412, 24.833723068237305, 25.2479829788208, 25.011834859848022, 25.059814453125, 24.9584858417511, 24.866714477539062, 24.90939497947693, 24.879407167434692, 25.019117832183838, 24.93561363220215, 25.097942113876343, 25.10588836669922, 24.990039587020874, 24.8895103931427, 24.983179569244385, 24.748664617538452, 24.885283946990967, 24.824488639831543, 25.219715118408203, 25.059122562408447]","[1408314.986299282, 1263861.037291695, 1130365.6527486113, 1007060.07018866, 893870.7184409294, 790738.9195485029, 697589.0778349817, 614135.8487205325, 539187.9898811136, 470396.6803024658, 406761.8723623154, 348258.32643993024, 294846.12119589146, 246536.2788070722, 203331.31386329766, 165207.38246955865, 132137.22317542508, 104144.65840026335, 81165.31792990449, 63179.886154590335, 50123.97836188355, 41856.15633494149, 38029.67839935307, 37195.40357130004, 37149.526224295274, 37148.52641296593, 37148.48754204736]"
100,4,5e-05,30,401.32498,310.13077,-3.0970826148986816,24.966260917981465,"[25.232593774795532, 24.935980319976807, 25.166638612747192, 24.855765104293823, 24.870685577392578, 24.938420057296753, 24.927006721496582, 24.91292929649353, 25.312517642974854, 25.151856660842896, 24.933472394943237, 24.84404420852661, 24.925135135650635, 24.892808437347412, 24.845037937164307, 25.047123670578003, 25.010591506958008, 25.072238206863403, 24.963648319244385, 24.888641357421875, 24.897008419036865, 24.791971921920776, 24.929823637008667, 24.86824631690979, 24.90224313735962, 25.10898995399475, 25.209474086761475, 24.953460931777954, 24.78551745414734, 24.81395673751831]","[1446763.9172029535, 1371065.1645779705, 1298886.5026757892, 1229272.4399895, 1162221.2695603578, 1097742.8412139276, 1035806.5746257282, 976439.9324532583, 919650.5085438965, 865384.716230863, 813675.7198042271, 764512.0634653163, 717891.9623357268, 673777.3010855576, 632112.7819443503, 592783.9705155129, 555440.2901664748, 519633.8551559748, 485157.0630800366, 451970.47914832004, 420073.7604406584, 389458.67207187373, 360125.585760737, 332075.8969905839, 305320.3242743192, 279845.32071365666, 255649.7505927381, 232736.3501028824, 211103.41020017612, 190764.17990977678]"
100,4,1e-05,30,1017.27594,873.1813,-25.45286750793457,24.919639690717062,"[24.850735664367676, 24.793121099472046, 24.851545333862305, 25.145121812820435, 24.89374017715454, 25.058369874954224, 24.836310625076294, 24.795143127441406, 24.79243493080139, 24.848913192749023, 24.845113039016724, 24.893486499786377, 25.08995532989502, 25.059749364852905, 25.028955936431885, 24.941319942474365, 24.97396492958069, 24.89602518081665, 24.78257441520691, 24.998408555984497, 25.010658025741577, 24.981945991516113, 25.077462196350098, 24.967838764190674, 24.79727554321289, 24.90188479423523, 24.8230242729187, 24.862339973449707, 24.79270601272583, 24.99906611442566]","[1480849.435171386, 1462988.7945231, 1447640.8839249425, 1432414.8719177619, 1417293.566505216, 1402274.673773879, 1387360.4921927922, 1372547.6482353339, 1357840.157600596, 1343235.1685916542, 1328733.1476595313, 1314334.2654619971, 1300038.0910107032, 1285842.1194960033, 1271756.1632231404, 1257769.1539425552, 1243885.4788138464, 1230105.3446518087, 1216429.4715993768, 1202855.3769306326, 1189385.638463623, 1176018.246257282, 1162756.5374695163, 1149594.4634873325, 1136538.7673248881, 1123586.1567538274, 1110729.7768595042, 1097973.1137295081, 1085315.9101324347, 1072764.22389412]"
100,5,0.05,30,183.15805,130.60648,-0.05027240514755249,22.027533626556398,"[22.24341058731079, 22.14415192604065, 22.022191286087036, 21.85305142402649, 21.874862909317017]","[76459.81999310941, 37193.7406148917, 37202.84335651716, 37197.60145691852, 37203.515731639935]"
100,5,0.01,30,182.28975,131.17075,-0.038604795932769775,21.95775423049927,"[21.91340136528015, 21.8652400970459, 22.014647006988525, 21.991604328155518, 22.003878355026245]","[159543.37752945698, 37162.520629667815, 37162.490577845565, 37166.477744006996, 37165.091802035]"
100,5,0.005,30,183.61151,130.20554,-0.05602985620498657,21.937158727645873,"[21.998241662979126, 21.878077745437622, 21.868300676345825, 21.84081220626831, 22.100361347198486]","[271470.91667213535, 37155.447644818625, 37157.282020691855, 37156.28599349258, 37155.01542243704]"
100,5,0.001,30,183.24416,130.85678,-0.052380919456481934,21.92250336919512,"[22.05115246772766, 22.054794549942017, 22.041085481643677, 21.86953616142273, 21.8025062084198, 21.867588996887207, 21.770859718322754]","[897329.5244377456, 240179.55692085254, 46794.26378936416, 37149.28113449545, 37149.64409595795, 37150.47840078199, 37150.128484585635]"
100,5,0.0005,30,183.36324,130.44148,-0.05292487144470215,21.962256775961983,"[21.975105047225952, 22.23595356941223, 22.106366872787476, 21.88384461402893, 22.040528059005737, 21.8236825466156, 21.820551872253418, 21.78934645652771, 21.98493194580078]","[1144010.9115804092, 636227.0952530145, 317519.55966120784, 126236.96124551212, 46773.26308707534, 37157.84052950036, 37149.085896087716, 37149.505457953695, 37149.10950148608]"
100,5,0.0001,30,183.19395,130.79535,-0.051360130310058594,21.92415181795756,"[22.100247144699097, 22.031237602233887, 21.895893096923828, 21.912306308746338, 21.796642065048218, 21.802127361297607, 21.89463520050049, 22.294761896133423, 22.0319242477417, 21.900073528289795, 21.840068817138672, 21.888816118240356, 21.968866109848022, 21.812016487121582, 21.88965678215027, 21.89889168739319, 21.9661808013916, 21.90493679046631, 21.86981725692749, 21.80828070640564, 21.907586574554443, 21.83115267753601, 22.105198621749878, 21.880980014801025, 21.966611862182617, 21.92627263069153, 21.826916694641113]","[1408055.480608996, 1263672.7789933614, 1130225.9366193605, 1006929.0723987265, 893810.1298350495, 790735.3991244411, 697638.8331526894, 614207.616388362, 539268.7848995732, 470463.64824380167, 406853.6188693944, 348332.9948262431, 294929.9807656483, 246613.99146457118, 203391.48297994852, 165256.28757007013, 132202.76524183716, 104178.75317749966, 81184.15754343923, 63186.3264446933, 50130.91806850994, 41859.77527287122, 38034.38170402681, 37197.17498938893, 37149.56672339135, 37148.473033459006, 37148.506161300975]"
100,5,5e-05,30,401.55185,310.3115,-3.1019630432128906,21.920495065053306,"[21.92419672012329, 21.85670757293701, 21.884952306747437, 21.98400902748108, 22.14540410041809, 22.00901174545288, 21.96205472946167, 21.858840465545654, 21.76142144203186, 21.827650547027588, 21.71415686607361, 21.98089838027954, 22.013519763946533, 21.905404329299927, 21.811413049697876, 21.80968928337097, 21.827617645263672, 21.816128969192505, 21.845117807388306, 22.08222198486328, 22.13339614868164, 21.89733862876892, 21.873080253601074, 21.864876747131348, 21.888232469558716, 21.905925989151, 21.899473667144775, 21.938421487808228, 22.21370553970337, 21.979984283447266]","[1447629.3269374068, 1371985.936983471, 1299770.2012430565, 1230121.6822585016, 1163024.4544099716, 1098496.3825955156, 1036536.2303549654, 977132.2499576616, 920285.1395220837, 865977.5830764802, 814243.9143747459, 765037.9295149709, 718365.4909903808, 674212.5556030687, 632529.5342433274, 593167.7148336946, 555797.2862247663, 519968.33356337214, 485491.3783235673, 452293.2880918913, 420377.051504708, 389751.4864771034, 360413.04831238993, 332356.33173858555, 305577.4461285734, 280082.06233276316, 255886.25007832612, 232957.31143730524, 211315.95089799823, 190957.55190692318]"
100,5,1e-05,30,1017.3508,873.06995,-25.453285217285156,21.915682331720987,"[22.017918348312378, 21.962432622909546, 21.89753532409668, 21.944700241088867, 22.24904227256775, 22.101158142089844, 22.032139539718628, 21.906818389892578, 21.80887269973755, 21.84712505340576, 21.767717838287354, 21.775532007217407, 21.929001331329346, 21.831400632858276, 21.922560930252075, 21.823904514312744, 21.790038585662842, 21.824871301651, 21.817283153533936, 21.94860816001892, 21.976862907409668, 22.07284688949585, 22.026419401168823, 21.893784761428833, 21.8180935382843, 21.78648328781128, 21.84950613975525, 21.830015182495117, 21.93902349472046, 22.078773260116577]","[1480875.1611908956, 1463133.3542541661, 1447786.5357505758, 1432563.0277232083, 1417444.00519916, 1402425.7841586506, 1387513.181919794, 1372701.9287867497, 1357997.6233911393, 1343392.6416474732, 1328891.1497087115, 1314492.9731743666, 1300199.763294269, 1286007.5690285868, 1271919.5012024115, 1257935.797876304, 1244052.5788849748, 1230274.7115905704, 1216599.6538240076, 1203025.6874153232, 1189558.1003929006, 1176191.2589503455, 1162928.1348733234, 1149768.4996528248, 1136713.661775166, 1123759.4091078446, 1110905.8264293456, 1098148.4955544642, 1085493.9100562255, 1072939.6172859368]"
128,2,0.05,30,184.54544,129.89279,-0.06915873289108276,20.559027433395386,"[20.592844009399414, 20.688417434692383, 20.557897567749023, 20.46824550628662, 20.487732648849487]","[72427.6681234176, 37200.91872065417, 37206.16689017833, 37204.94531739538, 37200.56285074748]"
128,2,0.01,30,182.90692,131.7627,-0.0495222806930542,20.668620586395264,"[20.60798144340515, 20.573729991912842, 20.94134759902954, 20.54013991355896, 20.679903984069824]","[132512.6259383256, 37166.52100423067, 37166.56038387202, 37172.22086176183, 37168.18527141055]"
128,2,0.005,30,183.93315,131.10895,-0.06354928016662598,20.560433435440064,"[20.83150863647461, 20.437686920166016, 20.45580506324768, 20.58610248565674, 20.491064071655273]","[222656.47218655798, 37156.048607038974, 37158.66304650983, 37159.83225974525, 37160.26717643908]"
128,2,0.001,30,17.355259,13.554899,0.9906557202339172,20.61174515883128,"[20.558432579040527, 20.448026180267334, 20.364020347595215, 20.53139019012451, 20.952521324157715, 20.58826756477356, 20.607323169708252, 20.59775400161743, 20.57627010345459, 20.506105661392212, 20.637463092803955, 20.43303394317627, 20.542107105255127, 20.59705877304077, 20.587954998016357, 21.064314365386963, 20.890896320343018, 20.65861701965332, 20.57271671295166, 20.7029230594635, 20.579009294509888, 20.52053189277649, 20.524276733398438, 20.47986936569214, 20.455318212509155, 20.732754707336426, 20.485554695129395, 20.690963983535767, 20.7864887714386, 20.68039059638977]","[789003.7962081697, 133360.81959936197, 29196.22079613725, 11944.751891618498, 2856.51703416085, 1648.7327222391255, 1211.1496279408593, 995.4543787304132, 856.6364502347981, 707.8133438259198, 584.3713364548806, 463.094893153291, 394.68467942080093, 343.53958179911626, 308.96799134503954, 279.74248074173784, 267.60079057448246, 239.78141051937033, 242.63696743198048, 214.2896341598546, 206.05721039998792, 192.39844805153223, 187.57277276835424, 181.89023518378198, 174.97607209743515, 171.78957446327928, 173.10279981729187, 170.69161390783404, 164.4567133456836, 174.46278357573632]"
128,2,0.0005,30,8.463935,5.9147515,0.9974006414413452,20.6512064854304,"[20.51709794998169, 20.73798942565918, 20.83067774772644, 20.498254537582397, 20.69249439239502, 20.519054174423218, 20.937560319900513, 20.471941232681274, 20.69421625137329, 20.70243811607361, 20.525744676589966, 20.61226773262024, 20.47211217880249, 20.778768301010132, 20.67806100845337, 20.55998730659485, 20.512046337127686, 20.64299964904785, 21.200680255889893, 20.70245885848999, 20.710419416427612, 20.658895015716553, 20.63345456123352, 20.741610527038574, 20.618780374526978, 20.492537260055542, 20.49409246444702, 20.63927674293518, 20.599753379821777, 20.660524368286133]","[1066239.9464249425, 494311.83117336745, 181542.31461586338, 50861.646832740946, 21329.281552686745, 8535.725928862297, 2547.9890248901133, 901.2253585449, 447.5405210198595, 246.33637069153795, 157.20456869856417, 123.54263354284527, 100.96789414196896, 85.46856981615213, 73.75086416950751, 74.41192565799615, 66.7740793858678, 59.42374717192733, 58.16786270635171, 54.78353167852886, 51.84678105845423, 51.136121984388005, 46.60394426155116, 45.93252872138339, 46.44594661324768, 43.42965123937989, 43.75304192059926, 43.7310730862821, 43.196327015339655, 41.549547667232666]"
128,2,0.0001,30,183.16943,130.80563,-0.0510401725769043,20.76142220063643,"[20.698144912719727, 20.61585307121277, 20.517099380493164, 20.56627058982849, 20.657427549362183, 20.627401113510132, 20.70539879798889, 20.593223810195923, 20.846757173538208, 20.850566625595093, 20.86385989189148, 21.004985332489014, 20.763057947158813, 20.754788160324097, 20.69974970817566, 20.571169137954712, 20.848045349121094, 20.685505867004395, 20.70493197441101, 20.59557867050171, 21.383535861968994, 21.197937488555908]","[1385709.2668337624, 1206112.8227543694, 1044021.3330510771, 898250.704833356, 768640.3218652621, 654910.4673485977, 555870.5645322449, 467898.319947331, 388419.36612162984, 317144.87255918916, 254083.5225494513, 199198.42443859234, 152467.92614483132, 113929.77597357235, 83417.92374847582, 60944.433332839384, 46265.69434691903, 38985.137220328164, 37228.40375335532, 37149.03108792317, 37148.53655050764, 37148.61933472027]"
128,2,5e-05,30,239.29912,197.39497,-0.6174903512001038,20.718071285883585,"[20.698761701583862, 20.55806589126587, 20.421604871749878, 20.50179171562195, 20.52987504005432, 20.514665126800537, 20.428170919418335, 20.497485876083374, 20.524545431137085, 21.131208658218384, 21.108391523361206, 21.220609188079834, 20.98563289642334, 20.687975883483887, 20.852938413619995, 20.562066316604614, 20.71553635597229, 20.406755685806274, 20.6807918548584, 20.954803466796875, 20.745667219161987, 21.023767948150635, 21.192273139953613, 20.7824923992157, 20.622078895568848, 20.720697164535522, 20.685797929763794, 20.49417233467102, 20.685095071792603, 20.60841965675354]","[1434516.0239466196, 1339255.4691268122, 1249489.0155636093, 1163869.4017494242, 1082366.3653637718, 1004994.9641054735, 931743.5683257689, 862606.7166288444, 797578.1157786886, 736622.6641884568, 679732.7531584473, 626768.4662689676, 577487.5267536581, 531166.4089892969, 487074.9734368649, 445090.48444485845, 405176.80028536107, 367331.29905331257, 331570.17165060627, 297855.90684485505, 266224.4722535056, 236676.75049747663, 209167.34876075396, 183732.7773315777, 160368.1860731947, 139059.19146605305, 119820.92168659395, 102621.59584786952, 87468.67798549485, 74372.99968299095]"
128,2,1e-05,30,967.65515,815.074,-22.68365478515625,20.75519439379374,"[20.905651092529297, 20.607579946517944, 20.63498592376709, 20.53953981399536, 20.718031883239746, 20.496381282806396, 20.45208716392517, 20.49110245704651, 20.438963890075684, 22.22242021560669, 21.43683695793152, 21.062095642089844, 20.885990142822266, 21.06174111366272, 20.94972515106201, 20.754688501358032, 20.603204250335693, 20.655702590942383, 20.688868284225464, 20.41083574295044, 20.479687929153442, 20.882821798324585, 20.442575454711914, 20.752896547317505, 20.8554847240448, 20.63266611099243, 20.675780773162842, 20.676100492477417, 20.732346534729004, 20.509039402008057]","[1478728.8742209729, 1455659.6566691506, 1436183.0578512396, 1416972.825311611, 1397940.9178803684, 1379075.468669557, 1360375.3402486113, 1341843.3562694758, 1323474.543845685, 1305273.287427178, 1287239.446111638, 1269371.4326141444, 1251666.338876846, 1234129.0786055413, 1216757.3425687577, 1199552.3174197264, 1182512.0207034955, 1165643.148040577, 1148936.2315404417, 1132394.680539561, 1116022.0072652758, 1099810.2696450346, 1083769.7334880098, 1067893.701581764, 1052182.4392104729, 1036638.9602865465, 1021255.0400098225, 1006031.3920623899, 990969.97015987, 976074.9570349546]"
128,3,0.05,30,183.45537,131.58508,-0.057495951652526855,21.820839834213256,"[21.906058311462402, 21.88159418106079, 21.964574098587036, 21.687892198562622, 21.664080381393433]","[71942.95031147859, 37208.43610031775, 37204.736356835754, 37208.71936880271, 37207.421602843235]"
128,3,0.01,30,183.41599,130.94907,-0.055306077003479004,21.706451606750488,"[21.874465942382812, 21.8805034160614, 21.732482433319092, 21.595874547958374, 21.44893169403076]","[131716.49856763778, 37168.462628788235, 37171.57025534311, 37166.9488938025, 37170.0673445756]"
128,3,0.005,30,182.62086,131.24626,-0.043808043003082275,21.657462501525877,"[21.76766324043274, 21.794697284698486, 21.62637710571289, 21.635257959365845, 21.463316917419434]","[222655.06853018413, 37155.37084157169, 37159.27338047542, 37158.69420759912, 37159.930013109035]"
128,3,0.001,30,130.46371,71.86417,0.5171252489089966,21.729829536543953,"[21.849990129470825, 21.77112102508545, 21.624138355255127, 21.725364446640015, 21.74597716331482, 21.687490701675415, 21.919413566589355, 21.74449586868286, 21.683265447616577, 21.695444345474243, 21.69080352783203, 21.627623319625854, 21.697989463806152, 21.634998559951782, 21.65584421157837, 22.001628398895264, 21.751898050308228, 21.62944507598877]","[790685.0411952988, 133949.95225335745, 35955.830560717026, 22947.461146413723, 13383.601470761208, 9196.522925965686, 8405.179073617479, 8221.035394263128, 8112.511412081623, 8023.095967760902, 8077.610577978039, 7843.445215948518, 7787.56704589943, 7797.146424203977, 7703.812666236248, 7699.881925220332, 7712.035573837638, 7658.07521870614]"
128,3,0.0005,30,8.462498,6.016603,0.9976454973220825,21.75172773996989,"[21.742937326431274, 21.67141842842102, 21.659252166748047, 21.673646688461304, 21.66429591178894, 21.75717043876648, 21.793158292770386, 21.76999068260193, 21.753174304962158, 21.711551904678345, 21.768630266189575, 21.77462410926819, 21.70319104194641, 21.710230112075806, 21.73774480819702, 21.732128620147705, 21.746256351470947, 21.968045711517334, 21.74950647354126, 21.714991092681885, 21.82103204727173, 21.762296676635742, 21.683092832565308, 21.709240913391113, 21.783717155456543, 21.943330764770508, 21.78413963317871, 21.66804265975952, 21.789379358291626, 21.805615425109863]","[1066360.1588114754, 493651.3903476832, 180731.8555327869, 52357.36066420539, 28204.007870781505, 17048.20000123377, 5849.651541775666, 1528.4281050081645, 569.0658500039824, 300.34763047391846, 181.9114368999736, 138.19592925465668, 118.38937353961853, 113.46879452009088, 108.81121037972521, 96.17245104835861, 92.34179981315933, 86.49194719300104, 78.2946428018055, 78.67444684812006, 75.51733960066525, 76.98867032948168, 64.88852697115833, 66.71135177555453, 65.42067711070017, 65.60882918289757, 61.89688609593155, 61.21858738102155, 66.44596869957478, 57.60751612679678]"
128,3,0.0001,30,183.1922,130.74751,-0.05121183395385742,21.711152401837435,"[21.81359601020813, 21.634334802627563, 21.686780214309692, 21.764431715011597, 21.77748203277588, 21.734668493270874, 21.749131441116333, 21.769551277160645, 21.703373908996582, 21.761998653411865, 21.607680559158325, 21.689138889312744, 21.813034534454346, 21.663965463638306, 21.659573316574097, 21.804917097091675, 21.65322709083557, 21.681358098983765, 21.75254225730896, 21.688345432281494, 21.628785371780396, 21.607436180114746]","[1386188.7411766697, 1206389.9707102696, 1043911.7403129657, 897812.59764937, 767980.0021253895, 654125.6433113738, 554982.6933469381, 466835.47540560225, 387230.23070214066, 315872.29911258636, 252758.46446535023, 197904.80370524828, 151277.28580349885, 112818.71052575871, 82502.2973094982, 60227.37380340994, 45830.98748475816, 38828.38904511478, 37220.494706504665, 37149.06399639911, 37148.579887602034, 37148.61218719834]"
128,3,5e-05,30,236.27809,195.2561,-0.58318692445755,21.452130230267844,"[21.71583342552185, 21.786282539367676, 21.912356853485107, 21.719988584518433, 21.53463578224182, 21.453783988952637, 21.4541118144989, 21.44352126121521, 21.384090900421143, 21.402347564697266, 21.366100072860718, 21.544057607650757, 21.4800066947937, 21.425251722335815, 21.33931565284729, 21.36728525161743, 21.33439040184021, 21.374532461166382, 21.446848392486572, 21.380595445632935, 21.345763683319092, 21.408153772354126, 21.327094554901123, 21.351351022720337, 21.409916162490845, 21.366450309753418, 21.32147526741028, 21.366843938827515, 21.368027210235596, 21.433494567871094]","[1433937.7558596397, 1338558.2208542202, 1248386.7871392765, 1162378.1243310526, 1080554.0666745699, 1002894.6672368243, 929393.5719838098, 860056.4769170844, 794847.1808020594, 733758.4739449262, 676770.6806369395, 623758.1263294269, 574425.5220583255, 528018.8874178635, 483868.3135118886, 441840.1653358285, 401910.31515885383, 364061.8192106422, 328307.9067241905, 294647.37187330646, 263072.59386854764, 233581.43756985842, 206177.37530907057, 180867.63682724224, 157628.71725121935, 136481.95719054836, 117407.427209643, 100401.29769001491, 85469.64546322484, 72606.50340506875]"
128,3,1e-05,30,965.767,812.8342,-22.578088760375977,21.479645864168802,"[21.715799570083618, 21.932018995285034, 21.797645807266235, 21.778857469558716, 21.75142741203308, 21.677902936935425, 21.550920963287354, 21.36984896659851, 21.44205355644226, 21.97316837310791, 21.53954815864563, 21.446283102035522, 21.39587163925171, 21.4356791973114, 21.35877776145935, 21.305047273635864, 21.32034993171692, 21.282743215560913, 21.378282070159912, 21.553996801376343, 21.37083625793457, 21.37866735458374, 21.39896273612976, 21.28381323814392, 21.314669370651245, 21.346596002578735, 21.275740385055542, 21.28488564491272, 21.392709970474243, 21.3362717628479]","[1476448.239330714, 1454326.2249864517, 1434833.4184223006, 1415522.0820010838, 1396382.1623594363, 1377409.4192860045, 1358602.280788511, 1339969.5704680937, 1321500.485130741, 1303200.3828918845, 1285069.8305277063, 1267104.7765546674, 1249311.166000542, 1231684.685306869, 1214225.9487958949, 1196935.0298485977, 1179814.8119072618, 1162861.0500355642, 1146075.153891749, 1129458.038697331, 1113009.1026707087, 1096728.3684883486, 1080617.1195383416, 1064673.698364043, 1048897.059002845, 1033290.8933918169, 1017849.056030687, 1002566.6352459016, 987448.488814185, 972498.0340062322]"
128,4,0.05,30,183.7717,129.96861,-0.057672202587127686,22.513331127166747,"[22.81094765663147, 22.542404413223267, 22.39416003227234, 22.431588172912598, 22.387555360794067]","[73720.62204385098, 37202.244484360184, 37203.54995393049, 37202.294941059605, 37200.6430630324]"
128,4,0.01,30,184.05959,131.1972,-0.0657075047492981,22.598658800125122,"[22.49808382987976, 22.562402963638306, 22.515227556228638, 22.793517112731934, 22.624062538146973]","[135280.73620759277, 37168.141040578215, 37165.77630367984, 37169.276845347216, 37163.22751458559]"
128,4,0.005,30,183.89427,129.67862,-0.058657824993133545,22.511348485946655,"[22.581866025924683, 22.57642650604248, 22.47984004020691, 22.504428148269653, 22.41418170928955]","[224056.69465704806, 37159.28923436759, 37160.02634667982, 37157.07844068597, 37158.94349988569]"
128,4,0.001,30,183.18889,130.53323,-0.050546348094940186,22.553969939549763,"[22.361923456192017, 22.672977685928345, 22.488587379455566, 22.560620307922363, 22.599363803863525, 22.640347003936768]","[790579.1090087725, 133888.34451500262, 37402.97169688749, 37139.69314411051, 37150.8571195521, 37151.45199562221]"
128,4,0.0005,30,183.21977,130.90607,-0.052127301692962646,22.470760822296143,"[22.444291830062866, 22.38980507850647, 22.47813367843628, 22.622273206710815, 22.47360324859619, 22.4213228225708, 22.557649850845337, 22.37900686264038]","[1066513.9404298197, 493974.2892096261, 181110.28026457288, 52317.6050585964, 37158.94249448013, 37149.345103771506, 37149.63784111549, 37149.6731173685]"
128,4,0.0001,30,183.1889,130.7752,-0.0512547492980957,22.413480921225116,"[22.510053396224976, 22.433199882507324, 22.34717869758606, 22.364842414855957, 22.348559856414795, 22.35668706893921, 22.634576082229614, 22.6127290725708, 22.440889358520508, 22.336610317230225, 22.409687757492065, 22.37351703643799, 22.336787223815918, 22.35941767692566, 22.412546634674072, 22.499619245529175, 22.413065671920776, 22.46779727935791, 22.36751699447632, 22.43902277946472, 22.27985906600952, 22.35241675376892]","[1386692.4728017885, 1206527.3092653435, 1043673.177533532, 897309.6216383282, 767266.9288206205, 653218.2709532923, 553987.0525674028, 465796.5965062322, 386153.6657676805, 314797.4005406618, 251727.6825146491, 196956.35204621663, 150407.0786828089, 112093.31877243936, 81874.8687931852, 59755.69651702852, 45550.33036496791, 38730.26948388387, 37212.640087698775, 37148.98463829215, 37148.26096552275, 37148.65890382612]"
128,4,5e-05,30,236.47974,195.39856,-0.5855054259300232,22.412460064888002,"[22.595948457717896, 22.621625900268555, 22.584208488464355, 22.51732587814331, 22.42867159843445, 22.35703682899475, 22.2864773273468, 22.330736875534058, 22.39894962310791, 22.524580001831055, 22.522141456604004, 22.52115273475647, 22.38175392150879, 22.346097707748413, 22.306022882461548, 22.24886465072632, 22.31079912185669, 22.281919479370117, 22.58344078063965, 22.378674030303955, 22.29222059249878, 22.339536428451538, 22.364671230316162, 22.27983283996582, 22.3543119430542, 22.318464994430542, 22.443296194076538, 22.47183322906494, 22.52640199661255, 22.456804752349854]","[1434913.4269407939, 1339596.6065235063, 1249370.201090638, 1163308.4296504539, 1081426.1915390869, 1003706.5064439101, 930152.492904078, 860754.3015174096, 795495.787723547, 734353.7782058665, 677281.6637820079, 624233.6892401098, 574868.954964605, 528438.73965672, 484275.1559070587, 442233.26857810596, 402267.6661275572, 364407.96265326516, 328626.22304100054, 294947.0867747426, 263356.54217543354, 233853.97665670302, 206433.7059362722, 181099.87544772896, 157844.6824278553, 136668.41316280823, 117572.98724025369, 100559.48878666508, 85616.44567661056, 72719.3289955841]"
128,4,1e-05,30,965.78784,812.9043,-22.58043670654297,22.445998088518778,"[22.605926990509033, 22.44617009162903, 22.52983570098877, 22.44752597808838, 22.56277632713318, 22.62103772163391, 22.570019245147705, 22.62022829055786, 22.538607358932495, 22.432929754257202, 22.414984464645386, 22.390696048736572, 22.37571144104004, 22.62884831428528, 22.46660852432251, 22.56528615951538, 22.496198415756226, 22.36540937423706, 22.34836769104004, 22.326218128204346, 22.25796604156494, 22.315000534057617, 22.378560304641724, 22.26988649368286, 22.425801515579224, 22.382487058639526, 22.446265935897827, 22.375412940979004, 22.43869185447693, 22.3364839553833]","[1476220.55627625, 1454409.0657939303, 1434916.4059748002, 1415606.9610486384, 1396463.2084405906, 1377487.3112213793, 1358683.1389039427, 1340045.7284412682, 1321575.0194079394, 1303274.85442352, 1285142.4957661564, 1267178.1748577429, 1249381.9372375016, 1231753.6531127219, 1214291.563312898, 1196997.713470397, 1179875.470481642, 1162922.4869851647, 1146134.668244479, 1129516.670954139, 1113067.0139293456, 1096783.44654349, 1080667.8584372036, 1064723.939202005, 1048945.2371291153, 1033337.2177381114, 1017891.3567097954, 1002605.0572923723, 987485.5471988891, 972533.6005961252]"
128,5,0.05,30,184.41705,129.94539,-0.06730705499649048,22.038535118103027,"[22.092615604400635, 22.054439306259155, 22.0194890499115, 22.004586458206177, 22.02154517173767]","[80555.67221979365, 37189.72893199706, 37195.8103870474, 37193.104466652134, 37193.34015678982]"
128,5,0.01,30,183.73112,131.01115,-0.060190558433532715,22.11637063026428,"[22.093127250671387, 22.115304470062256, 22.005374670028687, 22.228447437286377, 22.139599323272705]","[133807.32177807143, 37168.70484367591, 37168.76000774794, 37168.88018434155, 37170.393794031974]"
128,5,0.005,30,183.89404,130.24878,-0.060462355613708496,21.99084792137146,"[22.11908268928528, 22.008696794509888, 22.016438484191895, 21.969388484954834, 21.840633153915405]","[221893.55952890022, 37159.272454454425, 37159.106319355655, 37158.371989075626, 37158.05642218513]"
128,5,0.001,30,183.44841,130.6937,-0.05496615171432495,22.0398401816686,"[21.94887065887451, 22.057010412216187, 22.19442367553711, 22.051658391952515, 22.01663374900818, 21.970444202423096]","[791319.1437770966, 134472.38618316877, 37407.414597816605, 37150.73136989716, 37151.02044060023, 37150.706968271574]"
128,5,0.0005,30,183.1354,130.79337,-0.05045348405838013,21.970121204853058,"[22.050310850143433, 22.053104639053345, 21.978923797607422, 22.074859380722046, 21.926599502563477, 21.90940237045288, 21.90493679046631, 21.86283230781555]","[1066978.3068181819, 494079.9114025877, 181111.28518429922, 52408.34964020267, 37159.65859263862, 37149.23758504733, 37149.69138627155, 37149.572821978516]"
128,5,0.0001,30,183.04784,130.83646,-0.049280643463134766,21.962763331153177,"[22.069917917251587, 22.03207516670227, 22.02524161338806, 22.240102291107178, 21.963581562042236, 21.935712099075317, 21.96511745452881, 21.940243244171143, 21.96407175064087, 21.79160785675049, 21.89345359802246, 21.946592569351196, 21.931607007980347, 21.910208702087402, 22.011406421661377, 21.927597045898438, 21.965728044509888, 21.832703351974487, 21.949992418289185, 22.056309700012207, 21.930889129638672, 21.896634340286255]","[1386396.6181411734, 1206271.227763853, 1043474.3667609403, 897137.8934934291, 767147.2821179379, 653124.6907261888, 553905.3980321095, 465718.44030703837, 386093.4412257824, 314746.6905631859, 251696.43158532042, 196917.89587919996, 150368.88723580816, 112030.86398353882, 81858.55062459779, 59767.14805539561, 45552.987157429125, 38728.473135865104, 37211.793252814445, 37149.20139177026, 37148.57901748101, 37148.278178214125]"
128,5,5e-05,30,236.47955,195.40845,-0.5857145190238953,21.94736290772756,"[21.993844985961914, 21.989696502685547, 21.98999285697937, 21.968193769454956, 21.93440842628479, 22.258342742919922, 21.889734029769897, 21.930954217910767, 21.878337144851685, 21.917885541915894, 21.85623526573181, 21.899185180664062, 21.909692525863647, 21.821218729019165, 21.899055004119873, 21.89515733718872, 21.90868043899536, 21.9788875579834, 21.84575343132019, 21.912116765975952, 22.21860909461975, 21.99507188796997, 21.951912879943848, 21.926390886306763, 22.06005358695984, 21.846274852752686, 21.911349296569824, 21.931980848312378, 21.930447816848755, 21.971423625946045]","[1434672.7355541254, 1339422.9237569435, 1249196.3317470532, 1163155.4296673893, 1081278.8498086303, 1003572.1154992549, 930029.3542711015, 860640.4725646931, 795388.2425060967, 734260.8638649912, 677218.5904941743, 624160.2195544303, 574811.4407092535, 528374.9169065845, 484212.8638353543, 442177.65530161903, 402209.63643984555, 364361.97418625525, 328593.5035881825, 294907.4287761652, 263320.75162579597, 233811.40710100258, 206384.71792863435, 181061.76196801756, 157807.53386651538, 136638.4801506825, 117555.21254953597, 100540.40931106896, 85586.77754750372, 72709.97836082509]"
128,5,1e-05,30,966.4679,813.2826,-22.609973907470703,22.22113316853841,"[21.98868703842163, 22.03186559677124, 21.925403594970703, 22.05331587791443, 21.914366006851196, 21.95475935935974, 21.97762155532837, 22.054627656936646, 22.031303644180298, 21.955265045166016, 21.91203212738037, 21.909693956375122, 22.092971801757812, 22.89194893836975, 22.938107013702393, 22.748260021209717, 22.58643078804016, 22.67768883705139, 22.487168550491333, 22.749641180038452, 23.372432470321655, 22.66909956932068, 22.033780336380005, 21.962769031524658, 21.971707344055176, 21.947187185287476, 21.814632892608643, 21.904536485671997, 21.93942952156067, 22.137261629104614]","[1477536.5014225715, 1455969.0017951496, 1436467.6500812897, 1417148.9646558731, 1397998.0121934698, 1379020.9572043084, 1360203.358725105, 1341557.3090536513, 1323079.9785090096, 1304771.775724834, 1286630.317944723, 1268660.0283836878, 1250857.2925585965, 1233221.9922097276, 1215750.8952123695, 1198451.3351087251, 1181321.4150098225, 1164359.8638565235, 1147568.9117582305, 1130940.561229847, 1114485.0477916272, 1098193.4760195096, 1082070.1992192792, 1066117.3769136972, 1050334.9282194148, 1034716.222107438, 1019265.6715638125, 1003971.7467653435, 988844.580832543, 973886.7781550603]"
