hidden_size,num_layers,learning_rate,num_epochs,rmse,mae,r2,avg_epoch_time,epoch_times,epoch_losses
32,2,0.05,30,6.4354367,6.038987,0.9983711838722229,15.165934874461247,"[15.559227228164673, 14.294479846954346, 14.419830083847046, 15.224236249923706, 14.903059482574463, 14.905016422271729, 15.416887760162354, 15.25908088684082, 15.970581293106079, 14.43144154548645, 14.535170316696167, 16.092238664627075, 16.14590358734131]","[735.8712278942875, 181.48457930858478, 127.27735100484831, 90.26284324361508, 70.62185560251427, 63.3668387828956, 57.65956173070979, 54.97002065663254, 54.15935345939218, 53.140994583675436, 53.2672267319659, 52.99320011196341, 52.839483183544274]"
32,2,0.01,30,2.78996,2.1144655,0.9996974468231201,15.755893921852111,"[16.381183385849, 14.934374809265137, 14.923892736434937, 15.012178182601929, 14.855887174606323, 15.468793630599976, 16.24663519859314, 16.263193130493164, 16.213372230529785, 16.24619460105896, 16.22994041442871, 16.097211599349976, 16.146245002746582, 16.17952847480774, 15.880375862121582, 15.78687834739685, 16.756932258605957, 16.884342193603516, 16.558520793914795, 16.524512767791748, 16.5558340549469, 16.388805389404297, 15.46289873123169, 16.102843523025513, 14.71235966682434, 14.96043086051941, 15.169311046600342, 14.952298641204834, 14.354496717453003, 14.427346229553223]","[1101.9724079373102, 95.62387958878253, 57.569964886948014, 45.092152343111266, 38.31542160840274, 32.01071040862642, 28.184751973890062, 26.02391042511536, 22.62682348099338, 21.204563907091405, 19.720521316664318, 18.881972686969167, 15.409755191476975, 12.930202149228888, 11.186961027911527, 10.590292830963712, 9.71030947224412, 8.884340959043938, 8.099205173852988, 7.756902881723109, 7.478055851550277, 7.429939137682253, 6.9726428451528975, 6.731978979490404, 6.379055882051717, 6.266903601228931, 6.300961296610924, 5.9831003357522095, 7.4017271286437865, 7.050408285948973]"
32,2,0.005,30,2.9814253,2.0354598,0.9996473789215088,14.69260646502177,"[14.436370849609375, 14.378637075424194, 14.516822814941406, 14.740239381790161, 14.69075059890747, 14.767617225646973, 14.772445678710938, 14.659420490264893, 14.52134370803833, 14.611835241317749, 14.70134162902832, 14.68897032737732, 14.822794675827026, 14.82934832572937, 14.700314283370972, 14.92292070388794, 14.660496950149536, 14.358229398727417, 14.232980728149414, 14.655014753341675, 14.603615999221802, 14.31757140159607, 14.244004249572754, 15.277347326278687, 15.448690176010132, 15.398958206176758, 15.479296207427979, 14.922076225280762, 14.195468187332153, 14.223271131515503]","[1607.255527174629, 80.65127730877118, 54.52829075679508, 42.40114612981482, 36.525406870356555, 28.982677463588495, 24.75760455497878, 22.227104316534692, 20.642488531442968, 20.054433185672266, 19.093276359271012, 18.225320510696374, 17.449417201680127, 17.332972281787335, 16.35356911758213, 16.527851194419846, 15.868873265030993, 14.851145838448314, 14.03661633679017, 13.287567769352135, 14.57027337352001, 15.138507385490112, 14.697201143250716, 13.927497414278282, 13.952869729801817, 13.388624402259245, 13.565480524503247, 12.835389120252112, 12.749301530778668, 12.371106878801465]"
32,2,0.001,30,5.5642405,4.766835,0.9991101026535034,14.172363344828288,"[14.147794008255005, 14.17912769317627, 14.221901178359985, 14.135758876800537, 14.151456117630005, 14.123844146728516, 14.21050763130188, 14.117453336715698, 14.196840047836304, 14.128747940063477, 14.170731782913208, 14.196707725524902, 14.165720224380493, 14.186563730239868, 14.173055171966553, 14.21996784210205, 14.185198307037354, 14.180561542510986, 14.15557050704956, 14.219565391540527, 14.121102809906006, 14.180311441421509, 14.194579124450684, 14.233746528625488, 14.17894172668457, 14.126628160476685, 14.14462661743164, 14.155340671539307, 14.199025392532349, 14.169524669647217]","[7150.052571505438, 116.75330586803011, 59.88370576051906, 42.38132521913562, 32.71844193560588, 26.580507807498677, 22.452374276099118, 19.655216603918106, 17.35811088123566, 15.454332649772864, 14.250311631188772, 13.46952501513617, 12.704624096200066, 12.166491369151522, 11.705540824844197, 11.065517671991904, 10.717736272930319, 10.275002032664796, 10.010216649402112, 9.669003198167317, 9.348428960564226, 9.08090680055971, 8.876692394965927, 8.633794023480478, 8.302744535224992, 8.205845432754558, 8.046844765507336, 7.791370175689393, 7.68116823295904, 7.479092981406044]"
32,2,0.0005,30,2.2650409,1.250515,0.9998197555541992,14.211707083384196,"[14.153048276901245, 14.213802576065063, 14.232289552688599, 14.192545175552368, 14.17456841468811, 14.212828397750854, 14.221648454666138, 14.18746542930603, 14.2224440574646, 14.168989658355713, 14.23496389389038, 14.251122951507568, 14.239846229553223, 14.199056148529053, 14.201653957366943, 14.23850703239441, 14.188681840896606, 14.214405298233032, 14.17256784439087, 14.229139804840088, 14.218660116195679, 14.235416650772095, 14.229334592819214, 14.17293643951416, 14.263689994812012, 14.151912689208984, 14.24485969543457, 14.239599466323853, 14.248326778411865, 14.196901082992554]","[11252.877976078655, 143.29035763032573, 86.43071344260565, 63.73818874463244, 55.082938132848284, 46.91322967123777, 37.66207170571042, 32.42900106128647, 28.386824274752858, 25.15062007615465, 22.371791878544347, 20.148495214474774, 18.38125885543149, 16.861764508531344, 15.362182607947478, 14.215933443563603, 13.068680173461225, 12.079106631090937, 11.333342400294073, 10.58697934344606, 10.064241876638613, 9.566575712308808, 9.225263704492926, 8.837374740390018, 8.566583356742775, 8.326327171119734, 8.096247985235143, 7.902407014319535, 7.733637700369785, 7.535629280806239]"
32,2,0.0001,30,3.1725988,1.8329978,0.9996549487113953,14.194937292734782,"[14.24993109703064, 14.188002109527588, 14.228999614715576, 14.182912111282349, 14.219931602478027, 14.173089027404785, 14.239055156707764, 14.149641275405884, 14.200001955032349, 14.20139193534851, 14.22352409362793, 14.237207174301147, 14.16380786895752, 14.192817687988281, 14.144216775894165, 14.24723768234253, 14.156193256378174, 14.1844482421875, 14.161834239959717, 14.267102241516113, 14.193169593811035, 14.182948350906372, 14.219246864318848, 14.212916612625122, 14.153647422790527, 14.149569988250732, 14.25757384300232, 14.148991107940674, 14.174896001815796, 14.143813848495483]","[83948.80579322758, 219.85605549395865, 191.343553713836, 170.87251447733314, 151.75250211214916, 124.0416261059228, 108.27537716502185, 96.98366234526364, 85.42646705635771, 72.65620839777992, 54.84409264732136, 38.74958676262454, 34.063355831144676, 31.194821087066003, 29.207120279232488, 27.58570801587084, 26.189617754525493, 24.84719517579766, 23.551338341916754, 22.075332330889577, 20.90178898848821, 19.92881386167488, 19.0663643703434, 18.28349055073277, 17.606254390786567, 16.952983934318393, 16.417655763017038, 15.919686235019766, 15.214052421459725, 14.638661780065194]"
32,2,5e-05,30,6.21968,3.4902754,0.9987026453018188,14.178460741043091,"[14.1820650100708, 14.122429847717285, 14.205613613128662, 14.18060827255249, 14.205667495727539, 14.165148496627808, 14.232377290725708, 14.136613130569458, 14.203656196594238, 14.170242309570312, 14.21140193939209, 14.233652353286743, 14.141531229019165, 14.190596580505371, 14.19871735572815, 14.213542699813843, 14.140745401382446, 14.183793306350708, 14.110430002212524, 14.185218095779419, 14.146197319030762, 14.179064750671387, 14.14950942993164, 14.269301176071167, 14.17677092552185, 14.183832168579102, 14.13993787765503, 14.173474788665771, 14.190563440322876, 14.131119728088379]","[51985.10241279019, 245.56606163351296, 209.17939868790614, 183.7360489445222, 163.43646010665393, 150.06269555477076, 139.83520061298228, 130.3510047402965, 122.04979774889468, 114.27515760988128, 107.09491013986054, 100.59355785271487, 94.76602955709117, 89.91929200643014, 85.66619846416744, 81.7594990168076, 78.09482466159429, 74.85996779643293, 71.79138810997706, 68.99782982872043, 66.43823873001155, 63.926449251226984, 61.5410710600526, 59.16095157462176, 56.85702955202244, 54.48311942666118, 52.19462343386687, 50.1023213044785, 48.0391041115089, 45.921819521382645]"
32,2,1e-05,30,9.282519,5.935177,0.9972231388092041,14.184799138704935,"[14.179606676101685, 14.19214677810669, 14.202204465866089, 14.15657353401184, 14.214564323425293, 14.175382614135742, 14.24988341331482, 14.24246335029602, 14.209445714950562, 14.183779239654541, 14.218698501586914, 14.17040491104126, 14.189152956008911, 13.959385871887207, 14.18679928779602, 14.209010601043701, 14.166905403137207, 14.15001893043518, 14.166003227233887, 14.213055610656738, 14.175277709960938, 14.168673276901245, 14.165174007415771, 14.213013172149658, 14.142783164978027, 14.190203666687012, 14.189239740371704, 14.190561771392822, 14.211592435836792, 14.261969804763794]","[487028.5311060743, 13267.641999473739, 1273.3113617678396, 229.99594927328644, 219.1665785013328, 212.8189131898651, 208.48281833308232, 204.8573655375487, 201.76003515954622, 198.79525763212854, 195.8853814522512, 192.98156159933998, 190.0334140476181, 186.67311041284856, 182.71113301078304, 178.8645378491764, 175.25310715421318, 171.96665135143104, 168.74218379279932, 163.43837777209595, 155.84124203397198, 148.69274627876072, 141.71504202982874, 135.3026381275214, 131.0700281142668, 127.54621661438172, 124.37298377853814, 121.50653895254219, 118.57894641889756, 115.96995593457764]"
32,3,0.05,30,105.498886,81.752014,0.5814398527145386,16.737130784988402,"[16.710859537124634, 16.744974851608276, 16.689913988113403, 16.74595355987549, 16.77377724647522, 16.761775493621826, 16.708000421524048, 16.76179313659668, 16.730772972106934, 16.743486642837524]","[1525.5432838534684, 257.6679059035393, 195.46569031581086, 200.87206453084946, 2818.1893670250497, 11645.939538002014, 9972.859471658432, 9971.519446618693, 9959.923827916775, 9959.39221724881]"
32,3,0.01,30,6.3563857,4.764493,0.998195230960846,16.75086190700531,"[16.726871490478516, 16.90210771560669, 16.75440287590027, 16.754115104675293, 16.702925205230713, 16.712659120559692, 16.8154616355896, 16.755653142929077, 16.735893726348877, 16.865386962890625, 16.801521062850952, 16.75836944580078, 16.746618032455444, 16.795523643493652, 16.758305311203003, 16.722129821777344, 16.723207712173462, 16.739190340042114, 16.780274152755737, 16.716110229492188, 16.825451612472534, 16.710045337677002, 16.680607557296753, 16.716692447662354, 16.743128776550293, 16.72282361984253, 16.706358909606934, 16.70817756652832, 16.745177030563354, 16.7006676197052]","[767.9004015201565, 105.68526162961945, 64.90090441931544, 55.93189476973755, 44.615974460903345, 31.429752352488872, 23.430231479578143, 20.817665927794327, 21.014393319550692, 22.66781408616289, 16.70131910263711, 14.735596473210828, 15.883418411683438, 12.537187173799916, 21.82931526682002, 10.920798435872298, 17.65159217420331, 10.755672958866574, 12.045890621987363, 10.875717280485452, 15.443146936815053, 9.665888672377346, 9.400353336178059, 17.635083969975273, 8.14376687496803, 12.399766557361914, 12.525791917244323, 10.060938128941249, 12.832651481748147, 9.201010358808603]"
32,3,0.005,30,2.498722,1.9294409,0.9998079538345337,16.7479558467865,"[16.703608512878418, 16.75524139404297, 16.726073503494263, 16.750262022018433, 16.726301670074463, 16.802302360534668, 16.721656799316406, 16.763468742370605, 16.73190188407898, 16.799021005630493, 16.775485038757324, 16.735803365707397, 16.844846725463867, 16.746273517608643, 16.72625994682312, 16.711443185806274, 16.80647563934326, 16.737122058868408, 16.748794317245483, 16.750375509262085, 16.76460099220276, 16.755556106567383, 16.720014810562134, 16.784924030303955, 16.716092109680176, 16.692543029785156, 16.711923837661743, 16.79640030860901, 16.703112840652466, 16.73079013824463]","[1236.457306482516, 64.74041850308534, 40.5468871321155, 29.52217719193109, 24.749106056370067, 20.11631477041796, 16.709014774857327, 14.346677514525155, 12.878835933827938, 12.571593997032101, 12.379845785074684, 11.804742979406335, 11.56600984990369, 10.55967597408814, 10.203500862074732, 9.74679084028642, 9.2408033571812, 8.71927922970603, 9.180645808374193, 7.779265765539944, 7.7224500870421595, 7.7505007975909646, 9.358327703355247, 13.238090773450626, 8.584299502219174, 7.557828573786601, 7.211579169606278, 6.780532411088166, 6.577193852139873, 6.480139868451876]"
32,3,0.001,30,2.5377214,2.1716924,0.9997936487197876,16.730300267537434,"[16.77048945426941, 16.68881916999817, 16.705701112747192, 16.70068097114563, 16.800297260284424, 16.74892830848694, 16.714683294296265, 16.65259861946106, 16.70079731941223, 16.7265887260437, 16.728652715682983, 16.83904457092285, 16.759178638458252, 16.708168506622314, 16.71291470527649, 16.778839588165283, 16.737709760665894, 16.717911958694458, 16.779887437820435, 16.709046602249146, 16.704569339752197, 16.696245193481445, 16.738528728485107, 16.71381115913391, 16.732271909713745, 16.68464684486389, 16.76467776298523, 16.72846508026123, 16.70385456085205, 16.760998725891113]","[3398.0855136779196, 69.23198917169758, 37.805903876973034, 25.36630595029702, 18.56377908144976, 15.196646435780035, 12.975404941773766, 11.425992880268714, 10.71159682249626, 9.707363832343418, 9.0045972597342, 8.555029973704936, 7.88203899709581, 7.60140732874256, 7.26510337836162, 6.93654828260787, 6.613229858058639, 6.469658006763484, 6.264284733625934, 6.162464108204217, 6.006817236009937, 5.9016776256157515, 5.614504832408379, 5.54066640941841, 5.402230421365869, 5.236676441159864, 5.120364240574037, 5.003573128807167, 5.009377445858867, 4.912436743588167]"
32,3,0.0005,30,1.7099553,0.9529691,0.9998977184295654,16.739665428797405,"[16.691654443740845, 16.69466257095337, 16.686003923416138, 16.770646333694458, 16.734055042266846, 16.80561399459839, 16.812983989715576, 16.720658779144287, 16.715306043624878, 16.69609761238098, 16.869298696517944, 16.71890616416931, 16.748868465423584, 16.70286512374878, 16.792243242263794, 16.73700761795044, 16.723110675811768, 16.769635677337646, 16.75107717514038, 16.740658283233643, 16.72536873817444, 16.799493074417114, 16.703354835510254, 16.731709241867065, 16.716922283172607, 16.751145124435425, 16.705650806427002, 16.70362162590027, 16.76449966430664, 16.706843614578247]","[7151.851914947633, 74.10682092210091, 44.36984744921782, 29.373910437049304, 21.226602995890197, 16.597822894500855, 13.828040566807816, 12.238799035337685, 11.268773143061773, 10.264344949698215, 9.555985574329915, 8.974837101337105, 8.395613978661629, 8.051585605449356, 7.733884834590893, 7.281193460228011, 7.032162422485096, 6.803560685610407, 6.481530557946286, 6.312590847670316, 6.076122619504491, 5.910943378568281, 5.724074375181251, 5.503832200151669, 5.407758931783903, 5.251212573923398, 4.993410853095613, 4.9057197894567555, 4.723631106138099, 4.652094860532723]"
32,3,0.0001,30,2.8371024,2.2839277,0.9997372627258301,16.717569907506306,"[16.73143482208252, 16.6869854927063, 16.711309671401978, 16.762505531311035, 16.681824922561646, 16.715724229812622, 16.751471519470215, 16.682451248168945, 16.704013109207153, 16.728502988815308, 16.707329750061035, 16.715710878372192, 16.71344518661499, 16.730010986328125, 16.724703311920166, 16.67834758758545, 16.715510368347168, 16.7261164188385, 16.708503484725952, 16.67536759376526, 16.745124578475952, 16.706799268722534, 16.683302402496338, 16.69882297515869, 16.798194885253906, 16.738035440444946, 16.70503520965576, 16.75601291656494, 16.701430082321167, 16.743070363998413]","[35662.89131020055, 148.83079675347523, 92.52793923872787, 63.111753347594146, 47.14933120924573, 36.21989116287388, 28.28768067449071, 22.783628665659105, 18.915554480619047, 16.095430000298798, 14.236966226493948, 12.779862194488793, 11.46826177400305, 10.518136031811805, 9.659998003995314, 9.111334122766184, 8.479328788491577, 8.03509321159736, 7.673185929916311, 7.3076825662633995, 6.918989875748363, 6.685753884168106, 6.433284598602975, 6.253670340713, 6.018896636671049, 5.890773398390927, 5.751401321360573, 5.572347814672704, 5.4772447968444755, 5.352338134298939]"
32,3,5e-05,30,2.164537,1.3949478,0.9998214840888977,16.719380776087444,"[16.742067337036133, 16.719539165496826, 16.671189785003662, 16.71297788619995, 16.717495441436768, 16.73794960975647, 16.723918437957764, 16.660629272460938, 16.730724096298218, 16.704204082489014, 16.714103937149048, 16.697301864624023, 16.763904571533203, 16.702264308929443, 16.745352268218994, 16.698086738586426, 16.709105253219604, 16.70517063140869, 16.69722628593445, 16.703514337539673, 16.718282222747803, 16.695915460586548, 16.732527017593384, 16.752816915512085, 16.726396322250366, 16.77218222618103, 16.76377010345459, 16.73027276992798, 16.663814783096313, 16.768720149993896]","[40452.42884924318, 197.19471328240294, 136.38422985758845, 98.61250446821404, 72.48000483917617, 55.26936347984331, 42.365224535093034, 34.33953920657458, 28.57202787194645, 23.656140187291598, 19.70771157316961, 16.312439058089883, 13.795211783663154, 11.908390175697585, 10.526761500913178, 9.250823943847262, 8.384737769524083, 7.760188979222785, 7.261547085345117, 6.875053832104112, 6.541462986652768, 6.2503647372517, 5.9814064109608465, 5.728425603856101, 5.558313581730569, 5.3662921919235265, 5.194728580205885, 5.0523281934179005, 4.92814249743801, 4.834350711564375]"
32,3,1e-05,30,5.758195,3.6286998,0.9988307952880859,16.72664864063263,"[16.70251703262329, 16.704527616500854, 16.75755524635315, 16.721948385238647, 16.82856059074402, 16.699718952178955, 16.705293655395508, 16.72897171974182, 16.711464166641235, 16.718417644500732, 16.70944046974182, 16.73675298690796, 16.733866453170776, 16.71267557144165, 16.735841035842896, 16.760215997695923, 16.706836938858032, 16.727116107940674, 16.75261163711548, 16.694384813308716, 16.771887063980103, 16.695891618728638, 16.72092080116272, 16.78513216972351, 16.696973085403442, 16.707202434539795, 16.732637882232666, 16.70640468597412, 16.686522006988525, 16.747170448303223]","[352685.4347907987, 1273.0214958906695, 249.8603271488019, 198.0763153769564, 167.80108449917174, 143.08041015521147, 122.51962710546094, 110.73726180937614, 102.48469773299308, 95.92351732998436, 90.35495981847355, 85.06778697402717, 78.713711902548, 73.45330693055449, 68.70047470849154, 64.47049965097784, 60.63581911751016, 57.20931365404392, 54.027818465499635, 51.212836461003434, 48.58555802788715, 46.19669210325162, 43.93934205223249, 41.819886149521345, 39.87067949394472, 38.021499325614826, 36.272039828016766, 34.502041275682146, 32.79481206154329, 31.293732990571765]"
32,4,0.05,30,181.92268,129.50693,-0.0751720666885376,18.791427969932556,"[18.794020652770996, 18.776378870010376, 18.817254304885864, 18.759875535964966, 18.77875781059265, 18.804574966430664, 18.81543207168579, 18.773404836654663, 18.771481037139893, 18.78519105911255, 18.77066445350647, 18.779480934143066, 18.796761751174927, 18.760590076446533, 18.78874969482422, 18.762176275253296, 18.796321392059326, 18.798086166381836, 18.758408069610596, 18.95432186126709, 18.78015160560608, 18.760389804840088, 18.80488634109497, 18.775789976119995, 18.773237943649292, 18.840739727020264]","[15509.108700308738, 20409.499948526573, 19556.91016144732, 18668.724135486318, 17791.04605872142, 16932.74826461259, 16064.654820121532, 15240.370072777094, 14454.385771155878, 13717.288693323926, 13044.404623039945, 12487.479534882124, 11900.643126008812, 11539.373251877498, 11128.424004467293, 10850.408174156622, 10629.61202380751, 10487.98308316693, 10336.279619108642, 10286.02609920918, 10489.203569228992, 27280.452543708434, 36012.130599375894, 36268.64447128096, 36236.29573292295, 36209.551284723406]"
32,4,0.01,30,3.9943068,3.3162367,0.9993115067481995,18.80283767382304,"[18.781923532485962, 18.864672422409058, 18.82800316810608, 18.756036281585693, 18.835098266601562, 18.81050753593445, 18.763876914978027, 18.79944157600403, 18.795310497283936, 18.809900283813477, 18.76681876182556, 18.809913396835327, 18.819955825805664, 18.78234028816223, 18.810129642486572, 18.878314971923828, 18.79030966758728, 18.80789089202881, 18.79465937614441, 18.77746844291687, 18.777923345565796, 18.78489875793457, 18.84159779548645, 18.791343927383423, 18.765443086624146, 18.803693771362305, 18.78702163696289, 18.875540494918823, 18.78034472465515, 18.794750928878784]","[1317.4748793973151, 116.95635182924536, 80.01098384470659, 54.98163400497694, 71.49111921865672, 30.691152324574677, 35.294475553467805, 36.76052482123588, 32.950992881470896, 24.847293269617165, 29.963942497265098, 21.872879173134873, 27.604693055909337, 23.693193511736446, 26.050575408100364, 21.609417914872477, 22.258036919540064, 26.43126655567649, 24.221285823757015, 44.096813917713135, 24.829735196638836, 38.01328211713696, 22.71384520582269, 24.533297308871123, 34.117487910541186, 29.507870646104152, 22.79751721693927, 38.44598106296904, 19.636542958894736, 27.898738551799486]"
32,4,0.005,30,1.5155634,0.8241996,0.9999078512191772,18.778416220347086,"[18.79198431968689, 18.826825857162476, 18.75655722618103, 18.737403631210327, 18.770431518554688, 18.758683443069458, 18.748927354812622, 18.765644073486328, 18.819589614868164, 18.870123147964478, 18.825512170791626, 18.809455156326294, 18.76142120361328, 18.769535064697266, 18.82537317276001, 18.78144860267639, 18.773719549179077, 18.783924102783203, 18.76964044570923, 18.756550550460815, 18.72653341293335, 18.7645320892334, 18.728347539901733, 18.80370545387268, 18.780651330947876, 18.762728452682495, 18.754247426986694, 18.7834529876709, 18.800782680511475, 18.744755029678345]","[1467.6418290699803, 94.93177177929462, 55.79423329422828, 38.81221919908599, 29.566322629547404, 23.924815476778488, 20.267764565368147, 17.977847612198588, 16.729277351594583, 14.764236897913388, 22.186786062917854, 12.284673182017222, 11.525875116344622, 10.333997951421935, 13.968682037438693, 12.276419612617683, 10.825712739245958, 9.455244022063651, 14.872445409348861, 10.119739524597163, 8.412510783602707, 8.726371169652522, 8.226249479037998, 8.23952061445432, 7.869236591087011, 7.942393692832554, 7.765677123704689, 7.55707879550755, 7.144458660851822, 7.3213423678984935]"
32,4,0.001,30,3.388027,2.990247,0.9996514916419983,18.78768170674642,"[18.807063579559326, 18.698132514953613, 18.735140800476074, 18.856982707977295, 18.749732971191406, 18.722111463546753, 18.780255556106567, 18.719285249710083, 18.73620581626892, 18.758556604385376, 18.7545382976532, 18.700748920440674, 18.777456283569336, 18.837044715881348, 18.813873052597046, 18.793810844421387, 18.8151752948761, 18.812194347381592, 18.82404136657715, 18.793821811676025, 18.86626958847046, 18.826789140701294, 18.7746319770813, 18.804712295532227, 18.799365520477295, 18.786707401275635, 18.835176944732666, 18.80601215362549, 18.792710542678833, 18.851903438568115]","[3571.430531882628, 35.31370893390809, 24.604914300859495, 19.714968034794236, 16.60535505601087, 14.304163522684874, 12.844945926512043, 12.000256576937295, 11.147757213090966, 10.37389304210314, 9.525810533150315, 9.100142462057057, 8.273327634169611, 8.280439596045682, 7.721066194732865, 7.340218214354758, 6.9721753927818035, 6.865634381177319, 6.612646975225106, 6.300638896482285, 6.174691809853742, 5.917724043078005, 5.743292545013162, 5.539313363370905, 5.5190257662459885, 5.288658759060548, 5.239422673607595, 5.055450027076503, 5.743099468333167, 5.15475430032523]"
32,4,0.0005,30,1.7233422,1.162286,0.9998839497566223,18.860315346717833,"[18.760992288589478, 18.792351722717285, 18.813605785369873, 18.814035415649414, 18.80609369277954, 18.808403968811035, 18.870766639709473, 18.807079553604126, 18.803325176239014, 18.804795742034912, 19.63165020942688, 19.23593020439148, 18.941699028015137, 18.788081884384155, 18.800934553146362, 18.81452751159668, 18.85063886642456, 18.814552545547485, 18.77170419692993, 18.805979251861572, 18.822612524032593, 18.868597984313965, 18.82675337791443, 18.81667971611023, 18.808895587921143, 18.8472957611084, 18.807936668395996, 18.81062340736389, 18.828116416931152, 18.834800720214844]","[6087.456390844227, 22.74430905877893, 17.10152167675602, 14.277705853748008, 12.569573284903598, 11.152838119708294, 10.564207022464691, 9.658956178874753, 9.079322244809314, 8.449431388805657, 7.993531410334282, 7.375112351233457, 7.346406213565034, 6.840613486753639, 6.734466826535078, 6.4646209954003515, 6.212263879065268, 5.908161378184976, 5.717149436538917, 5.567228390021843, 5.381164378897331, 5.37382283720989, 5.177294294219708, 5.062021328522682, 4.936173821754721, 4.904063266409179, 4.957272124415727, 4.626332776267163, 4.729381045365226, 4.536384700036986]"
32,4,0.0001,30,2.840527,2.0962179,0.9996557235717773,18.81339600880941,"[18.82045602798462, 18.803096055984497, 18.853351593017578, 18.78952121734619, 18.78900694847107, 18.867022037506104, 18.766021013259888, 18.771175384521484, 18.78743886947632, 18.784655809402466, 18.788862943649292, 18.90547013282776, 18.822104930877686, 18.833120107650757, 18.789233207702637, 18.853402137756348, 18.794923543930054, 18.791152477264404, 18.845365047454834, 18.81867003440857, 18.803625106811523, 18.85832691192627, 18.87457776069641, 18.818028450012207, 18.80258822441101, 18.81189727783203, 18.75612163543701, 18.78041124343872, 18.81702160835266, 18.805232524871826]","[16971.48585524387, 111.11217432940892, 65.24746710816845, 41.29496984867029, 27.5071575923713, 18.410230191172342, 13.356580750032544, 10.72915047672313, 9.351669310921535, 8.517783966029315, 7.87219519116082, 7.388883166739058, 7.026147403774629, 6.704899089419035, 6.463671002911168, 6.223928948254304, 6.047827626932331, 5.893141552610689, 5.772999791965279, 5.5793153916294465, 5.46831470479839, 5.301142461036686, 5.176831678105071, 5.063396949304764, 4.975801730146184, 4.811142796447183, 4.669917002230817, 4.654648886379424, 4.523665818690798, 4.433851320227388]"
32,4,5e-05,30,2.8659182,2.3593113,0.9996767044067383,18.804297598203025,"[18.79601812362671, 18.838051557540894, 18.77292537689209, 18.812078714370728, 18.815638780593872, 18.741529941558838, 18.77425503730774, 18.83736300468445, 18.85481333732605, 18.78208899497986, 18.815003395080566, 18.833570957183838, 18.819015979766846, 18.778793334960938, 18.814433336257935, 18.76186490058899, 18.760725498199463, 18.8292076587677, 18.784224033355713, 18.78542971611023, 18.828638315200806, 18.81686568260193, 18.787805795669556, 18.81307363510132, 18.80400514602661, 18.810054302215576, 18.800878763198853, 18.83250117301941, 18.811043977737427, 18.81702947616577]","[56194.49627373, 174.31469502698582, 124.26990383687759, 86.90686414556733, 58.18822016902105, 37.96838246344479, 25.71407955032509, 18.49075907075119, 13.57558536682457, 10.991887896342048, 9.651556848731364, 8.524105707110277, 7.805382038560171, 7.357984882295457, 7.052150418933107, 6.83066112267496, 6.60771142878045, 6.402807545128348, 6.302785488118023, 6.126682078823707, 5.999196875417467, 5.906152903496829, 5.747384646468222, 5.719963206344296, 5.5904614222663005, 5.451577772618186, 5.384772632173446, 5.254579467463051, 5.175724323082504, 5.111429658169374]"
32,4,1e-05,30,4.14607,2.5280843,0.999391496181488,19.506474630037943,"[18.83237099647522, 18.816112518310547, 18.799675703048706, 18.847394227981567, 18.773700952529907, 18.815279960632324, 18.848514080047607, 18.80069875717163, 18.793176651000977, 18.853475332260132, 18.838331699371338, 18.82507300376892, 18.790096044540405, 18.823359489440918, 18.803887844085693, 20.30979061126709, 19.675270080566406, 20.62463641166687, 20.521532773971558, 20.078378915786743, 20.091930627822876, 20.407878160476685, 20.360803604125977, 20.08958911895752, 20.333078384399414, 20.404959678649902, 20.05998420715332, 19.50005269050598, 19.800788164138794, 20.674418210983276]","[171747.22979790467, 421.9593115514022, 216.90210319814724, 176.04865845790596, 147.6033789093838, 123.63972964251666, 104.64241647967606, 89.07279436270743, 77.58695549664279, 68.72491289382418, 62.14904871133998, 56.997971447013875, 52.87942705700361, 49.272115276304916, 45.789614678275115, 42.55780546689268, 39.354111628631316, 36.43288062799185, 33.54957279234344, 30.97647822205807, 28.675726600804705, 26.518580056889608, 24.612293013253588, 22.728088358002328, 21.166550029638554, 19.785516630500293, 18.556823663185778, 17.476204407332247, 16.466361670645043, 15.493834122706318]"
32,5,0.05,30,179.53049,130.1215,-0.03993356227874756,21.821287441253663,"[22.11838436126709, 22.234859228134155, 22.049684047698975, 21.422154664993286, 21.281354904174805]","[47776.178817030646, 36319.80097608275, 36288.08461858091, 36242.56384783749, 36242.93966061788]"
32,5,0.01,30,7.5644155,7.298031,0.9978373050689697,21.754006934165954,"[21.55057954788208, 21.368234872817993, 21.222456455230713, 21.365018367767334, 22.1539523601532, 21.379526376724243, 22.386008501052856, 21.90656089782715, 21.30202865600586, 21.89395523071289, 21.314414024353027, 21.586560249328613, 21.484290599822998, 21.268301963806152, 21.250256299972534, 21.29502844810486, 21.573310136795044, 21.01728391647339, 21.41797661781311, 21.400885105133057, 21.24194025993347, 21.197657823562622, 21.045716047286987, 23.402667760849, 23.465338230133057, 24.74105715751648, 21.93540620803833, 21.80086636543274, 21.258668661117554, 22.3942608833313]","[2087.0333509182306, 184.98905970000024, 100.42584596232686, 95.1583411893665, 70.99363046412775, 55.371861337444145, 59.4228420968139, 42.70545354967034, 41.223860506651576, 33.371325489922576, 37.23599500043163, 26.216314232871586, 42.303119853464274, 31.62324945274822, 57.33431215446003, 52.45000290490004, 42.003739106228906, 35.0130485578981, 32.95259476274935, 30.640099823881574, 31.95974141695256, 30.71117745670917, 28.063529259235473, 29.34027896455477, 27.31639953983305, 26.609869486957333, 28.009919343996128, 25.704784982719797, 27.565162117450647, 25.14653767348881]"
32,5,0.005,30,6.1006713,5.215734,0.9983868598937988,21.44472583134969,"[21.23565649986267, 21.696528911590576, 21.271899700164795, 21.228682041168213, 21.562923908233643, 21.37555980682373, 21.693004369735718, 21.30823254585266, 21.48430347442627, 21.384313583374023, 21.567989826202393, 21.344865560531616, 21.378024339675903, 21.422487258911133, 21.840458154678345, 21.433300971984863, 21.668472290039062, 21.351402759552002, 21.384066820144653, 21.253740787506104, 21.176143646240234, 21.533405542373657, 21.37843418121338, 21.53658413887024, 21.345198154449463, 21.519299268722534, 21.351794719696045, 21.521475791931152, 21.6760892868042, 21.417436599731445]","[1690.8898510500853, 127.02030044937239, 85.68941772504665, 62.81316180048942, 52.541368131651886, 44.08837863897262, 39.70200103871101, 38.784267781505676, 31.66822711521491, 28.456085891946824, 25.664345815769646, 24.714770253536223, 23.867073566136337, 23.331853623343346, 23.91871839448582, 21.455475548965506, 20.885359498594916, 29.99535488773251, 22.4443673425106, 20.70820019197321, 20.168112878577872, 20.072593131850933, 18.348443808375684, 17.861646577024498, 24.35453351684663, 19.388350891543137, 17.762564861366126, 16.967616108461694, 16.56057855621078, 15.904779984188718]"
32,5,0.001,30,2.0356374,1.4820716,0.9998641014099121,21.745059593518576,"[21.51632857322693, 21.317642211914062, 21.483773231506348, 22.235394954681396, 21.9861056804657, 21.7052481174469, 22.6218900680542, 21.603536367416382, 21.323055028915405, 21.403368949890137, 22.081604957580566, 21.785266399383545, 21.30101180076599, 21.479053735733032, 21.796356678009033, 21.73979663848877, 21.444188117980957, 21.262287378311157, 21.3461492061615, 21.828444719314575, 22.23076057434082, 21.445709466934204, 21.27018666267395, 21.424354314804077, 21.381721019744873, 21.176093578338623, 22.123007774353027, 23.118346214294434, 22.893862009048462, 22.0272433757782]","[3715.31272939264, 51.500846352737284, 36.69474187525859, 29.78582285473115, 25.50520189805973, 22.244829320881564, 20.258575750962226, 18.03869095334059, 16.28603801659947, 15.065483376774205, 14.169351738800323, 13.334408409047596, 12.41332820096098, 11.796731118568296, 11.054208464993724, 10.700874302763996, 10.579435683176833, 9.792213874080067, 9.447901501381306, 9.166524242943225, 8.741230928823027, 8.763891315445564, 8.303065220443084, 8.044980557558155, 7.923625971227233, 7.861785311861915, 7.6379882108956965, 7.546961347287822, 7.380679877816524, 7.197825592617183]"
32,5,0.0005,30,4.450525,3.5819404,0.999470591545105,21.662907044092815,"[21.500429153442383, 21.640762090682983, 21.627881288528442, 21.691045999526978, 21.6376736164093, 21.918562412261963, 22.488958597183228, 22.38106942176819, 22.070655345916748, 21.667928218841553, 21.206154823303223, 21.178573846817017, 21.348844528198242, 22.024184703826904, 21.618069410324097, 21.596341133117676, 21.80254054069519, 21.966588735580444, 21.371835947036743, 21.63489580154419, 21.567698001861572, 21.488354206085205, 21.493256330490112, 21.662718057632446, 21.335092544555664, 21.440226078033447, 21.889989852905273, 21.510151386260986, 21.533844232559204, 21.59288501739502]","[6823.766148838154, 48.60411701191981, 26.829733328462687, 20.947929949316656, 18.771685869249975, 16.82967997584736, 15.095293695416188, 13.826049745953174, 13.008582194169016, 11.937225642243977, 11.410550818400353, 10.740798193009725, 10.109646453729559, 9.409143915245366, 9.223935540090416, 8.748962742321226, 8.544357612977155, 8.158251451637483, 7.921434468813403, 7.563805093907438, 7.183135793410144, 7.020590311530408, 6.670244196096362, 6.630354926112112, 6.456026049912399, 6.355919718876579, 6.043287928098219, 6.004441431426651, 5.868925430364581, 5.801264979356013]"
32,5,0.0001,30,1.7484245,0.985049,0.9998812675476074,21.021451131502786,"[21.98503851890564, 21.419674396514893, 21.33295440673828, 21.470043659210205, 21.268619537353516, 21.831574201583862, 21.16655445098877, 21.199400424957275, 21.501532316207886, 21.486008644104004, 21.53653049468994, 21.532350301742554, 21.1974458694458, 21.992356061935425, 21.248453378677368, 20.823113918304443, 20.05583953857422, 20.565628051757812, 20.560086488723755, 20.569041967391968, 20.60855197906494, 20.37673306465149, 20.363028049468994, 20.393882751464844, 20.714428901672363, 20.703669786453247, 20.510809421539307, 21.021135091781616, 20.397393226623535, 20.811655044555664]","[21200.283605346383, 101.72518359053083, 51.31162846283621, 29.887611909139103, 19.32018654819529, 13.927916181058212, 11.246764404024098, 9.671267162243872, 8.623083699543404, 7.906002223540471, 7.437413965795173, 7.052659037006474, 6.733236350867426, 6.452259950030709, 6.313628610874238, 6.062206527189754, 5.891495514360122, 5.668308598294399, 5.581413401526655, 5.379999827963654, 5.256393072032675, 5.140850395037423, 4.9966910477386035, 4.927250616370363, 4.857230933407509, 4.651134860453777, 4.611611711589302, 4.4736240989321185, 4.40645969626148, 4.3701708159332195]"
32,5,5e-05,30,1.9072312,1.0218407,0.9998674392700195,20.42265393733978,"[20.125316858291626, 20.07970404624939, 20.183220863342285, 21.01208806037903, 20.08405375480652, 20.325469493865967, 20.348766565322876, 20.567073345184326, 20.078688621520996, 20.77954077720642, 20.79443597793579, 20.550273180007935, 21.033862113952637, 20.608168125152588, 20.609073162078857, 20.462138652801514, 20.401973724365234, 20.3829402923584, 20.334505558013916, 20.77231478691101, 21.213481187820435, 20.063374757766724, 20.499924421310425, 20.24140763282776, 19.99047875404358, 20.119484663009644, 20.13332772254944, 20.193687677383423, 20.185536861419678, 20.505306482315063]","[44317.20919700871, 157.06545413529508, 103.73133665661625, 73.20221820148318, 54.189486962608896, 37.35141001563666, 25.84424430935534, 18.939030330546817, 14.712208800505863, 12.122641744230382, 10.216243293835866, 9.094719905983737, 8.390628804822807, 7.904874369981963, 7.571590542488256, 7.244128657525251, 6.9713864130126595, 6.782705467015375, 6.613458401120906, 6.461490859102669, 6.3389825022262904, 6.168360087809083, 6.087351764056132, 5.940129943086266, 5.885587495556467, 5.7660686543219475, 5.71772616713686, 5.623983849775388, 5.488909793960736, 5.410041685818031]"
32,5,1e-05,30,2.7932413,1.4918845,0.9997149109840393,20.994519130388895,"[20.259157180786133, 20.988118886947632, 20.259201765060425, 20.473719120025635, 20.43121886253357, 21.70360016822815, 21.98517394065857, 19.855608463287354, 19.935853004455566, 21.255520343780518, 20.840739011764526, 20.233646392822266, 20.374133348464966, 20.50616979598999, 20.350189447402954, 20.7347571849823, 22.50708842277527, 22.231822967529297, 22.131621599197388, 22.25898265838623, 20.591574907302856, 20.20351505279541, 21.169277667999268, 21.150058269500732, 21.28413963317871, 21.0508234500885, 21.007323741912842, 21.829018592834473, 21.119542360305786, 21.113977670669556]","[172306.15209540125, 373.85448669085855, 271.835966712783, 225.7287696238168, 193.6009647611968, 171.08023792192927, 153.4389683507936, 137.12929871053674, 122.44293420335612, 109.14160045239602, 96.76057232428326, 84.68806915395125, 73.57850682735443, 64.45731951537091, 56.53904664789745, 49.75048248079406, 43.60107197810989, 38.006692292128065, 32.5998356031929, 27.58506561841767, 23.421841474079148, 20.16720234352168, 17.562814671595024, 15.571499528127466, 13.987111503396623, 12.82551741949791, 11.811390705618145, 11.006401511202018, 10.30418907083148, 9.741489621115173]"
50,2,0.05,30,3.4356067,2.7174435,0.9996204376220703,15.659468933939934,"[16.4620304107666, 15.504426002502441, 15.554349899291992, 15.81347918510437, 15.060418367385864, 15.512604475021362, 15.379158973693848, 15.964553833007812, 16.187817811965942, 15.459186315536499, 15.610520601272583, 15.630379915237427, 15.806641101837158, 15.496923208236694, 15.479310989379883, 15.629701852798462]","[850.7443720607258, 271.66197481764453, 228.1496989789488, 179.71445642236017, 158.87627425113098, 149.9903053239834, 143.57519903056746, 139.22571264438363, 134.5732004139003, 133.4922928006498, 134.15174845723215, 127.07007498606454, 128.75470914053994, 128.29102737183263, 127.71095654586387, 128.2326620711445]"
50,2,0.01,30,1.81827,1.2347276,0.9998955130577087,15.63338131904602,"[15.479488849639893, 15.528876781463623, 15.535463571548462, 16.007819652557373, 15.395693063735962, 15.579556465148926, 15.471019506454468, 15.487692832946777, 16.00072693824768, 16.0250403881073, 15.562840223312378, 15.346043586730957, 15.245741605758667, 15.678798913955688, 15.599750280380249, 15.819477081298828, 15.556255578994751, 15.487166166305542, 16.093533515930176, 15.438587665557861, 15.062216520309448, 15.87828540802002, 16.081377267837524, 15.361242055892944, 15.580712080001831, 15.499460458755493, 15.676151037216187, 15.879776000976562, 15.929254055023193, 15.71339201927185]","[805.2935849203033, 68.40553108976918, 43.00750502133864, 29.8193755966477, 22.749955065263737, 20.569771511293133, 17.050148943447258, 14.023407043588213, 11.506189532317709, 11.329543675690498, 9.758337516134288, 9.437183803777051, 8.89318965216814, 8.544739478881834, 8.228909798259298, 7.493802803678348, 7.303090899645892, 6.804258586513488, 6.814962573959512, 6.594418510442852, 6.451175425624613, 6.016471295389774, 6.010709382268279, 5.940782057499619, 5.753122094876283, 5.52004642575963, 5.329937386314291, 5.025928308910743, 5.0357156185652885, 4.910705865116782]"
50,2,0.005,30,6.171517,5.935998,0.9987778663635254,15.797383999824524,"[16.150228261947632, 15.958811283111572, 15.944924354553223, 16.879799365997314, 15.311176776885986, 15.62246584892273, 15.377625942230225, 15.79251742362976, 15.779618263244629, 15.512651443481445, 15.347442865371704, 15.576777696609497, 15.547293424606323, 15.012443542480469, 15.771510362625122, 15.82520318031311, 15.786957263946533, 16.25620937347412, 15.955329418182373, 15.515323400497437, 15.512853145599365, 15.695130348205566, 15.66361665725708, 15.914234638214111, 16.500686645507812, 16.384785652160645, 16.11342191696167, 15.82967758178711, 15.819887399673462, 15.56291651725769]","[1125.3605372559555, 57.75441131809133, 39.1154438995443, 33.601630596549754, 29.317534443755598, 25.119872150267575, 22.03945100388803, 20.811577131133934, 19.347017717771394, 17.093734542648086, 15.80163072654774, 14.314096716806032, 13.123177532228645, 12.234051867798946, 11.3121111961773, 10.550245512618508, 10.147231454590912, 9.429772411534099, 8.809162345336645, 8.20357253648113, 7.407513531339741, 7.312784405051035, 7.026294200270392, 6.7056990258444475, 6.073981702360263, 5.521528194987878, 5.1497305736075845, 4.615345304449573, 4.197970376960022, 4.045227351000606]"
50,2,0.001,30,2.9896734,2.2465394,0.9997357130050659,15.404274312655131,"[15.412717580795288, 15.413406372070312, 15.360636234283447, 15.464107990264893, 15.37856674194336, 15.413141012191772, 15.363629579544067, 15.428158521652222, 15.379619598388672, 15.445647239685059, 15.363346576690674, 15.394383430480957, 15.396225929260254, 15.479122638702393, 15.395831108093262, 15.432632684707642, 15.375647068023682, 15.413137435913086, 15.34586477279663, 15.39953064918518, 15.411426544189453, 15.427293539047241, 15.396174907684326, 15.378606796264648, 15.380212783813477, 15.430817365646362, 15.410317182540894, 15.412242650985718, 15.418672323226929, 15.407112121582031]","[3725.007621642023, 68.70689467090186, 32.90645120810213, 26.258868759831486, 23.289980640154997, 21.29143012178387, 19.437480942586102, 17.595287224285986, 16.443991273169825, 15.375414601775237, 14.51348492117623, 13.692800750443508, 13.05172972926081, 12.426548463646242, 11.790049018403392, 11.348847918155476, 10.768016309391983, 10.326404173553446, 9.953328814121639, 9.744975814229797, 9.282860869135073, 9.098294492095189, 8.787060614040845, 8.478621742155354, 8.209716457621434, 8.126552736964157, 8.002631094705265, 7.813387914320788, 7.60294274359486, 7.553692379958244]"
50,2,0.0005,30,5.165186,4.0721307,0.9992696642875671,14.500391030311585,"[15.429287433624268, 15.34850811958313, 15.443665266036987, 15.3792724609375, 15.427939414978027, 15.329955577850342, 15.41259479522705, 15.379292726516724, 14.455946922302246, 14.15189814567566, 14.23803186416626, 14.146928071975708, 14.159048557281494, 14.144561290740967, 14.15161919593811, 14.175543546676636, 14.125005722045898, 14.100550889968872, 14.128761053085327, 14.156522989273071, 14.09848928451538, 14.124800443649292, 14.33942198753357, 14.192498207092285, 14.141549348831177, 14.145061016082764, 14.169971942901611, 14.156993865966797, 14.19044542312622, 14.16756534576416]","[15660.157504010669, 155.19473366849286, 61.46769865442832, 42.97084524589855, 34.912240505869214, 29.547332044251622, 26.211781695550187, 23.51965586587331, 21.173614823483092, 19.405379909094766, 17.632676320126095, 16.688153526278043, 15.635533683392419, 14.779593531123675, 14.24896002788601, 13.489825243789166, 12.965009615768771, 12.539557731958457, 12.239970023040232, 11.650885374460158, 11.191982215896704, 10.71711007683786, 10.196889106167976, 9.980124904517915, 9.766708387615054, 9.575990099980451, 9.333010483939836, 9.123565283461625, 8.803813838322675, 8.607403072166585]"
50,2,0.0001,30,4.2369237,2.206858,0.9994766712188721,14.164869777361552,"[14.139000177383423, 14.132521152496338, 14.153461694717407, 14.145155906677246, 14.127110004425049, 14.109598398208618, 14.124194622039795, 14.135576009750366, 14.073014736175537, 14.133193969726562, 14.203307867050171, 14.169332504272461, 14.132519483566284, 14.188020467758179, 14.210538864135742, 14.19359540939331, 14.163626432418823, 14.185117483139038, 14.193540573120117, 14.193413257598877, 14.191139221191406, 14.131566524505615, 14.164154529571533, 14.20860242843628, 14.229074001312256, 14.143694639205933, 14.177000761032104, 14.186016082763672, 14.255520820617676, 14.153485298156738]","[71815.95166007245, 226.67644752061003, 190.06214144500584, 137.0780836877344, 111.66390974396701, 93.11086790959908, 81.35091239213943, 73.62588305036053, 67.342267567544, 61.54288242955786, 55.68205572456512, 49.73078001586631, 44.189602896766374, 39.35843446645804, 34.96563945320236, 31.51268102196106, 28.681225800943686, 26.32924561996387, 24.415983642553137, 22.67781723502161, 21.32692864394084, 20.09231074242222, 19.08678371055808, 18.181494740980746, 17.352342049204886, 16.741641754341437, 16.126934187608775, 15.612738538907605, 15.006168501996578, 14.57492560833107]"
50,2,5e-05,30,4.9392085,2.9143786,0.9992235898971558,14.148297826449076,"[14.128039836883545, 14.122493743896484, 14.186760663986206, 14.109419822692871, 14.137693405151367, 14.129177331924438, 14.214164733886719, 14.11738133430481, 14.121489524841309, 14.128754615783691, 14.131372213363647, 14.17412781715393, 14.14936113357544, 14.154738664627075, 14.145241260528564, 14.198442935943604, 14.152854919433594, 14.116878032684326, 14.124106645584106, 14.221549987792969, 14.105387210845947, 14.144164085388184, 14.118680477142334, 14.172495126724243, 14.132171154022217, 14.14555287361145, 14.219722032546997, 14.103189945220947, 14.185742855072021, 14.157780408859253]","[59665.78641599755, 234.78921361469284, 201.55527089659824, 182.9083257804271, 168.45986737629732, 155.31122666128857, 143.44735187148945, 132.5390614012183, 122.15900299096212, 111.34567141897293, 101.1477875141793, 93.02833167304118, 86.31371072261679, 80.25529898319182, 73.09383163409201, 65.8844543225315, 59.54690747307898, 54.298875830156575, 50.07980729509389, 46.55272972557743, 43.66936623698759, 41.17127342385496, 38.796679643564346, 36.944885190527515, 35.29103074154479, 33.96199236875278, 32.70759057023412, 31.55367366488063, 30.498810537907755, 29.52951609613333]"
50,2,1e-05,30,10.986991,6.854474,0.9960349798202515,15.194915660222371,"[14.101076602935791, 14.114376783370972, 14.188663959503174, 14.11600136756897, 14.11834168434143, 14.120000839233398, 15.180609464645386, 15.052040100097656, 15.362278938293457, 15.662080526351929, 15.69098711013794, 15.623051404953003, 15.735691547393799, 15.579366445541382, 15.71736741065979, 15.633809804916382, 15.961546421051025, 15.382950782775879, 14.651350259780884, 15.27924656867981, 15.495691537857056, 14.812313795089722, 16.313396692276, 15.006590127944946, 14.851427555084229, 15.36877965927124, 15.878747701644897, 15.29000973701477, 15.738473176956177, 15.821201801300049]","[421767.302199118, 6097.8165813845835, 300.32916410989634, 262.2550981471632, 247.53549525076644, 236.0019318802388, 226.13384245863128, 218.55875908586657, 212.37171813897692, 206.43835110591488, 200.99080245125242, 195.92429710085216, 191.30934676482428, 186.8901810031791, 182.7613083992202, 178.77071796988815, 174.69011395102504, 170.8476477473584, 167.30881719740196, 163.87226860387878, 160.63123188060445, 157.5087248771472, 154.4422085430945, 151.53461857159584, 148.70396627895695, 146.0156243667332, 143.4911530306766, 140.97673368974543, 138.522297406561, 136.18122344141963]"
50,3,0.05,30,104.306404,77.10189,0.5853078365325928,17.71517911553383,"[17.4251229763031, 17.650466442108154, 17.495577573776245, 17.950610399246216, 17.71375608444214, 18.439114570617676, 17.749774932861328, 17.29700994491577]","[2581.0479422677554, 3257.390717601672, 10590.211275533818, 10260.337915701637, 10053.99610787604, 10051.846733801229, 10044.958655176204, 10043.733741968479]"
50,3,0.01,30,8.544493,6.980868,0.9981157183647156,16.667581963539124,"[17.347345113754272, 17.664862871170044, 17.630704879760742, 17.181297302246094, 16.56409478187561, 16.65868639945984, 16.534249305725098, 16.529966592788696, 16.534967184066772, 16.62257742881775, 16.535114526748657, 16.50911831855774, 16.530489444732666, 16.568375825881958, 16.541179895401, 16.496830940246582, 16.56746482849121, 16.52585768699646, 16.50762176513672, 16.538913011550903, 16.610910177230835, 16.523516416549683, 16.533538103103638, 16.602970600128174, 16.54795217514038, 16.523991107940674, 16.521737813949585, 16.563222408294678, 16.49231219291687, 16.517589807510376]","[877.4954425027537, 113.28832981348297, 73.85269435391025, 45.151073822906184, 43.475829157376396, 31.054710337721364, 25.944949484336714, 23.999099607111717, 21.315362094954374, 22.199689034177357, 21.241020822043502, 23.474323765037166, 18.529225977284092, 35.53649935351611, 27.270113148738723, 20.278116548490836, 17.639679913697805, 15.09655336135242, 14.944405578906489, 17.64631163597302, 16.10349329743193, 14.102295660426002, 13.525522847639552, 12.713370656472627, 11.909064248155428, 11.656769530591454, 11.139660916246442, 11.239879411291412, 10.936211759421779, 10.278223625969906]"
50,3,0.005,30,6.2671747,5.8195724,0.9984575510025024,16.609601084391276,"[16.527159214019775, 16.627419471740723, 17.131153106689453, 16.99001455307007, 16.75979995727539, 16.60443687438965, 16.54098391532898, 16.553510189056396, 16.632247924804688, 16.534017324447632, 16.536295890808105, 16.56618070602417, 16.558592081069946, 16.782137632369995, 16.669429540634155, 16.532089948654175, 16.547603607177734, 16.520731687545776, 16.581780195236206, 16.568937301635742, 16.563211679458618, 16.54532814025879, 16.561473608016968, 16.572683334350586, 16.54202961921692, 16.53294539451599, 16.53189516067505, 16.57923936843872, 16.528003931045532, 16.56670117378235]","[963.1068498379018, 61.2690127098274, 39.35948004898936, 32.066125818280156, 23.678107407936363, 19.835625358251246, 15.773033819539577, 15.031566431843492, 12.87864948572046, 12.244384161225117, 11.441613719379733, 11.263990842171957, 10.702404640631254, 9.947424820953712, 9.758470014331447, 9.397227756996276, 10.14686775646746, 8.712403307026293, 8.976595593941719, 8.825234634541463, 8.200279570139912, 8.500237002309948, 7.737981488993269, 7.469743826707182, 7.778309797050683, 7.538926317474467, 7.294134327922196, 7.433397498152597, 8.99361332732875, 6.811321577134514]"
50,3,0.001,30,1.9409763,1.5487859,0.9998740553855896,16.566395370165505,"[16.544747591018677, 16.51814365386963, 16.534698724746704, 16.5504150390625, 16.550278663635254, 16.508126735687256, 16.545647621154785, 16.55635404586792, 16.573277235031128, 16.539029359817505, 16.565123796463013, 16.580003261566162, 16.565388202667236, 16.565464735031128, 16.57198214530945, 16.57194447517395, 16.541510820388794, 16.529448986053467, 16.536224603652954, 16.57381510734558, 16.621245622634888, 16.580732583999634, 16.651649475097656, 16.594963312149048, 16.529326677322388, 16.515872955322266, 16.60307288169861, 16.50571060180664, 16.53855013847351, 16.82911205291748]","[1641.614080915805, 30.98739228901905, 20.676070230073545, 17.230557411339735, 15.119220738522872, 13.358450027418579, 12.207964868980204, 11.066172359657665, 10.044186545845008, 9.46443356408465, 8.685253934259627, 8.213543430381499, 7.648475651348653, 7.415892787537981, 7.175117849827822, 6.592831869625922, 6.567917186685524, 6.254175678603189, 6.1315863026330435, 5.906619377182105, 5.841639679466175, 5.5720306847683725, 5.517590332646167, 5.552973338191328, 5.367095870364409, 5.191253888963693, 5.120425171767845, 4.942806463749616, 4.801970409908572, 4.811964235813499]"
50,3,0.0005,30,1.8223947,1.36759,0.9998868703842163,16.550077311197917,"[16.52488923072815, 16.531413793563843, 16.52811551094055, 16.571474313735962, 16.53721308708191, 16.538657665252686, 16.5945246219635, 16.623291969299316, 16.626967906951904, 16.556792497634888, 16.515041828155518, 16.54462218284607, 16.56205439567566, 16.530428409576416, 16.543265342712402, 16.518118381500244, 16.550920486450195, 16.52064347267151, 16.570501565933228, 16.542048931121826, 16.52759099006653, 16.55105423927307, 16.556307315826416, 16.52584218978882, 16.615824699401855, 16.564892768859863, 16.532066583633423, 16.511677742004395, 16.542732000350952, 16.5433452129364]","[3981.2028629785023, 44.81497142294739, 21.474724506316747, 15.462686440960288, 12.448305774138484, 10.638582490156832, 9.413377571916085, 8.639643895777358, 7.9795370341632434, 7.325758637543198, 6.893631039829884, 6.611754945166181, 6.229114026274516, 6.0162019537818745, 5.819821464873883, 5.5054360490219105, 5.406258474405058, 5.145958380826533, 5.007166342732525, 4.918640645908184, 4.665984544234033, 4.615374703663829, 4.40211628662528, 4.354413443781826, 4.183191328756837, 4.172272839001888, 4.065735474326464, 3.9179526312463797, 3.931483347753803, 3.7762089476566842]"
50,3,0.0001,30,2.2715697,1.5077991,0.9998310804367065,16.52275587717692,"[16.52388024330139, 16.516626596450806, 16.548744201660156, 16.512712478637695, 16.5253484249115, 16.516058444976807, 16.555979013442993, 16.520904302597046, 16.498735189437866, 16.49377465248108, 16.54525876045227, 16.532654762268066, 16.508593797683716, 16.490947723388672, 16.580915689468384, 16.499189615249634, 16.5049250125885, 16.53492307662964, 16.514277696609497, 16.507623434066772, 16.516633987426758, 16.532572984695435, 16.506402015686035, 16.534051656723022, 16.51199460029602, 16.55770230293274, 16.503599643707275, 16.53022074699402, 16.528684377670288, 16.528740882873535]","[16383.389208727529, 121.85667401604256, 67.00306482658637, 39.62846759918215, 25.866380629906487, 18.403470103088033, 14.718349755265827, 12.620835135418385, 11.203624985233665, 10.192426574200912, 9.386482127580189, 8.744665844829582, 8.191172780062368, 7.684636822743057, 7.313611057639838, 6.9681189227849245, 6.673945463372305, 6.404744426215547, 6.135196491087661, 5.939207663474906, 5.674955843073442, 5.475603750797078, 5.342821531192965, 5.152393870649444, 5.098087989456756, 4.952888478301303, 4.763870815604144, 4.7381549081866785, 4.570316567528977, 4.48880077959506]"
50,3,5e-05,30,2.015015,1.1937467,0.9998564720153809,16.52235310872396,"[16.5078866481781, 16.474918603897095, 16.596293210983276, 16.548139333724976, 16.50414752960205, 16.493492126464844, 16.624650955200195, 16.50641942024231, 16.514949321746826, 16.54850482940674, 16.516945600509644, 16.512807607650757, 16.540279626846313, 16.531403303146362, 16.5158531665802, 16.52181601524353, 16.50457215309143, 16.558693647384644, 16.489737272262573, 16.505687952041626, 16.5237979888916, 16.50893497467041, 16.506412744522095, 16.49880313873291, 16.541531562805176, 16.50887417793274, 16.495630979537964, 16.509705305099487, 16.55721092224121, 16.502493143081665]","[44568.03609395027, 109.37318116185706, 57.613902242813566, 34.431458668742636, 24.11093070494686, 18.666935019243883, 15.182482862950803, 12.97637108688987, 11.533996416280234, 10.443311172671713, 9.55201762117543, 8.868217712422776, 8.316633051602926, 7.838386790208746, 7.437121119325793, 7.075166713698527, 6.795810748379694, 6.395095862936245, 6.16682377213604, 5.917994362916228, 5.728106038384627, 5.507418602452853, 5.351184524278518, 5.187075345659035, 5.017057151944421, 4.854475222263631, 4.727973077991188, 4.607819570138985, 4.457138408239785, 4.399155327159602]"
50,3,1e-05,30,3.5320828,1.9315659,0.9995766282081604,16.519204473495485,"[16.514408111572266, 16.555280447006226, 16.57097601890564, 16.505461931228638, 16.501591444015503, 16.56265640258789, 16.50118064880371, 16.479857206344604, 16.563690423965454, 16.510295867919922, 16.513155221939087, 16.50039792060852, 16.548792600631714, 16.498562335968018, 16.51514196395874, 16.497097969055176, 16.553691148757935, 16.496458053588867, 16.506514310836792, 16.476484775543213, 16.532719373703003, 16.505995512008667, 16.493502140045166, 16.535662174224854, 16.506525993347168, 16.513442277908325, 16.521479606628418, 16.641785621643066, 16.48583745956421, 16.46748924255371]","[129866.30798300281, 376.41712848588367, 206.5188640413326, 173.32470152341642, 155.04372483153531, 139.78774970587685, 126.84085648835486, 115.38532230583341, 104.61154580233399, 90.29965531813005, 78.68117585465897, 68.58465428695929, 59.882447952136204, 52.49699177316443, 46.335562922027954, 41.2282377622013, 36.83926974796572, 33.158005717930315, 30.014430141995568, 27.352685948223787, 25.05233291120118, 23.058511146421516, 21.297947142541602, 19.868334921589323, 18.660298279816015, 17.67438710524851, 16.720045269365265, 15.890016072474452, 15.159136164770766, 14.54193328303899]"
50,4,0.05,30,12.944879,10.5564375,0.9952954053878784,18.292884238560994,"[18.338483095169067, 18.25757336616516, 18.238168716430664, 18.284939765930176, 18.332950592041016, 18.39645767211914, 18.348687887191772, 18.362886428833008, 18.31303358078003, 18.3419930934906, 18.273650407791138, 18.362212657928467, 18.226757764816284, 18.25553274154663, 18.342378854751587, 18.257051944732666, 18.22284173965454, 18.2954683303833, 18.260009050369263, 18.238943576812744, 18.189096927642822, 18.256821870803833, 18.29630160331726, 18.28812575340271, 18.2672278881073, 18.364842653274536, 18.257364749908447, 18.339948177337646, 18.24260449409485, 18.334171772003174]","[3504.983593175505, 549.1648482620456, 415.32107672420653, 356.9624210546631, 312.414854274046, 292.3944169984374, 343.6878883068218, 269.3822320933946, 243.69114707807267, 240.5973452897051, 234.33742720650014, 234.211809478993, 226.16454112998264, 226.4836347394635, 215.14482628993332, 221.11076203014653, 219.48518229285702, 213.11987575224913, 217.57859126488194, 216.20712223863757, 215.2795358537066, 211.26386671666233, 222.6070352266319, 213.32057014498128, 209.68918348569017, 215.0213093846776, 210.99587279336941, 208.45546065244872, 209.7690808290868, 214.11654837911047]"
50,4,0.01,30,2.5024705,1.7837583,0.9998177886009216,18.281406291325887,"[18.299626350402832, 18.218065977096558, 18.190995931625366, 18.20437479019165, 18.28550100326538, 18.32266068458557, 18.29312252998352, 18.28356170654297, 18.303000688552856, 18.231530904769897, 18.31183409690857, 18.291022539138794, 18.199928760528564, 18.276116371154785, 18.354955196380615, 18.22654390335083, 18.35696578025818, 18.234405755996704, 18.189809322357178, 18.22481346130371, 18.30211043357849, 18.337535619735718, 18.204940795898438, 18.314910650253296, 18.31101369857788, 18.243926286697388, 18.205822944641113, 18.283014059066772, 18.47947120666504, 18.460607290267944]","[1312.1716775235, 181.32298538462953, 110.58204094707706, 73.68090445532029, 49.71008556541137, 44.158404041455825, 33.0283088850988, 36.966754654300395, 34.176735793057354, 21.868831926574483, 21.3436948476465, 28.24379588469993, 20.742026875072106, 20.358388464629456, 90.59785934098423, 44.37848044998586, 35.20186658226377, 28.622138972739855, 25.614710737532207, 23.087753621519717, 22.363941167046086, 21.39266823125621, 20.51455113380399, 20.65429858027197, 20.168613519828654, 19.493035873528324, 19.546424702924217, 19.158145695591273, 18.886943457688826, 18.800823262152484]"
50,4,0.005,30,2.1414587,1.3967397,0.9998085498809814,18.316712800661723,"[18.345572471618652, 18.30655574798584, 18.317210912704468, 18.345072269439697, 18.266200304031372, 18.34371328353882, 18.38569974899292, 18.42001724243164, 18.2532000541687, 18.248517751693726, 18.377625226974487, 18.298678398132324, 18.275991201400757, 18.334081172943115, 18.29353427886963, 18.341729164123535, 18.317349433898926, 18.265928506851196, 18.313570737838745, 18.405911684036255, 18.438759803771973, 18.34642195701599, 18.225109815597534, 18.33320426940918, 18.33505892753601, 18.20468258857727, 18.229328393936157, 18.385149478912354, 18.25717043876648, 18.29033875465393]","[1052.7609088187264, 102.11312089034043, 63.515979353419816, 49.608243884347935, 32.68180520170446, 26.209862168390288, 25.608551327578365, 26.34004624555595, 21.38433932239702, 19.749948491826327, 18.76465357256053, 17.18785017161065, 19.933783337465737, 17.752404423755916, 17.501830647215574, 15.362422947125209, 14.638501679809464, 14.516992176862589, 13.43450831610498, 12.814967753117553, 12.567934256404898, 12.38035840208451, 12.346567108507337, 11.732591853660072, 11.608518402527318, 11.73726049771199, 10.880235290903126, 12.988089362639267, 9.902873057188817, 10.511671718153044]"
50,4,0.001,30,2.8385074,2.5232704,0.9997282028198242,18.292703477541604,"[18.33164930343628, 18.236867427825928, 18.2308452129364, 18.288436889648438, 18.221471786499023, 18.37256693840027, 18.29373073577881, 18.340057134628296, 18.29451060295105, 18.27100157737732, 18.34940004348755, 18.30169701576233, 18.302057027816772, 18.32499051094055, 18.218992948532104, 18.225563287734985, 18.253636121749878, 18.401708602905273, 18.23455548286438, 18.23314666748047, 18.364745378494263, 18.266184329986572, 18.376290798187256, 18.44874906539917, 18.244277715682983, 18.2356379032135, 18.213340520858765, 18.321289539337158, 18.23880910873413, 18.344894647598267]","[1756.3107460773667, 44.60441864490119, 32.07520696120621, 24.089603149230435, 20.593287460977724, 18.045887014312125, 16.57754962188578, 14.569362541864011, 13.710513533983688, 12.833892165565269, 11.293908214619522, 11.05536505061824, 10.104166479488452, 9.638593773447042, 9.190482021150826, 8.75110241560485, 8.57651318634116, 8.316937472378452, 7.984509643956238, 7.460820744151665, 7.276874998283438, 7.251773844839086, 6.970177165643356, 6.51302649485411, 6.3155023611301155, 6.227696519584993, 6.079067510316824, 5.901999659413334, 5.753469176618911, 5.557423303371466]"
50,4,0.0005,30,1.4835938,0.8578634,0.999915599822998,18.313828571637472,"[18.37629771232605, 18.371201992034912, 18.329137802124023, 18.3840651512146, 18.338231086730957, 18.325047969818115, 18.241017818450928, 18.324045181274414, 18.33968424797058, 18.260889053344727, 18.3303382396698, 18.312126398086548, 18.298152923583984, 18.355749130249023, 18.288182497024536, 18.257405519485474, 18.370266437530518, 18.30893325805664, 18.26201581954956, 18.241393089294434, 18.337815761566162, 18.297380685806274, 18.245943546295166, 18.359956741333008, 18.4064359664917, 18.265501022338867, 18.241247415542603, 18.33441424369812, 18.361701011657715, 18.250279426574707]","[3658.1680384986266, 30.084085425305055, 18.701378743607535, 15.250837250746883, 13.025205847933302, 11.553046160040008, 10.46740039865035, 9.76167807614992, 9.039103281981104, 8.497908231594872, 8.085250500752286, 7.5399119600523505, 7.111780020347329, 6.753099933116164, 6.573755693194908, 6.467077668983993, 6.167266473259501, 5.975164471922125, 5.804214638670069, 5.700281771733609, 5.471720203950464, 5.319956962739048, 5.215451770022869, 5.10206284657869, 4.9180772856658725, 4.955197449509201, 4.794774240789748, 4.80211222681164, 4.557389269717135, 4.481969697901158]"
50,4,0.0001,30,2.1323278,1.4523928,0.9998565912246704,18.298719334602357,"[18.289829969406128, 18.271246671676636, 18.215014457702637, 18.403907537460327, 18.2041974067688, 18.235279321670532, 18.34480905532837, 18.240653038024902, 18.327879190444946, 18.28485417366028, 18.26626706123352, 18.235202074050903, 18.211598873138428, 18.32556939125061, 18.266480684280396, 18.39520573616028, 18.364708185195923, 18.358168125152588, 18.292255878448486, 18.375001430511475, 18.303774118423462, 18.313131093978882, 18.361777782440186, 18.37082862854004, 18.243793725967407, 18.290634155273438, 18.42035937309265, 18.292165517807007, 18.2244770526886, 18.232510328292847]","[15100.116984594597, 78.40394044755328, 32.70337325588324, 18.506896362733503, 13.791803914528975, 11.604901665618327, 10.256037778576925, 9.245681372613495, 8.485590366093547, 7.776478870881632, 7.325898059786147, 6.876029213239727, 6.456150605314813, 6.041440049991597, 5.758667988434238, 5.5318364295945806, 5.275048044237702, 5.071084800249527, 4.893377227623292, 4.786995509830527, 4.569498606445064, 4.470762734870756, 4.366311531940955, 4.205059142864623, 4.150562362944683, 4.01636131004101, 3.9559556215057987, 3.8416969403583865, 3.9103947129735, 3.6782325068163364]"
50,4,5e-05,30,2.826307,2.3334424,0.9997479915618896,18.289738289515178,"[18.332496404647827, 18.22901225090027, 18.369140148162842, 18.305787086486816, 18.292065858840942, 18.302952766418457, 18.267269611358643, 18.250375270843506, 18.271875619888306, 18.209176540374756, 18.302132844924927, 18.277294874191284, 18.303614854812622, 18.441373586654663, 18.245197772979736, 18.23833727836609, 18.279138565063477, 18.224310159683228, 18.220529079437256, 18.258193492889404, 18.283797025680542, 18.33664083480835, 18.286759614944458, 18.358300924301147, 18.414891242980957, 18.357656955718994, 18.286906480789185, 18.23716688156128, 18.250519514083862, 18.2592351436615]","[25201.75539412613, 104.22187227505263, 52.358300424233796, 29.35814221287919, 18.937773592916507, 14.002015370485173, 11.560116933715657, 10.02954238246492, 9.097852819090848, 8.384113815901841, 7.806682410149725, 7.248608255018704, 6.897103557623435, 6.595725343770075, 6.329558325882627, 6.122683171679034, 5.875758056614272, 5.7208562693294285, 5.499229906720625, 5.318535582203109, 5.189385631520253, 5.003340669037311, 4.8928570420151845, 4.776065884532171, 4.6248916528029085, 4.537378917338416, 4.448995359014216, 4.344229972518687, 4.294787397709833, 4.21093618628207]"
50,4,1e-05,30,2.842578,1.7437879,0.9996954798698425,18.26106850306193,"[18.319247484207153, 18.516682386398315, 18.230154752731323, 18.273170709609985, 18.22510051727295, 18.220613479614258, 18.228442430496216, 18.187700510025024, 18.24141764640808, 18.338106155395508, 18.203006982803345, 18.25641107559204, 18.26112985610962, 18.284353733062744, 18.241077184677124, 18.25648808479309, 18.250951290130615, 18.216745853424072, 18.24780583381653, 18.257062435150146, 18.234066486358643, 18.253122568130493, 18.222748279571533, 18.24949359893799, 18.24919581413269, 18.292725563049316, 18.275470733642578, 18.264655590057373, 18.239737510681152, 18.295170545578003]","[119630.95373863385, 246.42355620236376, 190.00324336878597, 158.92577198186817, 132.35330271304434, 108.84974141763809, 89.19232159267347, 74.02812789504185, 62.12501356734459, 52.03350320562525, 43.44172899509621, 36.292506260252416, 30.406187358316377, 25.50859506597425, 21.95280166595003, 19.342779032251592, 17.280813611376885, 15.641578922056345, 14.377021615487, 13.305402960567267, 12.379604913131638, 11.64501072220732, 10.969533061568002, 10.332746698590215, 9.76046487790691, 8.968449044842517, 8.34270892696512, 7.960234289565917, 7.63588821072961, 7.357366410630052]"
50,5,0.05,30,186.1405,120.514854,-0.09316015243530273,20.485134045283,"[20.48106837272644, 20.570510625839233, 20.493066549301147, 20.415566444396973, 20.440853118896484, 20.50973916053772]","[40185.75813999993, 20025.87093456291, 36648.751323183555, 36494.87862013105, 36406.32374019706, 36401.23553693347]"
50,5,0.01,30,8.688132,8.47953,0.9973313808441162,20.494017163912456,"[20.456498384475708, 20.481112957000732, 20.47834277153015, 20.47766089439392, 20.475555181503296, 20.483690977096558, 20.43854594230652, 20.43247079849243, 20.531198978424072, 20.471297025680542, 20.522488355636597, 20.501893520355225, 20.422014474868774, 20.420918464660645, 20.609565019607544, 20.492205142974854, 20.45015001296997, 20.556968688964844, 20.508137941360474, 20.458770751953125, 20.50984025001526, 20.483835220336914, 20.51610279083252, 20.625439405441284, 20.487597942352295, 20.595546007156372, 20.51206374168396, 20.47596526145935, 20.418349027633667, 20.526288986206055]","[3947.5710722692147, 164.84369973493455, 103.78903586960776, 88.50045466601979, 91.51335925221703, 73.79139465340882, 67.38456780012844, 45.271451672840065, 57.67801762913968, 72.62023774957423, 34.21455919259435, 81.35648457370861, 46.14625411402581, 45.222464858607175, 39.14126605101288, 35.645060473800875, 33.02302923826216, 32.1464945225769, 30.634897484212267, 32.52231972991574, 29.082045496258413, 28.485234343361387, 26.721316521556226, 26.441141729605054, 25.38482007966682, 24.865440510498058, 23.36390644035355, 22.98690617029193, 22.554880431499413, 22.30636863800083]"
50,5,0.005,30,3.946257,2.9947164,0.9995854496955872,20.4937385559082,"[20.598526000976562, 20.428383588790894, 20.56223201751709, 20.520697593688965, 20.42691421508789, 20.485143899917603, 20.493663549423218, 20.471940517425537, 20.52760148048401, 20.623451471328735, 20.496556282043457, 20.504438877105713, 20.501619338989258, 20.506540060043335, 20.495826959609985, 20.464900016784668, 20.473005294799805, 20.52890944480896, 20.462008953094482, 20.468223810195923, 20.50686740875244, 20.475714206695557, 20.481457471847534, 20.393608570098877, 20.43520474433899, 20.481696367263794, 20.453352212905884, 20.532066345214844, 20.47595763206482, 20.535648345947266]","[1517.0459170432591, 168.8750626496873, 93.58180110029649, 64.86136195528846, 48.2951623169811, 40.25215685393612, 33.77590115021865, 32.537690683483554, 27.41928656856371, 27.45828945136031, 24.737723983303688, 26.505498563016737, 21.135347039914613, 20.694331736039516, 19.610259650665533, 20.505833230489728, 16.586186950115334, 16.789250339304125, 18.35935328547806, 15.869639975364487, 15.788989202912457, 14.950714508299288, 14.383605646978104, 13.918279916003314, 14.277102596215968, 13.746709570008042, 13.116848903842367, 13.199532662945348, 13.260965744049724, 13.541838827050864]"
50,5,0.001,30,2.5674155,2.2392213,0.999764621257782,20.513395881652833,"[20.501968383789062, 20.535810947418213, 20.483644723892212, 20.471248388290405, 20.55008029937744, 20.45044994354248, 20.47894048690796, 20.5173819065094, 20.517345666885376, 20.47010374069214, 20.568691968917847, 20.56749200820923, 20.442503213882446, 20.466412782669067, 20.52961230278015, 20.484379053115845, 20.56502389907837, 20.55179238319397, 20.498194456100464, 20.587053060531616, 20.467466354370117, 20.500893354415894, 20.49685311317444, 20.59481644630432, 20.483672857284546, 20.514581203460693, 20.549996614456177, 20.495993614196777, 20.541862964630127, 20.51761031150818]","[2895.576890803841, 51.63470429048658, 36.00523342820104, 28.417686302166057, 23.136038421673547, 20.83187979864827, 18.464439023099025, 16.801073103931664, 14.865963846249873, 13.947268868849397, 13.325564835578463, 12.45097091355601, 11.794570456165413, 11.541658292447245, 11.068954940698228, 10.350347742820606, 10.250538007555505, 9.593641497959347, 9.625717382613717, 8.76949364465039, 8.535824375812728, 8.325471255757467, 7.991473384884768, 7.5952272957158335, 7.388221838564396, 7.081004346879483, 6.978766521361685, 6.921969713630992, 6.515401837924357, 6.6991709914692885]"
50,5,0.0005,30,2.7657568,2.169119,0.9997495412826538,20.498167196909588,"[20.48334264755249, 20.564037561416626, 20.429381132125854, 20.506771326065063, 20.538154363632202, 20.52175498008728, 20.502712965011597, 20.509963035583496, 20.44628357887268, 20.475926637649536, 20.522600889205933, 20.511598348617554, 20.505669116973877, 20.520034790039062, 20.50993323326111, 20.507502794265747, 20.554442405700684, 20.47704029083252, 20.509700775146484, 20.52880358695984, 20.415531635284424, 20.436153888702393, 20.549978494644165, 20.45405864715576, 20.440415859222412, 20.53345012664795, 20.46533179283142, 20.46802544593811, 20.581231355667114, 20.475184202194214]","[3558.6976272744905, 39.72101866805267, 26.21590098328726, 21.688047098898732, 18.40273126530335, 16.799769460536766, 15.308110053329749, 13.995064137397765, 13.139976257149243, 11.964735212520285, 11.562288649095523, 10.537111131197825, 10.148141305027407, 9.767490988214984, 9.11464509559901, 8.86937261049892, 8.672949976283716, 8.280637901837583, 8.01756164383989, 7.762393633090773, 7.565493909251677, 7.275282860603427, 7.137597733738478, 7.23904175395512, 7.0516030792895235, 6.5975386496312005, 6.587918833170623, 6.394928664009709, 6.394333308757848, 6.203109086076343]"
50,5,0.0001,30,1.6870425,1.0257456,0.9998952150344849,20.489954169591268,"[20.493041276931763, 20.52373433113098, 20.57046151161194, 20.4452121257782, 20.51549792289734, 20.512853145599365, 20.543395519256592, 20.534104824066162, 20.44529128074646, 20.44545340538025, 20.518718242645264, 20.5014488697052, 20.49192452430725, 20.509633541107178, 20.42652201652527, 20.546197652816772, 20.479421615600586, 20.50346565246582, 20.525418043136597, 20.439093828201294, 20.462549686431885, 20.5059335231781, 20.481754779815674, 20.48084330558777, 20.44116759300232, 20.438400268554688, 20.538861989974976, 20.45507049560547, 20.442863941192627, 20.480290174484253]","[16289.044443927607, 53.29162917562707, 28.54580692774474, 17.830217206988923, 13.735470031961539, 11.506090357322165, 10.071424418938342, 9.188419055014718, 8.434867446867985, 7.890330594073672, 7.39123569023043, 7.0076340062616955, 6.6413664748103205, 6.45456666801141, 6.163496321904998, 5.8920910554047365, 5.742153684067739, 5.618916782737592, 5.413563847692285, 5.246715053305941, 5.107372140477302, 5.03545219893669, 4.885714699270196, 4.764094117524582, 4.677830313836676, 4.585686311280298, 4.542633466243614, 4.425791946109628, 4.381312186048899, 4.2854934926795485]"
50,5,5e-05,30,3.591293,3.0563385,0.9996054172515869,20.537863858540852,"[20.5138578414917, 20.532056093215942, 20.462647676467896, 20.51029682159424, 20.443594455718994, 20.482231855392456, 20.470611572265625, 20.402589321136475, 20.40012240409851, 20.48173761367798, 20.995055437088013, 21.280232191085815, 20.799999713897705, 20.46112370491028, 20.513067960739136, 20.53902792930603, 20.54875683784485, 20.4240562915802, 20.519625186920166, 20.52800750732422, 20.55591320991516, 20.48140525817871, 20.46235156059265, 20.489458322525024, 20.513707637786865, 20.462880611419678, 20.41805386543274, 20.59157681465149, 20.4201602935791, 20.43170976638794]","[21597.95179360311, 101.27212070013238, 53.954908210442575, 29.702748830857235, 17.81183620156745, 12.523617117686042, 10.242377566897582, 8.92484758837417, 8.049062996330024, 7.477827369971567, 7.030301534054256, 6.649504070735524, 6.306636464196424, 6.06318696530121, 5.915582707778075, 5.649128419570787, 5.456603005593521, 5.293994597927973, 5.116915321416795, 4.9940858532890156, 4.911855153658114, 4.621410027243945, 4.598740831814609, 4.440232890133449, 4.327347621004459, 4.248999136744075, 4.155017132862719, 4.051161893631238, 3.9899169300524235, 3.9009739032592705]"
50,5,1e-05,30,2.5688767,1.6215444,0.9997526407241821,20.49459054470062,"[20.507168292999268, 20.470919132232666, 20.512610912322998, 20.56137490272522, 20.50785493850708, 20.433656692504883, 20.44621467590332, 20.459319353103638, 20.52626347541809, 20.53494644165039, 20.47874689102173, 20.45559024810791, 20.54604697227478, 20.489068269729614, 20.45799732208252, 20.520774602890015, 20.486817121505737, 20.487717628479004, 20.519346475601196, 20.456937551498413, 20.5903742313385, 20.46591067314148, 20.476972818374634, 20.47698736190796, 20.494808673858643, 20.452672719955444, 20.500483751296997, 20.592116594314575, 20.49005389213562, 20.437963724136353]","[170468.74311056823, 246.57301753121692, 187.82207991072184, 152.66792979328915, 127.76868858425898, 109.47616037739417, 95.36412747432051, 83.69792424513263, 72.84842684578688, 62.56993557818592, 53.857442049024925, 46.43990312594774, 40.0871437143811, 34.73824692058771, 30.142812161173623, 26.04621791932325, 22.40649457308403, 18.923002728891426, 16.121431980908373, 13.94767457567253, 12.365311050958379, 11.147586764450548, 10.296011958043518, 9.55285497867059, 9.032263972366424, 8.565696681357561, 8.226989030122237, 7.864690674737291, 7.569105695510145, 7.320763750262071]"
64,2,0.05,30,17.693624,15.201012,0.9917579889297485,14.083812664295065,"[14.058613777160645, 14.08169937133789, 14.04730749130249, 14.055303812026978, 14.111382007598877, 14.14182186126709, 14.147109985351562, 14.071716070175171, 14.08982253074646, 14.076234340667725, 14.070982456207275, 14.0629301071167, 14.131089925765991, 14.074156045913696, 14.035232543945312, 14.060664415359497, 14.05029296875, 14.09853458404541, 14.061910629272461, 14.099824905395508, 14.042937517166138, 14.231842756271362, 14.059280157089233, 14.083739280700684, 14.050691366195679, 14.120678186416626, 14.058663368225098, 14.093288660049438, 14.062816143035889]","[736.0528326247977, 263.54174092659264, 218.8083175303634, 204.6168268510348, 169.04040009765907, 151.6143206559024, 147.17911039819884, 135.44063195807445, 128.41715022713336, 127.59544491601953, 125.33624239971934, 124.64484973728462, 123.1370824754043, 125.4640167377336, 122.36534040346416, 119.59544278290855, 121.30737965586535, 120.44264095523863, 121.65003391020163, 121.73079430363974, 121.82813718799486, 117.9567007707131, 118.45976829405174, 123.17679969221354, 121.36638969527843, 119.75987376484157, 120.93815308812533, 121.21490491067739, 120.3421805446325]"
64,2,0.01,30,5.028593,3.905288,0.999333381652832,14.08492902914683,"[14.103317499160767, 14.066035509109497, 14.07844090461731, 14.032761096954346, 14.025283336639404, 14.161701917648315, 14.09285044670105, 14.102219343185425, 14.125309228897095, 14.14402961730957, 14.07925271987915, 14.134071350097656, 14.095282316207886, 14.125263452529907, 14.054129838943481, 14.112311840057373, 14.06447172164917, 14.08565378189087, 14.109907627105713, 14.06376028060913, 14.088631391525269, 14.057241916656494, 14.07333517074585, 14.04636025428772, 14.047748565673828, 14.072544574737549, 14.116266250610352, 14.064853191375732, 14.053776741027832, 14.071058988571167]","[739.3476100578318, 75.8165417545227, 53.51208163911729, 44.80640576395926, 36.97314261531205, 31.533770676393175, 27.95932655846578, 28.05210841876581, 26.456154571626513, 26.34785706653996, 27.375836661549116, 26.62260945710683, 24.661871648169893, 24.229358671761755, 22.729038897771634, 21.48147110914299, 21.17055415194563, 20.214806537554644, 19.622497162899595, 19.25089087428354, 18.399302816726106, 17.498042442164827, 17.224240862451268, 16.69507397097987, 16.546712302338477, 15.621796325158215, 14.640620406440512, 14.558531655738838, 13.919514029095657, 13.84252234560531]"
64,2,0.005,30,1.7743275,1.0440602,0.9998965263366699,14.09444100856781,"[14.055219650268555, 14.126731634140015, 14.08843994140625, 14.067870140075684, 14.432333946228027, 14.109301090240479, 14.032788038253784, 14.061298608779907, 14.012227296829224, 14.113176584243774, 14.128781080245972, 14.065468549728394, 14.007018804550171, 14.042389869689941, 14.07496690750122, 14.065817832946777, 14.146875143051147, 14.09653615951538, 14.106304168701172, 14.098727464675903, 14.0904860496521, 14.063512802124023, 14.091503381729126, 14.102071046829224, 14.05330514907837, 14.068788766860962, 14.068127870559692, 14.144666194915771, 14.120202541351318, 14.098293542861938]","[1367.512106015172, 59.94207590740321, 40.87857105618741, 32.11180960016089, 26.122243023302616, 22.464585560735916, 20.137740977043407, 17.280673077167318, 14.461554605220993, 12.910018815012348, 11.361925973414595, 9.757890663829563, 9.31787882055518, 8.685386745665857, 7.860284441122256, 7.655036006761333, 7.326847707197949, 6.980009251774399, 6.74844547764573, 6.509487719116448, 6.290701515777402, 5.924713727151853, 5.978392513399724, 5.726596898586371, 5.4635606302786215, 5.351661100869746, 5.23585168690742, 5.022752559959368, 4.943949433482826, 4.744469048528562]"
64,2,0.001,30,2.1391485,1.4832191,0.9998390078544617,14.080207872390748,"[14.094440698623657, 14.121858596801758, 14.06921100616455, 14.105421543121338, 14.046173810958862, 14.096543073654175, 14.03773307800293, 14.143171787261963, 14.079768180847168, 14.105409622192383, 14.052048444747925, 14.060824394226074, 14.062948942184448, 14.052525281906128, 14.075937747955322, 14.118810415267944, 14.103603601455688, 14.062854528427124, 14.104981422424316, 14.069159030914307, 14.058172225952148, 14.081479787826538, 14.122213125228882, 14.114253044128418, 14.060009717941284, 14.077098608016968, 14.037913799285889, 14.099655389785767, 14.04322099685669, 14.048794269561768]","[2102.493247264598, 58.95032283195241, 34.53550470200688, 26.02757458475024, 21.736933569070032, 18.876240666174862, 17.04381735025047, 15.477224589890788, 14.339620509213365, 13.315659883924187, 12.718789922976338, 12.083260846222592, 11.423533575633728, 11.014920969505887, 10.381780082246037, 10.1199539276938, 9.672978293581757, 9.423809561292808, 9.043476765007432, 8.833625580977209, 8.395357849588821, 8.279229816659374, 7.999191539215664, 7.698261325316723, 7.425863837636194, 7.175149688057959, 7.025324893090468, 6.789905568267581, 6.710990146819226, 6.469016133136559]"
64,2,0.0005,30,2.1052167,1.2921095,0.9998396635055542,14.087455209096273,"[14.020265102386475, 14.077579021453857, 14.0501549243927, 14.085702657699585, 14.0552396774292, 14.130645275115967, 14.067421197891235, 14.061264991760254, 14.182053327560425, 14.077607154846191, 14.075615882873535, 14.081562519073486, 14.115904808044434, 14.073653221130371, 14.175062656402588, 14.048794746398926, 14.022781133651733, 14.062305927276611, 14.076495885848999, 14.042113304138184, 14.077539443969727, 14.104291677474976, 14.056320428848267, 14.125130653381348, 14.092675924301147, 14.160908699035645, 14.080624103546143, 14.168901920318604, 14.07069706916809, 14.104342937469482]","[8640.873289417232, 105.12480603217037, 41.513268672743216, 29.465671078249095, 22.79983422605882, 19.07834764949034, 16.581917721859494, 14.775854699411246, 13.634885560688623, 12.408194647353614, 11.722307250961075, 11.143729374300705, 10.641028631966577, 10.237962739794275, 9.809335721778687, 9.4219370476869, 9.16273161995847, 8.772487254870251, 8.455404783115116, 7.954011189885535, 7.80181541869734, 7.594293363912918, 7.339729401848267, 7.128714587197814, 6.972102987437659, 6.846454088035239, 6.7320947151419634, 6.599331846322425, 6.543013214145881, 6.391253902922551]"
64,2,0.0001,30,3.0459328,1.9642794,0.9996705055236816,14.078148333231608,"[14.071400165557861, 14.12188720703125, 14.048144102096558, 14.061747789382935, 14.086209774017334, 14.100107669830322, 14.018301725387573, 14.106032371520996, 14.043867588043213, 14.068010091781616, 14.111520528793335, 14.060343503952026, 14.079397439956665, 14.059029579162598, 14.09120488166809, 14.050716638565063, 14.068882703781128, 14.078162908554077, 14.122694730758667, 14.099617004394531, 14.079312086105347, 14.068599700927734, 14.051029920578003, 14.106337308883667, 14.058137893676758, 14.149057149887085, 14.05981183052063, 14.122475147247314, 14.016287803649902, 14.086122751235962]","[51206.365411124374, 198.4620265393278, 143.11529920116783, 110.3633603500487, 88.61300753649145, 72.9214772084915, 61.51308394909946, 52.897237153357814, 45.80916065685288, 40.55385891055306, 36.073672503493235, 32.33208680243992, 29.22449718532864, 26.46788387895281, 24.18259329257704, 22.034196321588155, 20.183682280189995, 18.712639056243752, 17.351751463593484, 16.201137698340883, 15.215644485597787, 14.320902553692004, 13.552876495752143, 12.92654564840044, 12.315157376002016, 11.87930445438129, 11.336500644301548, 10.892231433217182, 10.469204998514147, 10.128663308186432]"
64,2,5e-05,30,4.6645923,2.897416,0.9992858171463013,14.076997756958008,"[14.0650315284729, 14.10832929611206, 14.089934825897217, 14.050908327102661, 14.033812522888184, 14.070844411849976, 14.063293218612671, 14.042405366897583, 14.039086818695068, 14.052817344665527, 14.086730003356934, 14.015287160873413, 14.110939264297485, 14.058257102966309, 14.108330726623535, 14.093741655349731, 14.080862998962402, 14.069661855697632, 14.160688638687134, 14.105499505996704, 14.052696704864502, 14.08449101448059, 14.105934143066406, 14.17416787147522, 14.088191270828247, 14.057414531707764, 14.050611972808838, 14.086217164993286, 14.024928092956543, 14.078817367553711]","[139421.640177075, 249.39104335120672, 209.13897310307973, 184.22549310235476, 162.3545360161748, 145.10035601974053, 132.06708435278273, 121.64924863566478, 112.81995905122382, 104.67177385221923, 97.10538517843167, 90.51846296141761, 84.37082043055884, 78.97154376327211, 73.8760249540535, 69.17737729515571, 64.68854998136712, 60.405165214335554, 55.114031985337036, 50.5831905167436, 47.22028399027852, 44.28319057859236, 41.5171468834104, 38.985491222299345, 36.59488579201386, 34.452763441315646, 32.37842040831085, 30.42328577927887, 28.51236218178246, 26.617998859344873]"
64,2,1e-05,30,10.422448,6.5193133,0.9964001178741455,14.086847289403279,"[14.065759897232056, 14.164382219314575, 14.12600326538086, 14.086555242538452, 14.0905122756958, 14.141275644302368, 14.085783004760742, 14.081386804580688, 14.091495275497437, 14.074469804763794, 14.100068807601929, 14.070139646530151, 14.052713871002197, 14.03950834274292, 14.126025915145874, 14.064815282821655, 14.072962999343872, 14.091988563537598, 14.068487405776978, 14.113024711608887, 14.076868534088135, 14.091419219970703, 14.059329271316528, 14.10337495803833, 14.052606105804443, 14.050965070724487, 14.05481481552124, 14.140371084213257, 14.093132734298706, 14.075177907943726]","[216330.91784181554, 2954.428466639144, 282.14225475913054, 258.65647856585326, 246.3308752322301, 237.63377699321015, 230.92700262100936, 223.7258964376158, 216.5705297664784, 210.2441209338638, 203.87033195578897, 197.8196055798031, 192.00516233824226, 185.78337300370353, 178.40934717433942, 171.15272217104007, 164.20644303375457, 158.0004809985515, 152.60514156110423, 148.1603818587861, 144.19775199317516, 140.58773416436915, 137.13725343255496, 133.82985565053323, 130.68537926478677, 127.60100694983286, 124.71164528121074, 121.95504490074633, 119.28898043416473, 116.68702927049591]"
64,3,0.05,30,6.920587,4.7911034,0.9987130165100098,16.83267392317454,"[16.82139754295349, 16.965683460235596, 16.778886318206787, 16.839927911758423, 16.76970624923706, 16.882607221603394, 16.800095081329346, 16.80372166633606, 16.75097155570984, 16.836692333221436, 16.856473207473755, 16.87135362625122, 16.825754404067993, 16.831045150756836, 16.972151279449463, 16.83407688140869, 16.885413646697998, 16.812150955200195, 16.898273229599, 16.867371082305908, 16.826822757720947, 16.777219772338867, 16.781507968902588, 16.83646011352539, 16.775051832199097, 16.770540475845337, 16.81737446784973, 16.878495931625366, 16.77914547920227, 16.83384609222412]","[12055.121802788373, 593.882679310428, 408.0122232383776, 257.8934662524269, 209.35564476694083, 324.53613127201925, 163.36743609353445, 159.43021080529064, 147.2189836891197, 144.3571388544474, 159.6214616881708, 145.82735154279976, 153.9549145217025, 124.92870689082615, 138.63736697569425, 134.84906456733376, 145.95717869666467, 123.98563914378397, 126.59336561810501, 128.6752392164224, 118.26321288617937, 139.64824479193666, 190.71788833423733, 199.78144692613307, 144.11527347551683, 117.39401423840023, 158.22297120016214, 114.32336237727294, 132.23453731750297, 168.85375558731337]"
64,3,0.01,30,4.2942204,4.0062184,0.9992860555648804,16.82461075782776,"[16.856480360031128, 16.853107213974, 16.749542951583862, 16.763330936431885, 16.860588550567627, 16.71370005607605, 16.72745394706726, 16.819018602371216, 16.699433088302612, 16.751335382461548, 16.791917324066162, 16.893393516540527, 16.785651683807373, 16.85388684272766, 16.784892320632935, 16.969762563705444, 16.97991943359375, 16.909714937210083, 16.859203100204468, 16.819955587387085, 16.829277515411377, 16.799201250076294, 16.88148283958435, 16.793374061584473, 16.88003420829773, 16.81071662902832, 16.808223962783813, 16.77027416229248, 16.835718631744385, 16.887731075286865]","[823.8951399559277, 84.79405155680325, 46.73833503870204, 34.243959505908094, 32.01419725698545, 25.88828552924259, 29.44224455755806, 23.415037357537116, 21.672121998548963, 21.59965724688365, 18.286816243293764, 15.984463896545455, 14.297891464954706, 13.484808205289351, 13.320140056743178, 13.199844529819735, 12.694084393893528, 11.970649297637905, 11.724457458446542, 11.43731063584427, 10.99586794438353, 10.718926663791118, 10.491748648752585, 10.75266796720568, 9.857830027891039, 9.857480696687174, 9.833484091004967, 9.649590840514374, 9.597459499345987, 9.627625504272734]"
64,3,0.005,30,2.3973737,1.8023492,0.9997612833976746,16.8275199731191,"[16.782889366149902, 16.780895471572876, 16.766665935516357, 16.871476888656616, 16.802648305892944, 16.78263807296753, 16.861357927322388, 16.867833375930786, 16.780873775482178, 16.859264612197876, 16.914074897766113, 17.016317129135132, 16.79454517364502, 16.77606225013733, 16.78785467147827, 16.82645535469055, 16.82340717315674, 16.884381771087646, 16.8494975566864, 16.828248023986816, 16.855518579483032, 16.89506506919861, 16.83963632583618, 16.74524450302124, 16.761422157287598, 16.82110571861267, 16.805469036102295, 16.709247827529907, 16.861241817474365, 16.874260425567627]","[901.7318256217579, 76.55335804950202, 43.88748371360344, 29.23262131778629, 24.562651790629698, 19.414278056374933, 17.986211999413033, 16.187637012207873, 14.922102392939891, 14.076666671986077, 13.022893417537148, 15.02945553574825, 13.550693831817291, 11.929280430753614, 11.353777399538776, 10.752710969557409, 10.392792769972088, 9.622668764883384, 9.365419702401068, 9.234495510066571, 8.837948260039871, 8.738861374605822, 8.614748875329914, 8.086164911297926, 7.947366301950441, 8.09772442618393, 7.605099442813497, 7.190530170822784, 7.476720979774786, 6.9137081781760115]"
64,3,0.001,30,1.7767822,1.1907748,0.999897837638855,16.823915163675945,"[16.784238576889038, 16.766010522842407, 16.74362349510193, 16.815187454223633, 16.75029420852661, 16.973400831222534, 16.785223960876465, 16.779175758361816, 16.77327799797058, 16.831014394760132, 16.827987670898438, 16.88197374343872, 16.842539072036743, 16.885615348815918, 16.862810134887695, 16.791495084762573, 16.865853786468506, 16.816653966903687, 16.81243658065796, 16.770856857299805, 16.863807201385498, 16.793720245361328, 16.821329832077026, 16.831438064575195, 16.808660984039307, 16.819488525390625, 16.904852151870728, 16.906351566314697, 16.811994075775146, 16.79614281654358]","[1108.503066378129, 34.10095179481147, 23.518948639738962, 19.181834677795525, 16.575699953598228, 14.852686012212562, 13.763360615526874, 12.398090476731415, 11.503573585236568, 10.50462139371018, 10.089197691452718, 9.286583424793907, 8.879050801089237, 8.659994128636008, 8.341644620897013, 7.663135263328664, 7.738168548369642, 6.957070434539209, 7.178918534743408, 6.851342516581174, 6.3791927264100465, 6.2955954597457655, 5.978867452327308, 5.9438264253935635, 5.821492733401308, 5.613646277023162, 5.606587696222662, 5.1985893845924185, 5.137305740649328, 5.206229697957667]"
64,3,0.0005,30,2.6940877,2.112962,0.9996928572654724,16.789582697550454,"[16.825505256652832, 16.75645399093628, 16.754629611968994, 16.805285692214966, 16.93718934059143, 16.775197744369507, 16.77004647254944, 16.708234548568726, 16.791229963302612, 16.776724338531494, 16.844610452651978, 16.810792207717896, 16.71723484992981, 16.816717624664307, 16.731127500534058, 16.820044994354248, 16.813621759414673, 16.75071430206299, 16.782294750213623, 16.80492854118347, 16.870418548583984, 16.79652690887451, 16.927078247070312, 16.73685312271118, 16.711146593093872, 16.756062984466553, 16.799299716949463, 16.792621850967407, 16.71092438697815, 16.793964624404907]","[2293.2660013348777, 30.957942772022243, 18.988335440935785, 15.54610652629465, 12.872461413810086, 11.513798788433903, 10.167612207687448, 9.304930744985501, 8.415903126080744, 8.040052577503449, 7.258560379332655, 7.148012049805259, 6.700557607840177, 6.435934118105009, 6.165316810733822, 5.881726863464609, 5.694098251827029, 5.5526184435226185, 5.370856255610112, 5.072429398139817, 5.079453993259266, 4.9377485621582275, 4.6911311620586105, 4.5610251514562385, 4.601189107146098, 4.395962159478769, 4.360177065286476, 4.234987070291877, 4.110017889561579, 4.199437308023525]"
64,3,0.0001,30,1.7645376,1.1390848,0.9998875260353088,16.754940684636434,"[16.719704389572144, 16.740181922912598, 16.750929832458496, 16.905606269836426, 16.74856448173523, 16.744992971420288, 16.752732515335083, 16.78462815284729, 16.70599365234375, 16.68768310546875, 16.77344536781311, 16.763155221939087, 16.788346767425537, 16.759171962738037, 16.79200029373169, 16.804442405700684, 16.721086025238037, 16.790594339370728, 16.72195529937744, 16.752662420272827, 16.768863677978516, 16.80386471748352, 16.772441864013672, 16.717817306518555, 16.700015544891357, 16.7181236743927, 16.71752905845642, 16.784177541732788, 16.770221948623657, 16.6872878074646]","[11505.924345129702, 66.17313708482091, 31.090770228005393, 18.38252266613547, 13.619487209757994, 11.431396420158478, 9.916852203811882, 8.842456036959023, 8.070892376979756, 7.56541519763363, 7.079803795199923, 6.775839097553856, 6.342566740434763, 6.050738634553832, 5.77666573689673, 5.5020121856303845, 5.312437832095217, 5.056167192122691, 4.924246285651611, 4.734866979536011, 4.595031587158911, 4.497527754541251, 4.3470996805186095, 4.294265445183523, 4.199735147000075, 4.100165991771429, 4.065812093592107, 3.936877688523138, 3.913396022520455, 3.7717612538177634]"
64,3,5e-05,30,2.395517,1.811462,0.999771237373352,16.75773951212565,"[16.70160460472107, 16.759300708770752, 16.747555255889893, 16.78516960144043, 16.81927514076233, 16.75843048095703, 16.75212574005127, 16.711084604263306, 16.688191175460815, 16.831137895584106, 16.763434410095215, 16.71214532852173, 16.786144018173218, 16.773804187774658, 16.715186595916748, 16.75226092338562, 16.73712468147278, 16.63739848136902, 16.64188551902771, 16.713598251342773, 16.941488027572632, 17.00423002243042, 16.755436420440674, 16.755987882614136, 16.73331904411316, 16.731717109680176, 16.737231492996216, 16.826985836029053, 16.761380672454834, 16.697551250457764]","[31041.663317366067, 110.0906146267616, 54.48134065380393, 30.001976337137442, 20.044336710564433, 15.388491473197286, 12.789449663808382, 11.064212316102205, 9.939856356587342, 8.893740804516202, 8.22006769914294, 7.643951172993303, 7.253227719075278, 6.900979912095585, 6.573372549861344, 6.2348601480205765, 5.985396272547575, 5.777622531930708, 5.551101328821357, 5.381559284623533, 5.221213843644999, 5.0091047393377695, 4.880098831782923, 4.70226588978241, 4.583069579984879, 4.385999215929464, 4.29577227355709, 4.195568985509072, 4.0586803440639025, 4.0082649979049005]"
64,3,1e-05,30,2.9647908,1.7996101,0.9996898174285889,16.7594899336497,"[16.74997353553772, 16.836214065551758, 16.80510115623474, 16.727294921875, 16.904263973236084, 16.95731830596924, 16.70100474357605, 16.728015899658203, 16.751729488372803, 16.698676109313965, 16.6703360080719, 16.683455228805542, 16.7528715133667, 16.717592000961304, 16.712356090545654, 16.792516708374023, 16.709585905075073, 16.772696495056152, 16.745044708251953, 16.763481616973877, 16.724996328353882, 16.845210313796997, 16.6997332572937, 16.759687900543213, 16.75666308403015, 16.729804754257202, 16.767109155654907, 16.778492212295532, 16.77203631401062, 16.77143621444702]","[139025.62649062523, 279.3643073088217, 204.66621789661556, 171.16877394407078, 142.6193635012125, 120.94555748784386, 102.19459693218423, 86.98318558905322, 75.76413846250185, 65.94663075061604, 57.48374695939268, 50.35682932765723, 43.810871932444094, 37.836265508654854, 32.61208338061079, 28.138279455587853, 24.3183991035292, 21.11496999811007, 18.46214841521756, 16.435447176096872, 14.865532221850088, 13.611961026671933, 12.55863457215405, 11.668049416297388, 10.945589580357595, 10.395804446288201, 9.911925519804377, 9.472784074999424, 9.060446652677317, 8.722195342313254]"
64,4,0.05,30,180.58894,125.01529,-0.03828364610671997,18.68380227088928,"[18.724984645843506, 18.65528893470764, 18.685896635055542, 18.675601482391357, 18.677239656448364]","[173053.35806159265, 36678.65579583447, 36566.488499270774, 36475.68218007983, 36371.992425510456]"
64,4,0.01,30,5.606293,4.7080693,0.9986171126365662,18.684781074523926,"[18.702178955078125, 18.709998846054077, 18.63882827758789, 18.678793907165527, 18.734577178955078, 18.665491104125977, 18.669678449630737, 18.623575448989868, 18.663207054138184, 18.686252117156982, 18.6967556476593, 18.74162197113037, 18.714630603790283, 18.708503007888794, 18.701252937316895, 18.737027406692505, 18.687175750732422, 18.694480895996094, 18.66278576850891, 18.70052981376648, 18.634476900100708, 18.68299961090088, 18.739158868789673, 18.663362503051758, 18.694941997528076, 18.686805725097656, 18.545727968215942, 18.695200204849243, 18.69528079032898, 18.688132524490356]","[1291.3686439289536, 165.33093763211147, 104.85171736864675, 66.69314467163521, 66.60661139261124, 67.65314635104097, 44.414273032959244, 58.733887468932366, 62.66195700913017, 37.78180930301482, 32.783993114152004, 29.27059139737526, 27.156781390911238, 25.961823449482303, 26.304197164284936, 24.875939545656784, 24.881698049206335, 23.808514693918674, 24.114273256268433, 23.207493052655206, 23.27434755297272, 22.754097842542237, 21.912288444173647, 22.131045179295164, 21.603309593488785, 21.363355033364, 20.970030785507753, 21.240030220453527, 20.87953452992875, 20.56766260478556]"
64,4,0.005,30,2.358544,1.7456067,0.9997792840003967,18.721281592051188,"[18.777164459228516, 18.729602813720703, 18.68342614173889, 18.73000192642212, 18.864386320114136, 18.729162216186523, 18.66261863708496, 18.718129634857178, 18.723302602767944, 18.716044187545776, 18.76669478416443, 18.70145583152771, 18.730762720108032, 18.737889051437378, 18.671648025512695, 18.719324350357056, 18.698230266571045, 18.71416401863098, 18.709755420684814, 18.70755934715271, 18.733283042907715, 18.712474822998047, 18.7135226726532, 18.754289627075195, 18.72433090209961, 18.687119245529175, 18.748265504837036, 18.679771900177002, 18.673160791397095, 18.720906496047974]","[1089.8537668183642, 101.96257211840569, 83.8120317473422, 54.73337383077004, 39.175582138488, 41.747879261175356, 31.866612967689356, 28.86377350668785, 26.89829314563537, 23.15473194706648, 21.87200898218363, 19.337178598064522, 18.81415693815716, 15.949834182199627, 16.02719469780029, 15.147866440587169, 14.308398086211632, 15.68607562171157, 12.556367430677353, 11.743200706879254, 11.009993116529943, 11.229853724076628, 10.074492684549217, 11.545529696472217, 9.653726980269086, 9.324489675600521, 10.621144761140235, 9.713690594157944, 9.366580149675332, 17.463027854055557]"
64,4,0.001,30,1.7888472,1.2651912,0.9998939633369446,18.726731832822164,"[18.676204442977905, 18.659059524536133, 18.67658543586731, 18.736950159072876, 18.702068567276, 18.654188871383667, 18.729548692703247, 18.706438302993774, 18.712904930114746, 18.76809525489807, 18.731878995895386, 18.74294924736023, 18.73237681388855, 18.717183113098145, 18.796474933624268, 18.74845814704895, 18.781766414642334, 18.7794828414917, 18.708733797073364, 18.780659914016724, 18.71597123146057, 18.76400136947632, 18.87121844291687, 18.688018083572388, 18.667698621749878, 18.743175506591797, 18.720925092697144, 18.70108699798584, 18.70040273666382, 18.687448501586914]","[2192.575357612564, 46.12465746303833, 30.215835152869012, 24.507071855888746, 20.105011458106045, 18.028194784142045, 15.16042008249325, 13.693138850673902, 12.328945273086104, 11.639929685644057, 10.625277288201138, 10.231719267973473, 9.463736722306816, 9.154762935967033, 8.426765539183172, 8.37959496005475, 7.995509692109861, 7.3370978907482725, 7.497010158683991, 7.041357166776393, 7.007994036918189, 6.573338100800543, 6.444976813229021, 6.257284560956581, 6.026147946011779, 5.962944834586639, 5.683588613015823, 5.57412743622917, 5.489587367357743, 5.449962493174559]"
64,4,0.0005,30,3.4758902,2.9628842,0.9996410608291626,18.69715126355489,"[18.644400119781494, 18.59996771812439, 18.626944303512573, 18.666810512542725, 18.666819095611572, 18.66166043281555, 18.670884370803833, 18.641935110092163, 18.646283864974976, 18.7726092338562, 18.702789783477783, 18.62866234779358, 18.702778100967407, 18.728673934936523, 18.718937873840332, 18.752676725387573, 18.701292514801025, 18.699289798736572, 18.770427465438843, 18.763875484466553, 18.728782176971436, 18.689040899276733, 18.741787672042847, 18.70036816596985, 18.683698654174805, 18.789482355117798, 18.668511867523193, 18.64533543586731, 18.7327561378479, 18.76705574989319]","[2841.4288344232277, 34.69042919455787, 21.957797326586782, 16.766172815163063, 14.436352626839449, 12.54522626023886, 11.338508112697687, 10.458327377467176, 9.693259544499771, 9.087721912011373, 8.25588321560937, 8.05114266066507, 7.581656789478305, 6.983235973539441, 6.983173540939768, 6.502693212229157, 6.214823655963074, 6.067971439946719, 5.725118427419441, 5.677580343116091, 5.407541195825393, 5.307970536909346, 5.194652641330354, 5.015055360414869, 5.147276853841595, 4.7279195628580375, 4.825343994061792, 4.710092456177625, 4.633462238475257, 4.562232539989054]"
64,4,0.0001,30,1.700589,1.1016608,0.9998998641967773,18.690855964024863,"[19.42782998085022, 18.88598871231079, 18.611170530319214, 18.66732144355774, 18.678579330444336, 18.623169660568237, 18.64100670814514, 18.569904804229736, 18.620568990707397, 18.64669418334961, 18.683687210083008, 18.66112446784973, 18.650480270385742, 18.65876269340515, 18.642759323120117, 18.65064549446106, 18.655909538269043, 18.670549631118774, 18.71183204650879, 18.660332679748535, 18.646732568740845, 18.663719654083252, 18.654468297958374, 18.678401708602905, 18.728946208953857, 18.656287670135498, 18.694634437561035, 18.751068115234375, 18.64317750930786, 18.589925050735474]","[10175.072091887481, 48.25023605202743, 22.350854578188024, 14.616641153040542, 11.479953017541284, 9.540224719979681, 8.610770908359227, 7.846410342252216, 7.1666935582413425, 6.829685634660929, 6.400017773342119, 6.127053886855339, 5.912548554768404, 5.667367275271516, 5.495951412859735, 5.17123632726776, 4.994875628371036, 4.924730866643149, 4.686394488194949, 4.5924347650511885, 4.493359861204067, 4.349131041922195, 4.2346033193049015, 4.0854757734692315, 4.040775722474283, 3.956153398306479, 3.8330488690382527, 3.7783780534035936, 3.7087228629274462, 3.6307713799727632]"
64,4,5e-05,30,2.9603546,2.4387367,0.9996681213378906,18.714958548545837,"[18.80788254737854, 18.763104915618896, 18.698384761810303, 18.692458391189575, 18.721396923065186, 18.662092447280884, 18.64733624458313, 18.699625492095947, 18.60785937309265, 18.652756690979004, 18.70896077156067, 18.684488534927368, 18.705307960510254, 18.75283670425415, 18.741921186447144, 18.700640439987183, 18.668264865875244, 18.71511483192444, 18.76508140563965, 18.670631170272827, 18.74135947227478, 18.672852516174316, 18.674633741378784, 18.796546459197998, 18.72884249687195, 18.728134632110596, 18.757690906524658, 18.73861074447632, 18.816991567611694, 18.726948261260986]","[25232.551123763795, 91.11423907920263, 42.31272197628646, 26.101907487421837, 18.140735199308942, 13.800931861794933, 11.408574416680366, 9.847005198303483, 8.730403802133933, 7.959967684740908, 7.213440439179865, 6.684200750688278, 6.247424563368595, 5.893038624429905, 5.6262002706722924, 5.301292368060376, 5.150666606425426, 4.960086100141002, 4.7354638975227505, 4.614246468832432, 4.462254211786467, 4.36974537925689, 4.196258118461541, 4.106486736870001, 3.984669073065946, 3.939065429674844, 3.876826595039184, 3.769649109498122, 3.6293686951620416, 3.5705429549617733]"
64,4,1e-05,30,2.5113719,1.8167725,0.9997775554656982,18.6904802719752,"[18.6494140625, 18.70039963722229, 18.597306489944458, 18.686309576034546, 18.702921152114868, 18.62593388557434, 18.66343379020691, 18.62668514251709, 18.6122989654541, 18.70506477355957, 18.681110382080078, 18.70643901824951, 18.66849136352539, 18.726623058319092, 18.71979260444641, 18.7065327167511, 18.715372562408447, 18.673982858657837, 18.70173406600952, 18.75178360939026, 18.676979541778564, 18.718347311019897, 18.756419897079468, 18.701825857162476, 18.692606925964355, 18.677377939224243, 18.706367015838623, 18.75573492050171, 18.682151079177856, 18.72496795654297]","[107666.77940030156, 195.53603633538734, 142.10862408902122, 103.64355303431702, 70.6792964527961, 51.86415208427146, 39.26974243381138, 30.201369511508524, 23.156759078293128, 17.891974569993767, 14.21164570997701, 11.88428942578556, 10.363488567383008, 9.318789047721822, 8.605280960922222, 8.028252741712345, 7.519539112997888, 7.1069150833803425, 6.8151718910506975, 6.5904106863827225, 6.3709861682280575, 6.204911174687789, 6.0923472830708505, 5.966007518098084, 5.858374595743762, 5.7537205317810045, 5.679969964727889, 5.5941321457284765, 5.522675623356743, 5.4373356862538635]"
64,5,0.05,30,179.89922,137.4383,-0.05099242925643921,20.514412546157835,"[20.557560205459595, 20.456053256988525, 20.543203115463257, 20.431711435317993, 20.583534717559814]","[261025.44058451956, 36865.504999685494, 36545.42484959765, 36470.732775159275, 36407.504253404106]"
64,5,0.01,30,6.089314,4.806472,0.9989882707595825,20.496358148256938,"[20.59133744239807, 20.45781445503235, 20.4790198802948, 20.47055435180664, 20.453930616378784, 20.552383422851562, 20.497086763381958, 20.450692176818848, 20.42948031425476, 20.635563850402832, 20.547288417816162, 20.468764543533325, 20.530481338500977, 20.463687419891357, 20.549275398254395, 20.523441076278687, 20.464155673980713, 20.444015741348267, 20.526349544525146, 20.468838453292847, 20.518369913101196, 20.497817993164062, 20.47091507911682, 20.496339559555054, 20.51738977432251, 20.442183256149292, 20.458499431610107, 20.46311616897583, 20.506916284561157, 20.51503610610962]","[1217.3872519501172, 212.3661966103914, 132.444095840458, 95.99409001179072, 79.83264330153122, 65.97509986690883, 47.330940685247164, 41.84280125982246, 50.8915610038167, 34.71758633785308, 38.7246760208664, 63.65577001459734, 25.31074337675094, 50.35032560887002, 33.69637872874086, 35.149142177141066, 30.73702836064337, 33.152722954628054, 34.59855131131463, 38.4114906438362, 26.822998685087178, 32.13254008089156, 28.90577803701813, 27.902558439089937, 39.131477525461804, 29.800543010413776, 26.97316143047634, 58.85717383509412, 51.53725335847863, 42.90917528980294]"
64,5,0.005,30,1.8706762,1.166115,0.9998576641082764,20.54352972507477,"[20.53278875350952, 20.52135682106018, 20.592767000198364, 20.51445770263672, 20.583770036697388, 20.572543144226074, 20.45781660079956, 20.4754798412323, 20.558239221572876, 20.542153358459473, 20.485907316207886, 20.560203552246094, 20.495097637176514, 20.585980892181396, 20.559683322906494, 20.489893674850464, 20.468353033065796, 20.530789375305176, 20.500773429870605, 20.56828474998474, 20.5311062335968, 20.49273681640625, 20.847911834716797, 20.663442134857178, 20.48697519302368, 20.442341804504395, 20.536574602127075, 20.492706537246704, 20.690341472625732, 20.525415658950806]","[1128.4957643012683, 120.40007538162985, 84.1422337817443, 61.374700242385074, 69.33743050115338, 53.3139821748416, 37.61884236081979, 34.304022781339405, 38.52760687395605, 29.3115701364215, 40.16208618937882, 23.33545719604435, 22.254590487668867, 20.58453593562524, 26.404309949679014, 28.67345504914146, 20.911240698883564, 41.34919297445452, 39.07931180295075, 32.554767374811476, 25.51445471054537, 21.51420356282826, 20.699176877940392, 19.394071755450884, 18.63688152702322, 18.053752256215724, 17.291375642373964, 16.89973579803441, 15.869006856198231, 15.162055069946696]"
64,5,0.001,30,2.517021,1.935532,0.9998083114624023,20.5174768447876,"[20.517459630966187, 20.54238796234131, 20.594380140304565, 20.499051332473755, 20.547463178634644, 20.51130986213684, 20.45645308494568, 20.49530529975891, 20.57986569404602, 20.53579044342041, 20.489627361297607, 20.554169178009033, 20.513728857040405, 20.480789184570312, 20.51738667488098, 20.507889986038208, 20.52579665184021, 20.579926252365112, 20.549926042556763, 20.509478092193604, 20.57338285446167, 20.473783493041992, 20.453722953796387, 20.526695013046265, 20.428550243377686, 20.478883266448975, 20.539652109146118, 20.515828371047974, 20.47236204147339, 20.55326008796692]","[1891.5712413416288, 65.33313578900813, 46.22283645694888, 35.97900308693015, 29.863270761437033, 25.61764565087432, 22.465844992418088, 20.30354672857442, 18.00182776309257, 16.50052445305422, 15.406249601784362, 13.768921099359162, 13.026761919353564, 12.258752974710024, 11.433814824001628, 11.010889761487437, 10.481620821784613, 10.302275906125791, 10.396911899815414, 9.658393319183757, 9.19690769270274, 8.87434356562045, 8.68082087523178, 8.396636007036445, 8.197003834104109, 7.733128214271243, 7.7188316049526025, 7.710709322475743, 7.832255793621512, 6.701996701065955]"
64,5,0.0005,30,3.3549287,2.695814,0.9996920824050903,20.544423254330955,"[20.517859935760498, 20.56169843673706, 20.471861362457275, 20.526498556137085, 20.5625479221344, 20.50285315513611, 20.495316982269287, 20.664443254470825, 20.5107364654541, 20.50648283958435, 20.60977554321289, 20.525456428527832, 20.531277894973755, 20.587379455566406, 20.479105949401855, 20.547532081604004, 20.545482635498047, 20.54489803314209, 20.556970357894897, 20.687268495559692, 20.53109049797058, 20.549020290374756, 20.506638765335083, 20.47468066215515, 20.500536680221558, 20.65824794769287, 20.540183067321777, 20.546971321105957, 20.61035394668579, 20.479528665542603]","[3118.6836588924107, 46.30372149334594, 30.49179771093562, 24.33113034690962, 20.431567318005463, 17.20267370212254, 15.780701858573085, 14.46057973713431, 13.311095066588193, 12.5354064236513, 11.793987997364269, 10.616444659602369, 10.353949026021635, 9.457204346728052, 8.977142693198338, 8.495083008270598, 8.450577007753035, 8.099212070109575, 7.462230025526282, 7.647521492915318, 7.305214157746901, 6.83929989124571, 7.195390029037656, 6.698216195877104, 6.624077404784161, 6.457238698488012, 6.262057665448766, 6.187999379320892, 5.981830101256873, 6.112970323610937]"
64,5,0.0001,30,3.212332,2.605905,0.9995601177215576,20.516116237640382,"[20.481961488723755, 20.54868483543396, 20.502017498016357, 20.50817322731018, 20.529314517974854, 20.48166012763977, 20.449233770370483, 20.608879327774048, 20.475117206573486, 20.44453263282776, 20.516936540603638, 20.48328995704651, 20.473949909210205, 20.55143141746521, 20.50707244873047, 20.48393678665161, 20.573967695236206, 20.55294632911682, 20.553527355194092, 20.515543699264526, 20.57698941230774, 20.52160668373108, 20.527437210083008, 20.49241304397583, 20.47983479499817, 20.55457830429077, 20.50870990753174, 20.56767749786377, 20.532371282577515, 20.479692220687866]","[10654.63487381667, 47.15917506586256, 22.662150850722885, 15.998425300887838, 12.99629426791483, 11.492348981948009, 10.511719046136177, 9.484062147135623, 9.089243929890111, 8.434862735628366, 7.941932083441018, 7.582613678990688, 7.199692853527168, 6.898607753989934, 6.477966423370106, 6.169813817066006, 5.928340630947437, 5.731021058343058, 5.671238894200188, 5.3787024186997305, 5.136960438294052, 5.06741043858588, 4.9022030318115215, 4.749134454298683, 4.671293887675752, 4.574564593901052, 4.416338068233827, 4.339982445660865, 4.314115520562635, 4.2142004540076226]"
64,5,5e-05,30,2.3957167,1.623156,0.9998242855072021,20.562610308329266,"[20.491509914398193, 20.624643087387085, 20.57468318939209, 20.515214920043945, 20.58218264579773, 20.562934637069702, 20.56750726699829, 20.646668434143066, 20.497839212417603, 20.59516477584839, 20.559598684310913, 20.52838969230652, 20.62242555618286, 20.56238865852356, 20.578364610671997, 20.669009685516357, 20.56594443321228, 20.524112701416016, 20.540251970291138, 20.53518056869507, 20.57424831390381, 20.57071280479431, 20.5118465423584, 20.50724482536316, 20.675901174545288, 20.54884433746338, 20.519426822662354, 20.574610710144043, 20.53652548789978, 20.514933586120605]","[24087.578457352636, 96.32992399571765, 46.0594281070097, 22.918998542636242, 15.959675670646163, 13.184839812843496, 11.531564797669258, 10.19974266885735, 9.037729682596034, 8.287420550076591, 7.503339607081494, 7.003907529027181, 6.583097628793602, 6.161987706351879, 5.880151398321329, 5.668923702823022, 5.3820254243503625, 5.1770262793438535, 4.977523386795643, 4.759826678001855, 4.587465057206466, 4.565165524387236, 4.429291343312369, 4.267927564334889, 4.1674364875985805, 4.083599712179087, 4.022738360283351, 3.893581389347864, 3.819694941489262, 3.7571381887494217]"
64,5,1e-05,30,2.1698952,1.2018313,0.99982750415802,20.547559865315755,"[20.610625743865967, 20.516088247299194, 20.511476516723633, 20.574277639389038, 20.635003566741943, 20.490534782409668, 20.56057357788086, 20.46468710899353, 20.46371054649353, 20.54164958000183, 20.524885177612305, 20.501376152038574, 20.587238311767578, 20.536266326904297, 20.500260829925537, 20.577550888061523, 20.64640784263611, 20.49229598045349, 20.608299493789673, 20.508636713027954, 20.50009059906006, 20.568156242370605, 20.52290439605713, 20.543996334075928, 20.638694047927856, 20.55763840675354, 20.508761882781982, 20.603672981262207, 20.544330835342407, 20.586705207824707]","[86858.78254245306, 213.91916575442235, 151.4663076733918, 109.90996285235127, 80.35940645381353, 59.43687851382135, 45.63334058055971, 36.831356005767546, 30.757675547949873, 26.038884400508028, 22.198322187116833, 18.995760934158966, 16.265091576983576, 13.962904522463875, 12.230246645459442, 10.806604053174434, 9.72369975957808, 8.926496924987006, 8.287787575846107, 7.840350316658486, 7.462316065717602, 7.128666822957159, 6.868158523985652, 6.687812096524707, 6.545549010154364, 6.3307000415716885, 6.257945997559152, 6.079403325956005, 6.004270035858921, 5.87875105691545]"
100,2,0.05,30,9.276199,8.194965,0.9966689944267273,14.461482826868693,"[14.436511278152466, 14.414031028747559, 14.406672716140747, 14.39263391494751, 14.488371849060059, 14.464195251464844, 14.450448751449585, 14.436271905899048, 14.46865701675415, 14.460062026977539, 14.486487865447998, 14.477360248565674, 14.47310471534729, 14.450325965881348, 14.430818796157837, 14.46919059753418, 14.536627292633057, 14.495110750198364, 14.455039262771606, 14.462393283843994, 14.505085468292236, 14.494174242019653, 14.4370596408844, 14.448516368865967, 14.490878820419312, 14.510056257247925, 14.441383361816406, 14.472479581832886, 14.40522575378418, 14.485310792922974]","[856.6142333779793, 169.16743339669756, 150.15398915404836, 135.0154390616188, 124.9378195991943, 115.99002478691428, 112.40406947404016, 107.18535532141877, 108.46367811941944, 100.50052249373047, 100.45493575006593, 121.74694108832871, 145.03372433456272, 143.65496891841096, 137.49655860402177, 134.27468846068112, 137.31970368006864, 133.82278399280065, 133.50905054599437, 131.0367993562763, 131.1058728132706, 130.88724214853679, 132.96307349920792, 134.20994899535805, 132.44367735458775, 130.45297618789445, 130.56419796545433, 129.18935375963235, 132.10080857646517, 131.44198737407356]"
100,2,0.01,30,1.5438843,0.73781264,0.9999104738235474,14.46975387732188,"[14.450892210006714, 14.556398630142212, 14.616899251937866, 14.498257875442505, 14.450807332992554, 14.484735012054443, 14.491264820098877, 14.463541984558105, 14.508610725402832, 14.459127426147461, 14.474140167236328, 14.473471403121948, 14.523710250854492, 14.432144403457642, 14.434218168258667, 14.471893310546875, 14.480376958847046, 14.448605060577393, 14.43821668624878, 14.4359769821167, 14.42760944366455, 14.426796436309814, 14.428137302398682, 14.448150634765625, 14.477678537368774, 14.454554557800293, 14.432078123092651, 14.494682788848877, 14.432879209518433, 14.476760625839233]","[887.6718907679012, 81.38110700861336, 51.70416826133385, 36.8456056621007, 31.662651806825764, 24.790712980333893, 22.205227759304787, 18.589859416553807, 22.80406874616724, 15.567914186134999, 13.13847192632254, 11.760692647955173, 10.703329966968845, 9.800802368296546, 8.940872942191024, 8.596939463827223, 8.09316442047925, 7.631654910466686, 7.146303759928483, 6.891957155668774, 6.614862068637588, 6.291638783573714, 5.887458352949552, 5.541382627289205, 5.4150597687534106, 5.300057677909992, 5.078168716310121, 5.054779784985732, 4.823295883049449, 4.68879486772122]"
100,2,0.005,30,4.151065,3.007016,0.9995359182357788,14.463259053230285,"[14.535438537597656, 14.485480308532715, 14.416629791259766, 14.463605642318726, 14.440097570419312, 14.424026489257812, 14.449599027633667, 14.487101078033447, 14.445445537567139, 14.464523315429688, 14.569000244140625, 14.491755962371826, 14.449140071868896, 14.463969707489014, 14.442681789398193, 14.484643697738647, 14.425540208816528, 14.417731523513794, 14.468875169754028, 14.441076517105103, 14.452030420303345, 14.446795225143433, 14.485071897506714, 14.485611915588379, 14.482167720794678, 14.44215703010559, 14.441649675369263, 14.50659990310669, 14.468454599380493, 14.420871019363403]","[953.565554902413, 61.05726414684646, 42.184207824542796, 33.485741930139376, 29.44281769130688, 25.723255720005806, 22.131969792825295, 18.837836671067507, 16.901999448234925, 15.269199194972236, 13.274704834861137, 12.23206102564996, 10.929174536351098, 9.514897957566198, 8.272886384770633, 7.523488251524916, 7.156461246937969, 6.943218346359818, 6.563436378867215, 6.388451069853712, 6.123077377123864, 5.999522867567805, 5.741054182180801, 5.544701467150229, 5.5832113828591385, 5.353259965403241, 5.147234944118325, 4.7906354478841005, 4.6061048683502985, 4.531795048268764]"
100,2,0.001,30,2.727315,2.284739,0.9997317790985107,14.455752189954122,"[14.447843790054321, 14.436322450637817, 14.439294815063477, 14.43720293045044, 14.440217733383179, 14.412704706192017, 14.491913080215454, 14.456035375595093, 14.452216386795044, 14.43519377708435, 14.515137672424316, 14.453809022903442, 14.440640926361084, 14.464265584945679, 14.460222721099854, 14.475691318511963, 14.43023133277893, 14.445763111114502, 14.497156381607056, 14.467473268508911, 14.44030499458313, 14.475181341171265, 14.422621011734009, 14.478748321533203, 14.42543888092041, 14.510492324829102, 14.428608655929565, 14.463251829147339, 14.454198360443115, 14.47438359260559]","[2931.702136088407, 76.73539911568425, 45.63431609997843, 33.53783007441129, 27.597564380079117, 23.38399898488579, 20.622204375319086, 18.413870957106614, 16.68764446638362, 15.346203970125018, 14.027461644798908, 13.209460003293367, 12.645273159880304, 11.923727461734714, 11.308949279212536, 10.889150442140721, 10.129482891231644, 10.008846943165016, 9.704918631080002, 9.277603528783636, 8.856218299385176, 8.687214209771344, 8.431792371080757, 8.03214730709531, 7.980124830890561, 7.704909894957032, 7.42356465720291, 7.378919832058674, 7.259974682410797, 6.984342366062495]"
100,2,0.0005,30,1.8385849,1.0307739,0.9998775124549866,14.532269565264384,"[14.445065021514893, 14.498713254928589, 14.491885662078857, 14.488234043121338, 14.465150117874146, 14.438228607177734, 14.533006191253662, 14.495131015777588, 14.491733312606812, 14.489465951919556, 14.502651691436768, 15.493619680404663, 14.508024215698242, 14.528019189834595, 14.53218412399292, 14.534647226333618, 14.504841327667236, 14.485756874084473, 14.522565841674805, 14.473771572113037, 14.478666543960571, 14.501381874084473, 14.494826316833496, 14.499273777008057, 14.52936863899231, 14.500758409500122, 14.507915258407593, 14.52548336982727, 14.500295877456665, 14.507421970367432]","[8702.997561026154, 92.37499473605094, 36.74618594016571, 24.50635991199959, 19.300254202956197, 16.537541378468404, 14.511227347249548, 12.75912388308405, 11.435127099463513, 10.439810766289458, 9.67937409485727, 8.81688687312681, 8.218154280060114, 7.800542019356416, 7.42393860701618, 7.04025556810005, 6.782692766695499, 6.458788646905639, 6.244696355542762, 6.056664452424443, 5.82456791317131, 5.699107793448533, 5.615652752405756, 5.402458784678813, 5.337742771383977, 5.213097944581174, 5.1338655449262935, 4.983197120929291, 4.873066390209779, 4.818067575520206]"
100,2,0.0001,30,3.0298002,1.5128608,0.9997121095657349,14.462433910369873,"[14.449661016464233, 14.470885753631592, 14.483797073364258, 14.476096868515015, 14.44242787361145, 14.494770765304565, 14.488945245742798, 14.420707702636719, 14.451190948486328, 14.487201690673828, 14.464838027954102, 14.47136926651001, 14.506831169128418, 14.46983289718628, 14.455227851867676, 14.45889139175415, 14.445492267608643, 14.446573734283447, 14.478473663330078, 14.432729005813599, 14.458323240280151, 14.47318172454834, 14.469435214996338, 14.435306549072266, 14.493426322937012, 14.453162431716919, 14.491876602172852, 14.451368808746338, 14.430996894836426, 14.419995307922363]","[37168.30471853164, 172.02147639162155, 131.84406561726567, 101.50702927284365, 78.23366653515782, 61.737413834341226, 49.16337452145643, 39.90395608466265, 33.88359433724891, 29.787117795001993, 26.72786067299317, 24.298131536806256, 22.330247158241583, 20.666001070014254, 19.283997369108633, 18.138773303779907, 17.31167422339125, 16.362091947981362, 15.617201402653253, 14.990704067409299, 14.401290259155237, 13.847375949478696, 13.31499271922822, 12.91013660016734, 12.494890963243865, 12.09902237619245, 11.66331366901835, 11.293832490977112, 10.999573864335577, 10.705780247421568]"
100,2,5e-05,30,4.0288386,2.6473298,0.9994536638259888,14.461972419420878,"[14.81380844116211, 14.4351966381073, 14.447428226470947, 14.452325820922852, 14.458778619766235, 14.493118286132812, 14.429084300994873, 14.441698551177979, 14.428598403930664, 14.438344478607178, 14.39346432685852, 14.46681523323059, 14.399812698364258, 14.451288223266602, 14.418223857879639, 14.46191692352295, 14.41273021697998, 14.475151538848877, 14.441922187805176, 14.404024124145508, 14.442399024963379, 14.486679315567017, 14.464365243911743, 14.461671352386475, 14.46143889427185, 14.48616337776184, 14.498775482177734, 14.472195386886597, 14.468311548233032, 14.453441858291626]","[72959.86301528626, 251.68429188254618, 208.55745008418654, 182.76191531076182, 159.6544770561972, 137.51339977966646, 118.06133302356479, 100.43985848616825, 85.28550940426676, 72.80491904406828, 62.2126742907877, 53.63674379262146, 46.51335845555801, 40.990266519374984, 36.83308020081192, 33.19710963238926, 30.333926548083276, 27.977914882360196, 26.05553155948762, 24.396507789604527, 22.99478678458968, 21.887160609285125, 20.79600578354566, 19.801833610623813, 18.88850734360093, 18.049942763562935, 17.217542653423468, 16.50541638809065, 15.856121158040247, 15.178450331644981]"
100,2,1e-05,30,8.541241,5.0873437,0.9976325631141663,14.4290594180425,"[14.424165487289429, 14.457226991653442, 14.428369045257568, 14.384608030319214, 14.430150270462036, 14.387024641036987, 14.390976667404175, 14.383627653121948, 14.463842153549194, 14.391729354858398, 14.403719186782837, 14.414397716522217, 14.471365690231323, 14.471785545349121, 14.418282270431519, 14.433097839355469, 14.418181419372559, 14.45931339263916, 14.379543781280518, 14.409006834030151, 14.513056993484497, 14.450134038925171, 14.393942832946777, 14.445433616638184, 14.438396692276001, 14.447390079498291, 14.39681363105774, 14.463406801223755, 14.436187982559204, 14.46660590171814]","[387479.5369173408, 3730.740095623716, 262.39220578194187, 227.49442753312888, 208.11409242991277, 192.25636108343258, 180.0981154478273, 171.54160988669207, 163.98403707784337, 157.3097603110247, 151.36172871037863, 146.3690257438796, 141.74873102830486, 137.42760913835343, 133.27820671138284, 129.51033076669972, 125.821849061347, 122.33413414286214, 119.00513535243455, 115.74592567075808, 112.61216374555009, 109.54317286988012, 106.54666434696928, 103.71638971749351, 100.85838695853037, 98.10364969718925, 95.3959759816072, 92.7229081903743, 90.15146422086845, 87.74922893869825]"
100,3,0.05,30,104.4111,79.966095,0.5891846418380737,18.29859834909439,"[18.321150541305542, 18.24976396560669, 18.336528539657593, 18.215822458267212, 18.280306339263916, 18.251943826675415, 18.39773726463318, 18.341777563095093, 18.25543212890625, 18.33140540122986, 18.305619716644287, 18.295692443847656]","[24665.00944389006, 567.8602474646798, 456.0954760172482, 398.11530974234034, 836.4608436587336, 10291.960996500009, 10421.995218918313, 10283.257174654298, 10140.00889590734, 10083.156872237094, 10067.737942499885, 10055.755551592232]"
100,3,0.01,30,2.3409083,1.8911117,0.999792218208313,18.323541776339212,"[18.37057328224182, 18.257737398147583, 18.2943377494812, 18.236542463302612, 18.25147795677185, 18.23127794265747, 18.341781616210938, 18.349894046783447, 18.427968978881836, 18.263561725616455, 18.447270154953003, 18.23046374320984, 18.24534511566162, 18.429147720336914, 18.43198013305664, 18.26200032234192, 18.31424617767334, 18.500210762023926, 18.413912534713745, 18.305015563964844, 18.360213041305542, 18.32545518875122, 18.258445024490356, 18.41167116165161, 18.301682949066162, 18.278544187545776, 18.199817419052124, 18.293169260025024, 18.367653846740723, 18.304855823516846]","[909.3923543245902, 109.1109964159118, 55.256354807896386, 42.62599322053413, 28.723551200954933, 37.782525703571245, 26.61519073268732, 19.25038767392914, 15.693477360539822, 14.955722941142634, 13.120449524161337, 15.736169688265331, 12.837460325079194, 11.862157300850743, 10.639297588232205, 11.130103239773337, 18.628072707738937, 10.916792343748838, 13.496430894742236, 8.917244953359578, 13.100145885318225, 11.15617606040562, 11.060692466323683, 8.498937445444636, 9.699635572576952, 11.359921169341197, 13.486017486361144, 11.285599308905871, 8.832878611648383, 12.074535643694084]"
100,3,0.005,30,2.8660355,2.424695,0.9996694922447205,18.339994430541992,"[18.45289444923401, 18.2726092338562, 18.265171766281128, 18.396768808364868, 18.186655521392822, 18.24003839492798, 18.259916305541992, 18.3808696269989, 18.36694884300232, 18.311230182647705, 18.370064735412598, 18.351155996322632, 18.266337871551514, 18.38233494758606, 18.28446936607361, 18.25399351119995, 18.311607360839844, 18.303807258605957, 18.199888706207275, 18.204797506332397, 18.242733001708984, 18.240278959274292, 19.300452709197998, 18.867978811264038, 18.243589401245117, 18.257407903671265, 18.203113555908203, 18.239229440689087, 18.23411798477173, 18.309370756149292]","[666.866911540906, 84.39687382921122, 49.802224079301524, 34.95553819204002, 27.037123855252194, 20.105175169225472, 20.019232125261464, 17.832217469437285, 17.43669092300547, 15.561250532745468, 14.356926480706733, 15.137551178789685, 13.511351013043692, 12.391802601939206, 11.656327727580175, 10.840550308144248, 10.153870595859031, 9.259814251808034, 9.019866546670862, 8.683443951465222, 8.347542655593248, 8.079193899940748, 7.849448714820123, 7.959733837987724, 7.690000039744943, 7.655456415629706, 7.378048766005833, 7.4586431235522355, 7.168977678834774, 7.11942891697257]"
100,3,0.001,30,3.5401669,3.1228518,0.9996083974838257,18.300586477915445,"[18.29887843132019, 18.143134355545044, 18.3213152885437, 18.35253071784973, 18.17108988761902, 18.185032606124878, 18.163201332092285, 18.191582202911377, 18.312877655029297, 18.320899486541748, 18.28754186630249, 18.3638973236084, 18.317540645599365, 18.3540678024292, 18.372026205062866, 18.29561424255371, 18.405598163604736, 18.383588314056396, 18.279200553894043, 18.31819248199463, 18.285919427871704, 18.27970290184021, 18.26607060432434, 18.404534816741943, 18.35685443878174, 18.28404927253723, 18.27114963531494, 18.31301188468933, 18.316760540008545, 18.401731252670288]","[900.969198034515, 33.20766848452617, 23.391842559077595, 18.760020051981165, 15.904970199715622, 13.248531506848257, 11.74033033197103, 11.340874610167793, 10.609425730401382, 9.688438530458242, 9.154357807417949, 8.51845651685248, 8.140592604932502, 7.773033608971204, 7.738096462570814, 7.097903374354782, 6.833439648065992, 6.716483149441634, 6.494622041890194, 6.231537337955819, 5.969817554171494, 5.910378318011565, 5.718784901211811, 5.604340236800759, 5.336453644143963, 5.229018437505322, 5.167011958644542, 5.068379388686969, 4.927742156008966, 4.72736505426743]"
100,3,0.0005,30,1.9706776,1.3746808,0.9998770952224731,18.716143091519672,"[18.442245483398438, 18.378572463989258, 18.35749912261963, 18.360718965530396, 18.353322505950928, 18.243379592895508, 18.35536241531372, 18.382099390029907, 18.296278476715088, 18.378626823425293, 18.358298778533936, 18.285651683807373, 18.262171745300293, 18.382832527160645, 18.40729784965515, 18.32726001739502, 18.45431661605835, 18.278183221817017, 18.340238571166992, 18.79431414604187, 18.857694387435913, 18.988378047943115, 18.88270354270935, 18.979671955108643, 18.874633073806763, 18.921690940856934, 19.131125450134277, 19.642400979995728, 18.87280559539795, 22.89451837539673]","[2216.1041726677568, 27.151571208001094, 18.311980282700738, 14.640850363925555, 12.2803935615842, 10.843710361593546, 9.651443048156635, 9.002935294615, 8.133956717766463, 7.748931815465465, 7.3725576869508975, 7.052737455941151, 6.672401845398233, 6.406890140496618, 6.179970935597105, 6.063332915724983, 5.798284277812004, 5.5149405745699935, 5.35474696472759, 5.223329274414929, 5.098448261309529, 4.931755165968042, 4.832234824279641, 4.646810284858431, 4.574628818210816, 4.470681450793349, 4.417380286185437, 4.224237281223149, 4.13794374104394, 4.196632718630786]"
100,3,0.0001,30,1.5284256,0.79165876,0.9999111890792847,18.35338411331177,"[18.97615647315979, 18.277867078781128, 18.31163454055786, 18.3526349067688, 18.357978343963623, 18.38261580467224, 18.363297700881958, 18.31158971786499, 18.327934980392456, 18.40283465385437, 18.048376321792603, 18.30609393119812, 18.448084831237793, 18.368215322494507, 18.372452974319458, 18.289065837860107, 18.38337016105652, 18.313695669174194, 18.39788818359375, 18.34873914718628, 18.413634300231934, 18.342172861099243, 18.422176599502563, 18.38453221321106, 18.314730882644653, 18.28346586227417, 18.213978052139282, 18.228620529174805, 18.352642059326172, 18.3050434589386]","[7382.224106380773, 71.92203065414616, 26.08156999522682, 13.598105229697634, 10.471190155918942, 9.079464665260247, 8.172852928111713, 7.508609288237891, 7.134962073962436, 6.629697353908524, 6.341787666123051, 6.046668804555676, 5.81443717532413, 5.619632393144596, 5.467393934978864, 5.201603119192425, 5.077969065033647, 4.956217871684028, 4.715580722955605, 4.594733810300357, 4.402861258316497, 4.344483614872783, 4.231155903412103, 4.115343261318989, 4.000146579957165, 3.9244313649833202, 3.879322817662983, 3.7178229712413455, 3.699382757072593, 3.6093425108038506]"
100,3,5e-05,30,1.5460304,0.8052789,0.9999122619628906,18.331309390068053,"[18.41556715965271, 18.33585286140442, 18.373834133148193, 18.322214603424072, 18.342328786849976, 18.361728191375732, 18.245311498641968, 18.28118395805359, 18.245049953460693, 18.291210651397705, 18.410778522491455, 18.245639324188232, 18.28985834121704, 18.305271863937378, 18.310067415237427, 18.448978424072266, 18.356024026870728, 18.340089559555054, 18.34050941467285, 18.305350303649902, 18.338669300079346, 18.361692428588867, 18.354957580566406, 18.342631816864014, 18.358407974243164, 18.316360473632812, 18.297367095947266, 18.21652126312256, 18.393592596054077, 18.392232179641724]","[10751.271623225712, 80.49888324451238, 34.24566994949069, 16.860339879843217, 11.356429568495942, 9.371990520031268, 8.309357831864638, 7.560183520245825, 6.879046360055172, 6.483911924137364, 6.129684443825522, 5.793687439865257, 5.574286316484864, 5.281641706702295, 5.120888204927918, 4.8423890904055735, 4.66469084118863, 4.492654911132619, 4.332856601620638, 4.223296310256467, 4.124670811668526, 3.979667099729571, 3.821566070161565, 3.729974376564382, 3.602065824443987, 3.5116678395320755, 3.4369717610137758, 3.324668718847613, 3.255287139702946, 3.2060648141933124]"
100,3,1e-05,30,2.9943671,2.4304533,0.9997014403343201,18.337456210454306,"[18.462539434432983, 18.373223543167114, 18.3972487449646, 18.35489535331726, 18.395538330078125, 18.36926579475403, 18.358662128448486, 18.38309621810913, 18.421560764312744, 18.43196702003479, 18.36916732788086, 18.23950457572937, 18.301798582077026, 18.24660849571228, 18.376161098480225, 18.311220407485962, 18.283024549484253, 18.23304557800293, 18.332906246185303, 18.27257990837097, 18.293096780776978, 18.374743461608887, 18.2967689037323, 18.377069234848022, 18.31414246559143, 18.325639724731445, 18.27185583114624, 18.209866523742676, 18.375423669815063, 18.371065616607666]","[55162.10180769008, 199.91104225560568, 144.05939477239633, 111.14999327649195, 84.57142583615915, 64.68098827760552, 49.06269090632424, 37.71540165227313, 28.699923650211122, 22.738724875333006, 18.925113498448805, 16.182264610490556, 14.150742893306514, 12.565238323827238, 11.282716391835866, 10.266591216425319, 9.474729101812084, 8.857851142885252, 8.357818966560618, 7.885719187598366, 7.4391849168442095, 7.093805360172643, 6.798858370452989, 6.545842233939528, 6.310044028605111, 6.147418103233695, 5.978872433052638, 5.803725630443495, 5.648863226232245, 5.514174275836342]"
100,4,0.05,30,179.08948,129.43433,-0.03147900104522705,19.35137219429016,"[19.371973991394043, 19.3462131023407, 19.38654398918152, 19.271484375, 19.380645513534546]","[206006.86673161868, 36578.714091205184, 36405.137649602766, 36258.97779173205, 36263.68943166941]"
100,4,0.01,30,3.7488177,3.2020807,0.9994187355041504,19.320364888509115,"[19.38611936569214, 19.275567293167114, 19.28400754928589, 19.430774688720703, 19.369372844696045, 19.33382248878479, 19.32380247116089, 19.277560472488403, 19.309496879577637, 19.34155821800232, 19.34022879600525, 19.36270022392273, 19.328031063079834, 19.328455209732056, 19.28958296775818, 19.357184648513794, 19.295785427093506, 19.27556586265564, 19.36268377304077, 19.28849196434021, 19.183380126953125, 19.335899114608765, 19.42904543876648, 19.315442323684692, 19.30661678314209, 19.35690474510193, 19.295032739639282, 19.303133726119995, 19.31839394569397, 19.206305503845215]","[2769.2287401986437, 194.7285330814175, 102.44444439612231, 76.96501324729238, 58.59590015226902, 49.97663268715338, 39.57875560872322, 56.11291377984931, 58.17371829303071, 38.78290976606733, 34.904117787102294, 31.19995145492386, 30.665341282971042, 28.074108303422882, 25.010664092856725, 22.26888569939768, 22.134022834373223, 21.730789027034454, 21.431851241038096, 20.2271889533083, 20.264645015113217, 20.141686687546915, 21.66478285403296, 19.945822526924474, 19.712997681489743, 19.77750971899917, 20.36709056138244, 18.882089800193224, 18.935338438289264, 19.265923412370306]"
100,4,0.005,30,3.0688486,2.557169,0.9997003674507141,19.31716959476471,"[19.345886945724487, 19.354246139526367, 19.328075885772705, 19.257748126983643, 19.3393235206604, 19.339186906814575, 19.296692609786987, 19.330106735229492, 19.222309112548828, 19.268452405929565, 19.45754909515381, 19.632395267486572, 19.272659063339233, 19.30561590194702, 19.317020177841187, 19.341498374938965, 19.291312217712402, 19.265451192855835, 19.262755632400513, 19.33596706390381, 19.381574630737305, 19.266218185424805, 19.293099403381348, 19.378173828125, 19.38110041618347, 19.2459979057312, 19.286986589431763, 19.16276240348816, 19.273179054260254, 19.281743049621582]","[828.9772835094726, 115.40946166445075, 63.56563201875275, 46.41957128945917, 34.79137474571773, 33.34641279982948, 25.93909387985106, 22.543636247808497, 26.311136798485787, 21.843397055293014, 18.975289145899392, 18.17130229799443, 16.874091359961568, 16.340786408811937, 16.75974535213287, 14.726042348289594, 14.693722566150488, 18.238257585312994, 16.546696618134277, 16.466872673660646, 14.07585638094547, 14.093531891492127, 13.544045474071169, 12.986039109617536, 12.505904390529514, 12.3627247053471, 12.829461323894463, 11.955368154604948, 11.26323012633485, 10.666398074258298]"
100,4,0.001,30,4.0820355,3.1064868,0.9995579123497009,19.310273440678916,"[19.300126791000366, 19.254904747009277, 19.322815895080566, 19.25104856491089, 19.285473585128784, 19.286723613739014, 19.285596132278442, 19.248650550842285, 19.32129144668579, 19.31615710258484, 19.299224615097046, 19.29817795753479, 19.322436571121216, 19.492619276046753, 19.290860652923584, 19.306665897369385, 19.298975706100464, 19.34091567993164, 19.31545853614807, 19.270906686782837, 19.23748540878296, 19.318423986434937, 19.28128170967102, 19.308047771453857, 19.295058012008667, 19.33090305328369, 19.4282066822052, 19.31227970123291, 19.368213653564453, 19.319273233413696]","[1324.7406474498941, 53.91246505706331, 35.01553531223705, 26.006533303033706, 20.291183939341895, 18.033438171207187, 16.14550458880621, 13.782831211903796, 13.151068884928154, 11.877333258543016, 10.94889710685767, 10.699565927428905, 10.027935277479477, 9.375795755266948, 9.144004825986597, 8.265396423255577, 8.172908064043026, 7.954705692872437, 7.5662166531152995, 7.487593209444175, 7.369549711173864, 6.851742066223354, 6.567615012882285, 6.456411765542646, 6.122478210111047, 6.075564549670567, 5.967140307475093, 5.920587040817439, 5.716728692032462, 5.706317347096173]"
100,4,0.0005,30,1.5151083,0.8399061,0.9999179244041443,19.32739624182383,"[19.23541235923767, 19.314523220062256, 19.246853590011597, 19.231385946273804, 19.347634315490723, 19.328996419906616, 19.292062759399414, 19.30244493484497, 19.32839012145996, 19.33613419532776, 19.522325038909912, 19.307332754135132, 19.299394845962524, 19.339269876480103, 19.31942629814148, 19.390849828720093, 19.375874996185303, 19.31295943260193, 19.306199073791504, 19.323408126831055, 19.313169479370117, 19.33034324645996, 19.30702018737793, 19.37346625328064, 19.35661792755127, 19.30003261566162, 19.37939167022705, 19.342856407165527, 19.31351065635681, 19.344600677490234]","[1693.0129373676132, 38.64384727892527, 26.788525630488145, 21.938868787269794, 18.201988986542847, 15.583153851232675, 13.706870724565013, 12.521882238435888, 11.176977482441341, 10.44434726938166, 9.343217310337065, 9.026606338318258, 8.29627076291589, 8.323717705592285, 7.48870666586188, 7.187009897989965, 7.072170434735195, 6.563823561236978, 6.24646732871986, 6.024460515300194, 5.960688147096037, 5.6894764463258625, 5.59699966482753, 5.345932688397319, 5.344301747353382, 5.167867645393553, 5.002017804372682, 5.005610174881742, 4.839881274108999, 4.769841215634255]"
100,4,0.0001,30,4.3628535,3.769786,0.9991898536682129,19.311003955205283,"[19.28541660308838, 19.19297957420349, 19.35382318496704, 19.287824153900146, 19.249384880065918, 19.32090997695923, 19.223756790161133, 19.2467303276062, 19.332821130752563, 19.289567232131958, 19.292491912841797, 19.315375804901123, 19.373127698898315, 19.382298946380615, 19.299073219299316, 19.321391582489014, 19.331677436828613, 19.282447338104248, 19.367910146713257, 19.243058443069458, 19.313754320144653, 19.33361840248108, 19.310588359832764, 19.307854890823364, 19.37018609046936, 19.315709829330444, 19.33563780784607, 19.511168479919434, 19.226847648620605, 19.312686443328857]","[7006.086084901505, 35.00727655553141, 17.19598193814791, 12.672673852845831, 10.657341185339023, 9.380202671407222, 8.609483720986864, 7.877681041486138, 7.422686109970035, 6.88766192120203, 6.392491891150521, 5.991965085381894, 5.726805686511457, 5.431209807491589, 5.221424870005927, 4.983944375466507, 4.8613025782727455, 4.535070415077869, 4.508894649183776, 4.313418013226713, 4.2918638350303775, 4.051399462535066, 3.9726140058200854, 3.9520368539244264, 3.735281410679937, 3.72380209382111, 3.6895486126495243, 3.5513534019518174, 3.5322629246214103, 3.4421545524255874]"
100,4,5e-05,30,1.6223503,0.95894575,0.9999055862426758,19.292902159690858,"[19.35965871810913, 19.244186639785767, 19.194689512252808, 19.221403121948242, 19.30767035484314, 19.33370566368103, 19.19881296157837, 19.208304405212402, 19.193480730056763, 19.208422660827637, 19.281469583511353, 19.304069995880127, 19.29080295562744, 19.306292057037354, 19.30587387084961, 19.251256227493286, 19.314720630645752, 19.251656770706177, 19.33602023124695, 19.38650417327881, 19.24412989616394, 19.277745962142944, 19.302021503448486, 19.321271657943726, 19.26390314102173, 19.289615154266357, 19.449093341827393, 19.328508615493774, 19.388301134109497, 19.423473119735718]","[14205.803223116689, 59.54596659163721, 21.95162874951503, 12.475496983700575, 9.512752308432972, 8.160807101308128, 7.303734831202889, 6.6782895359231, 6.255884895833233, 5.889642121095422, 5.536557571287369, 5.313771027772724, 5.0421875178504845, 4.80480182960662, 4.635809371988065, 4.418276404486115, 4.269542017880437, 4.09458810589622, 3.951571319325457, 3.8436140650476625, 3.7360398246658617, 3.5712630624545323, 3.541628330803627, 3.4132664573041307, 3.3693015005431386, 3.2421440157864456, 3.2336040341974477, 3.1409052946527516, 3.0921891360466396, 2.9836929091598074]"
100,4,1e-05,30,1.8950832,1.0391648,0.9998665452003479,19.25241535504659,"[19.23999834060669, 19.224879264831543, 19.2680184841156, 19.19046902656555, 19.21142268180847, 19.25887370109558, 19.29761004447937, 19.19333004951477, 19.21453094482422, 19.172369480133057, 19.216633081436157, 19.69701099395752, 19.380515575408936, 19.15934944152832, 19.139458894729614, 19.28767442703247, 19.253511428833008, 19.180634021759033, 19.272457122802734, 19.223532915115356, 19.28442120552063, 19.271177053451538, 19.204806804656982, 19.105188846588135, 19.259384632110596, 19.19019913673401, 19.29344415664673, 19.36641240119934, 19.304140329360962, 19.21100616455078]","[55706.14122589759, 154.65474667364333, 93.51336082191446, 60.61968376972269, 40.85019729751687, 27.33845821833116, 18.656238098657287, 13.348637792131331, 10.754192077078933, 9.341078211923485, 8.415770349641814, 7.734262680887005, 7.186086252258529, 6.729001286947962, 6.3318564478291695, 6.068838904152205, 5.7945637204989335, 5.5440760847042805, 5.345750848661019, 5.168760852274123, 4.990279400802531, 4.8534271243113745, 4.709532058533427, 4.588970546309702, 4.4668994811912555, 4.342533557590373, 4.247386882415115, 4.149642082055275, 4.053936063033411, 3.9654443223541804]"
100,5,0.05,30,178.59706,133.475,-0.030162930488586426,20.216492033004762,"[20.209649085998535, 20.085487365722656, 20.08503293991089, 20.16926383972168, 20.533026933670044]","[1017176.2072345201, 36752.374707417715, 36538.971658365175, 36484.128665307726, 36462.4435216912]"
100,5,0.01,30,4.2686763,3.3824759,0.9993752241134644,20.028605063756306,"[20.106683015823364, 20.090882539749146, 20.07299566268921, 20.082359075546265, 20.116167306900024, 20.039861917495728, 20.06743049621582, 20.061832904815674, 20.014864683151245, 20.019435167312622, 20.150480031967163, 19.990599632263184, 19.943126440048218, 20.03217363357544, 19.961125135421753, 19.999812841415405, 20.059183835983276, 20.012798309326172, 19.986352920532227, 20.03168797492981, 19.978764295578003, 19.992039442062378, 20.02011489868164, 20.010682106018066, 19.987912893295288, 19.985527276992798, 19.993430137634277, 19.961082458496094, 20.046148538589478, 20.042596340179443]","[7277.105144260752, 201.04894979083383, 125.98141594706144, 89.84152405907494, 68.49920260802106, 63.33607017193559, 60.830929887021476, 54.27755123402874, 52.217667527269064, 50.26302498566011, 62.34778447429686, 46.53403009103375, 45.934061090140624, 81.80159547368642, 44.30802936565668, 64.96864611619685, 45.515360733860184, 42.23149963692806, 43.44894009682159, 43.10031937134318, 50.11953356632694, 42.98144197948765, 42.00219656517282, 41.948234198362805, 42.88370992044825, 41.547744046782825, 41.75885377180108, 41.6358381866693, 42.086038192872394, 41.096168890205014]"
100,5,0.005,30,3.8335786,3.5023785,0.9995246529579163,20.064562368392945,"[20.120266437530518, 20.100077629089355, 20.133365154266357, 20.08895707130432, 20.177415370941162, 20.209492206573486, 20.083653211593628, 20.077263355255127, 20.11640214920044, 20.04213047027588, 20.129638671875, 20.0069477558136, 20.07594656944275, 19.99264907836914, 20.0440354347229, 19.98518395423889, 19.99385142326355, 20.04891037940979, 20.011927843093872, 20.004022121429443, 20.058016538619995, 20.02610683441162, 20.03131890296936, 20.090893030166626, 20.050177812576294, 20.18433141708374, 20.004056453704834, 19.97270965576172, 20.029845714569092, 20.04727840423584]","[1363.9033395693552, 166.49421708438723, 94.75250684115304, 71.328074277098, 56.075298461021944, 39.22792602647665, 34.700105833353305, 33.00647464679253, 27.448879975012165, 25.61797308174316, 28.89192214907517, 22.675700596350705, 20.50094853702721, 20.62259061915971, 19.083641681836422, 17.737022586012316, 18.410072841173175, 17.0537400187591, 16.995753218956683, 14.965417175517137, 16.05509341375162, 12.654615686173392, 12.714442131109536, 15.389348935213867, 12.50221085251923, 12.830993522283942, 13.758670497681605, 18.787508865395424, 13.449028612858735, 12.822872382914037]"
100,5,0.001,30,3.5515015,3.0679035,0.999503493309021,20.080103984900884,"[20.107152938842773, 20.115274667739868, 20.146687984466553, 20.101722955703735, 20.11232018470764, 20.1621036529541, 20.10261034965515, 20.187610387802124, 20.16209125518799, 20.070555686950684, 20.072020053863525, 20.056567430496216, 20.018059492111206, 20.188203811645508, 20.0667564868927, 20.04339838027954, 20.056400299072266, 20.092222213745117, 20.044969081878662, 20.02021312713623, 20.075713396072388, 20.042906045913696, 20.046715259552002, 20.043047189712524, 20.01863956451416, 20.03966760635376, 20.066745281219482, 19.982536792755127]","[1873.2255908975694, 78.02177874753698, 48.01066845326835, 34.61173975748299, 28.06292827145957, 24.2553531174186, 21.33145841580356, 19.47248837102904, 17.845488064658042, 17.618698692168863, 16.10392888062776, 14.883640079600452, 14.592039367444325, 13.051969493572564, 12.443441595752036, 12.121494981553813, 11.40493500074087, 10.842108924661694, 10.63117029712694, 10.2786680700778, 9.740932645381928, 9.361441541845426, 9.061692833404289, 8.537569446289936, 8.25743174437824, 8.212900253966467, 8.134258402539945, 8.098494670093547]"
100,5,0.0005,30,1.5298158,0.97976136,0.9999135732650757,20.080203223228455,"[20.105874061584473, 20.145143508911133, 20.09552836418152, 20.118992805480957, 20.144232988357544, 20.150367736816406, 20.11271357536316, 20.11549735069275, 20.127559900283813, 20.060927152633667, 20.09495496749878, 20.172102212905884, 20.06374478340149, 20.037266492843628, 20.067415237426758, 20.036379098892212, 20.15295147895813, 20.092557668685913, 20.064361333847046, 20.114678144454956, 20.016226291656494, 20.034281015396118, 20.07868218421936, 19.989973783493042, 20.055572986602783, 20.06857705116272, 20.044456243515015, 20.03411364555359, 19.982741832733154, 20.028222799301147]","[2018.708363057094, 53.3848994381433, 35.456200751545126, 25.683954799816206, 21.75206077674721, 17.779523274930412, 15.844842880337975, 14.537854790207666, 13.092685261261385, 12.04988189504429, 11.090795983702725, 10.533681099648755, 9.880236524307701, 9.641607670906492, 8.877479646212572, 8.647838729031092, 7.996749488880866, 7.953565011947827, 7.767137717207544, 7.642527483257274, 7.413404830369497, 7.406317315706943, 7.233598415467351, 6.998726134428421, 6.774891611945096, 6.567978812629707, 6.348926754192527, 6.29323168556454, 6.156194542032386, 5.902788939922397]"
100,5,0.0001,30,1.7302704,1.1973734,0.9998964071273804,20.10226364135742,"[20.101277112960815, 20.13760280609131, 20.09201955795288, 20.105143547058105, 20.14945673942566, 20.079285383224487, 20.39586615562439, 20.13465166091919, 20.038742065429688, 20.05947184562683, 20.11638355255127, 20.04405379295349, 20.026681900024414, 20.05441164970398, 20.085965394973755, 20.065916299819946, 20.11985969543457, 20.05856466293335, 20.076884508132935, 20.171238660812378, 20.07082176208496, 20.103431940078735, 20.08780813217163, 20.09565758705139, 20.115607023239136, 20.11507749557495, 20.22558879852295, 20.04548740386963, 19.98052453994751, 20.11442756652832]","[8226.584995354237, 36.91189058069709, 18.715756370080026, 14.339782062885412, 12.301478009914987, 10.86880390858481, 10.25446932487938, 9.153125009324613, 8.736457577068766, 8.231275508383606, 7.719524300921562, 7.330825564569456, 7.01577584342177, 6.4919099337807715, 6.314802262090212, 5.93474345345164, 5.665976425047199, 5.603333445078811, 5.339434077442668, 5.2369112298746625, 5.093036105451642, 4.809278496581752, 4.72303726353711, 4.541105871873716, 4.4076538120994275, 4.283256796391998, 4.200346553950331, 4.164119125774952, 4.042378392792409, 3.9154010002977135]"
100,5,5e-05,30,1.6086602,0.97632796,0.9999070167541504,20.07627584139506,"[20.09898567199707, 20.168773889541626, 20.09645986557007, 20.12445855140686, 20.16320776939392, 20.04024624824524, 20.1035578250885, 20.092275142669678, 20.06139612197876, 20.073782920837402, 20.03502631187439, 20.10797882080078, 20.052810192108154, 20.019345998764038, 20.093185424804688, 20.021774768829346, 20.054295301437378, 20.096047401428223, 20.0338397026062, 20.010570764541626, 20.093757390975952, 20.211286544799805, 20.081462144851685, 20.06321358680725, 20.042473793029785, 20.03859281539917, 20.098100662231445, 20.032392501831055, 20.023343086242676, 20.055634021759033]","[11208.537672181057, 51.544464265545386, 23.756241490031435, 15.528833842970528, 12.054303021914444, 10.502640499444638, 9.319857779621882, 8.594250918418885, 7.994683377786364, 7.507358884902501, 6.994572467158455, 6.757083526483074, 6.411099704413565, 6.093979465063482, 5.861950812413963, 5.70503218495592, 5.386694858904001, 5.244208208346276, 5.180031796323551, 4.914652146390887, 4.775822743928003, 4.692937592142078, 4.5305983609881855, 4.5458748813466405, 4.3144144812745235, 4.273433417691869, 4.17766414866193, 4.03387218845935, 3.920482903409863, 3.941571853461159]"
100,5,1e-05,30,1.9015502,0.9929361,0.9998718500137329,20.116536966959636,"[20.874163150787354, 20.79464340209961, 20.35348916053772, 20.134530305862427, 20.107346773147583, 20.133723974227905, 20.052079439163208, 20.04712677001953, 20.114341259002686, 20.08805513381958, 20.12129497528076, 20.047573566436768, 19.933451890945435, 20.03799796104431, 20.040711879730225, 20.013900995254517, 20.00140905380249, 20.04706907272339, 20.010738134384155, 20.013529300689697, 20.04616641998291, 20.218801975250244, 20.00557279586792, 20.03593897819519, 20.03598976135254, 20.022589683532715, 20.050899744033813, 19.972642183303833, 19.99815821647644, 20.142173051834106]","[58873.638668496016, 149.42524248725982, 83.81770953848373, 47.54153720845822, 29.300477468355773, 20.57947239191902, 15.403951049875875, 12.200627225699254, 10.318893556804376, 9.071643808555654, 8.187346652150154, 7.565584427559155, 7.0263157053138885, 6.670869438002073, 6.323359868916231, 6.057683248975716, 5.835429989171568, 5.636529534774544, 5.4711115743932375, 5.307611979511628, 5.151515284374226, 4.987934850156307, 4.889224036608916, 4.752588102001774, 4.638025368364552, 4.546235562948811, 4.4757857955382185, 4.403802933618752, 4.311212466716539, 4.211465756896899]"
128,2,0.05,30,2.6347363,2.2582264,0.9997713565826416,14.777434229850769,"[14.673806190490723, 14.764591932296753, 14.746371269226074, 14.790827989578247, 14.758086919784546, 14.765026807785034, 14.778963804244995, 14.796606302261353, 14.755292415618896, 14.732424020767212, 14.754981279373169, 14.741902828216553, 14.76744294166565, 14.760541915893555, 14.881201982498169, 14.798819541931152, 14.776108503341675, 14.844285011291504, 14.808799266815186, 14.826180458068848, 14.78735613822937, 14.78870153427124, 14.747312307357788, 14.812790155410767]","[993.5403979202025, 157.11345749598922, 61.57818712918779, 43.689682775644755, 35.46113514033142, 27.817534003748385, 25.998626531854143, 24.35662086362499, 24.643119755831414, 24.01625701255576, 23.369566030214706, 23.30710418027008, 22.7377551153839, 22.96476689453631, 22.60115451350255, 22.82152337395468, 22.510027464902166, 22.213134127815444, 22.517819648897316, 22.13606297761592, 22.50516632547415, 22.288959112941537, 22.156439884874857, 22.09826781404282]"
128,2,0.01,30,2.872327,2.4622016,0.9997013807296753,14.80089107354482,"[14.783799648284912, 14.7725248336792, 14.777140617370605, 14.82349705696106, 14.787264108657837, 14.757518291473389, 14.804434299468994, 14.862685441970825, 14.822226285934448, 14.829655647277832, 14.903179407119751, 14.815297842025757, 14.864485740661621, 14.81712818145752, 14.8155357837677, 14.790106296539307, 14.825861930847168, 14.800130844116211, 14.795537233352661, 14.784895181655884, 14.788192510604858, 14.764641284942627, 14.73844838142395, 14.757291793823242, 14.799541473388672, 14.79224967956543, 14.782328367233276, 14.776789665222168, 14.80924654006958, 14.78509783744812]","[898.8784362690678, 86.92087058052746, 59.743186543016456, 46.94903742297508, 35.72969448751888, 28.470445635862745, 23.941461491370045, 20.65323065039112, 18.251041658206407, 14.829895086505138, 13.06133485238137, 12.59819317892942, 12.211713762018489, 11.235438359356342, 10.806314776224536, 10.451284378604337, 9.790611055211924, 9.345651314362037, 8.680763923339383, 8.219073109955051, 8.42910448934346, 7.856637870030697, 9.205417610688631, 7.844948077728915, 7.326242139587366, 6.737457744939879, 6.2836315197601715, 5.982843985406918, 5.512371764396313, 5.456376817760639]"
128,2,0.005,30,1.6566899,1.065469,0.9999081492424011,14.738527703285218,"[14.716995239257812, 14.805365562438965, 14.777930498123169, 14.726680517196655, 14.729800701141357, 14.741444110870361, 14.778423547744751, 14.758545160293579, 14.733789205551147, 14.753677368164062, 14.777769565582275, 14.71117353439331, 14.716500520706177, 14.721185207366943, 14.739288568496704, 14.736753225326538, 14.714516162872314, 14.746345043182373, 14.7223482131958, 14.771946668624878, 14.746514320373535, 14.731301546096802, 14.715000867843628, 14.743664264678955, 14.710197448730469, 14.705280303955078, 14.687582015991211, 14.740761041641235, 14.766371488571167, 14.728679180145264]","[1175.8692912769109, 61.869172547647004, 41.83444404654107, 31.268769638783677, 25.46230875508754, 20.361230798813974, 16.103093832682443, 13.300062602263871, 10.995894030370957, 9.616328457907233, 8.624972327551337, 8.30126798443301, 7.963579684430855, 7.790497011423729, 7.481007769862474, 7.134562965913566, 6.676246188983614, 6.42605388387387, 6.338900751918229, 6.185629753843275, 5.841526895883497, 5.766141803504078, 5.706623699141902, 5.439493351693237, 5.5749767124164835, 5.239346280881086, 5.176134431563871, 5.069090341571637, 4.973078794427639, 4.89479822438926]"
128,2,0.001,30,3.6772072,2.9082265,0.9996260404586792,14.7409677028656,"[14.716490983963013, 14.775226354598999, 14.713995456695557, 14.693378686904907, 14.709291219711304, 14.741738319396973, 14.708949327468872, 14.716609954833984, 14.72273850440979, 14.768017768859863, 14.718920946121216, 14.786594152450562, 14.739726781845093, 14.750058889389038, 14.71664023399353, 14.765626668930054, 14.684080600738525, 14.760160684585571, 14.750935077667236, 14.74970269203186, 14.78816294670105, 14.740013360977173, 14.798449039459229, 14.742597818374634, 14.822405338287354, 14.726768970489502, 14.756475687026978, 14.744231462478638, 14.718477010726929, 14.702566146850586]","[1845.5887014431203, 48.16176025935461, 27.884191713609027, 21.687444155913774, 18.491406019533045, 16.40113072321795, 14.94419244699603, 13.569995663311804, 12.944954139330957, 11.969008290156006, 11.400330638781385, 10.89126431473478, 10.250784891490788, 9.726564270936311, 9.442510438302133, 8.869474129409705, 8.756538848469937, 8.303139528471114, 8.127257791156657, 7.803911641329592, 7.529772793508123, 7.4822314898585125, 7.094351546196307, 6.896156362636121, 6.720717559344904, 6.551663845850716, 6.354288432690189, 6.171685513507526, 5.942827232238963, 5.791973341179109]"
128,2,0.0005,30,2.6530735,1.9342585,0.9997349977493286,14.736767101287843,"[14.737607717514038, 14.67978835105896, 14.704729318618774, 14.716232776641846, 14.759319305419922, 14.702916145324707, 14.723832368850708, 14.739003896713257, 14.76238465309143, 14.719928503036499, 14.727116584777832, 14.739711046218872, 14.772640228271484, 14.75394582748413, 14.772176265716553, 14.746569871902466, 14.746940851211548, 14.702865839004517, 14.707208633422852, 14.707170486450195, 14.772585153579712, 14.754804849624634, 14.745683431625366, 14.776089668273926, 14.736441135406494, 14.782434701919556, 14.7390775680542, 14.718249320983887, 14.705414295196533, 14.750144243240356]","[3139.0688384105024, 70.8782094139199, 38.444768500510264, 26.187751572562878, 20.550044078070783, 17.636138663639407, 15.875539341640524, 14.43176249137319, 13.389771791947721, 12.50933101779769, 11.75030156018367, 10.855658317301991, 10.397020836145206, 9.843720467427673, 9.37321621271493, 9.116398542517528, 8.767548997134101, 8.478862680812004, 8.199832597946724, 7.953093966111281, 7.758635701676709, 7.590932681326913, 7.331462278677452, 7.271800618952214, 7.02451514817091, 6.801639526732689, 6.611808554606927, 6.439394858019125, 6.3358070428715, 6.15651298786908]"
128,2,0.0001,30,2.688854,1.7752728,0.9997456073760986,14.74301191965739,"[14.693965911865234, 14.711665391921997, 14.7260422706604, 14.745325803756714, 14.711387157440186, 14.728046178817749, 14.69003701210022, 14.742270946502686, 14.734660863876343, 14.72970461845398, 14.763770818710327, 14.81532335281372, 14.724372386932373, 14.743910551071167, 14.712199211120605, 14.766282320022583, 14.73171591758728, 14.757280588150024, 14.741584539413452, 14.766774415969849, 14.73757004737854, 14.701097249984741, 14.704385042190552, 14.74505877494812, 14.712287902832031, 14.799311876296997, 14.82753038406372, 14.786502838134766, 14.781038522720337, 14.759254693984985]","[27489.54630128317, 167.77295511895912, 108.13484091165284, 69.04431032796093, 47.83714534091767, 36.18616030059397, 28.963461327175388, 24.239074307384058, 21.04022805249587, 19.054578994315396, 17.548538041663026, 16.392616519558054, 15.47584728226391, 14.703251028376505, 13.968248958736007, 13.308637497653802, 12.700271589722176, 12.152332691955644, 11.736233121719552, 11.14442708567761, 10.760918481714665, 10.311872491564227, 9.946367280305603, 9.653084971905406, 9.339378185745117, 9.008009552931226, 8.821718328246059, 8.546846799462969, 8.306254187049792, 8.08272206909369]"
128,2,5e-05,30,3.9340155,1.9773703,0.9995251893997192,14.73656120300293,"[14.747114419937134, 14.754633903503418, 14.729427814483643, 14.74144983291626, 14.717687368392944, 14.707926034927368, 14.751842737197876, 14.723586559295654, 14.72991418838501, 14.731897592544556, 14.74883508682251, 14.743634700775146, 14.730735063552856, 14.751629114151001, 14.794114351272583, 14.749322414398193, 14.738553524017334, 14.74188780784607, 14.771068096160889, 14.754932403564453, 14.752216100692749, 14.740586996078491, 14.757858037948608, 14.706204891204834, 14.723107814788818, 14.697652816772461, 14.745599746704102, 14.69532036781311, 14.709104299545288, 14.708992004394531]","[45336.14316381976, 206.40449648522915, 166.10566068007955, 137.69271659408594, 115.05387617524013, 95.01270913440067, 77.63999498176783, 63.82698321576722, 54.039438971005154, 47.13628022860752, 42.20009956460072, 38.34052018626028, 35.10003839442954, 32.32774255397083, 29.899813664824944, 27.8207260883824, 25.97942019455688, 24.29145982114834, 22.682664240478623, 21.326801662459385, 20.159517475757667, 19.13361896148285, 18.25142798105084, 17.42465825606642, 16.629252103120738, 15.917591196122908, 15.280252916624518, 14.673136006390033, 14.151997838868844, 13.691116669504012]"
128,2,1e-05,30,7.271421,4.3379,0.9982328414916992,14.740929357210796,"[14.751018762588501, 14.711223602294922, 14.715634107589722, 14.715282440185547, 14.746838331222534, 14.719923734664917, 14.728456735610962, 14.705302000045776, 14.752035856246948, 14.770673274993896, 14.741270780563354, 14.795544862747192, 14.828614473342896, 14.75830626487732, 14.70357894897461, 14.693272829055786, 14.723912477493286, 14.769187688827515, 14.754094123840332, 14.752220869064331, 14.752246856689453, 14.79031777381897, 14.73205852508545, 14.721965551376343, 14.726431846618652, 14.743446588516235, 14.724828720092773, 14.707471132278442, 14.73773980140686, 14.754981756210327]","[336036.4055398333, 1797.9391653522134, 217.5124112785383, 190.78746449485357, 176.15023677434985, 164.65908492060467, 155.1602835780148, 146.51482158157503, 139.06004816488928, 132.55648810764586, 126.67399306484705, 121.37465662714175, 116.14961843199085, 110.72631652815893, 105.30374801048285, 100.67055190910939, 96.51217520562322, 92.52055528291449, 88.84415802489723, 85.20741872912411, 81.61720385809132, 77.96150044010196, 74.53336072996194, 71.3563001101194, 68.21024051907281, 65.31348469202696, 62.53869472977636, 59.821732571421755, 57.20386114339121, 54.666838532126626]"
128,3,0.05,30,105.48291,82.25502,0.5665721893310547,18.849926425860478,"[18.91223120689392, 18.909324645996094, 18.844278573989868, 18.839242696762085, 18.84052276611328, 18.815866708755493, 18.950546503067017, 18.806851863861084, 18.836259603500366, 18.859496355056763, 18.872112035751343, 18.851157426834106, 18.869203329086304, 18.809680700302124, 18.812554359436035, 18.86289668083191, 18.816614151000977, 18.81212615966797, 18.83739709854126, 18.854044675827026, 18.79038429260254, 18.925293445587158, 18.837058305740356, 18.87280583381653, 18.835266828536987, 18.824870824813843]","[24580.263537243463, 458.3264389157816, 420.574113991323, 348.75142452016667, 7452.785622476686, 23069.464617433507, 19786.362772312747, 18988.427101468416, 18024.101119478717, 17132.055252158487, 16255.007894224475, 15398.783534237391, 14592.880669089904, 13837.301689547743, 13126.252382603274, 12492.038631988926, 11937.881455900368, 11472.399533101045, 11105.888772556355, 10814.907176180177, 10615.107536315918, 10442.820445906127, 10329.351110275134, 10234.010372011942, 10188.791156902063, 10141.924580803085]"
128,3,0.01,30,1.4170719,0.6544509,0.9999197721481323,18.826953291893005,"[18.832032918930054, 18.804840087890625, 18.823541164398193, 18.84167456626892, 18.83888816833496, 18.8455970287323, 18.82303476333618, 18.83828043937683, 18.770217180252075, 18.809986352920532, 18.855801343917847, 18.83012080192566, 19.126832008361816, 18.79491949081421, 18.786859273910522, 18.82151174545288, 18.825936555862427, 18.82987689971924, 18.829560041427612, 18.79011869430542, 18.81009531021118, 18.788119792938232, 18.8388569355011, 18.784918546676636, 18.74543023109436, 18.795483589172363, 18.80873680114746, 18.870381593704224, 18.83528161048889, 18.811664819717407]","[759.9966759667386, 98.3276686708089, 52.23743114516334, 43.5241931460505, 29.5391529709361, 24.93652063500803, 20.57091317444584, 18.924027646676226, 19.925136388023283, 19.75337211507897, 18.934126988907373, 22.387367677033012, 11.964535412439613, 11.374619896401647, 11.996765501687392, 14.684464388079617, 9.684833701279047, 10.258074106433018, 9.580724266243847, 10.337161190793585, 9.80475283834644, 9.278919716085019, 9.624383526789147, 15.985942053364582, 29.168125291013332, 9.701617654120167, 9.094742480311623, 8.942916074771775, 8.642203282727555, 9.003268516264596]"
128,3,0.005,30,4.7096453,4.2557635,0.999082088470459,18.82233726978302,"[18.845828533172607, 18.8284969329834, 18.819801568984985, 18.801311492919922, 18.883328914642334, 18.7712082862854, 18.755507946014404, 18.802602291107178, 18.851578950881958, 18.784892320632935, 18.84518814086914, 18.831730127334595, 18.796252012252808, 18.826862812042236, 18.83307385444641, 18.806090593338013, 18.807584524154663, 18.834322690963745, 18.826603889465332, 18.81275486946106, 18.80453586578369, 18.86039137840271, 18.80620574951172, 18.81675887107849, 18.88295555114746, 18.863383531570435, 18.799723386764526, 18.85531187057495, 18.81486701965332, 18.80096411705017]","[611.4331213484425, 75.5862536333729, 42.00631149484081, 30.444270803955053, 24.817849145364423, 19.867997734030652, 17.542273307243548, 18.63951589451802, 17.365193637372624, 15.8023358394827, 15.341443777694387, 14.777237113662812, 13.06131908619638, 12.59396114339442, 12.230064999377232, 11.008841381526215, 10.67695682298994, 9.879089479143508, 10.114142204964265, 9.140516657431053, 9.038907492037163, 8.322780822342725, 8.24683399754678, 8.012166412827847, 7.30234450389383, 7.200024639357971, 6.956767959593425, 6.772140882461938, 6.696730125931348, 6.272150727753491]"
128,3,0.001,30,1.7479979,1.3628894,0.9998922348022461,18.853497091929118,"[18.897127866744995, 18.777718782424927, 18.818349838256836, 18.858938694000244, 18.84411358833313, 18.86994433403015, 18.853964805603027, 18.933545112609863, 18.859833478927612, 18.849193334579468, 18.888888597488403, 18.87108063697815, 18.852704286575317, 18.86693835258484, 18.820936679840088, 18.861714601516724, 18.8702609539032, 18.834748029708862, 18.830559492111206, 18.87060856819153, 18.89184331893921, 18.834288597106934, 18.86406111717224, 18.8875892162323, 18.821327209472656, 18.835663080215454, 18.838205575942993, 18.83282971382141, 18.823878288269043, 18.844056606292725]","[1239.1024383933784, 35.50304870030896, 24.762708456885868, 19.27272472794139, 15.497204123634242, 13.641643168526706, 12.016557740771484, 10.729015484802002, 9.836448406971439, 8.99316338129244, 8.400491837078633, 7.7993938091198824, 7.167349738914796, 6.894146137533294, 6.529773212521943, 6.289075052520204, 5.895385862234574, 5.830585370812256, 5.585749058764607, 5.446832322849034, 5.3747935045396655, 5.163453513597785, 4.929791417595113, 4.782176285288724, 4.8282802033596, 4.676936407130228, 4.608321461080285, 4.550868516366961, 4.32691771051883, 4.378105189769191]"
128,3,0.0005,30,1.4420432,0.84246373,0.999923586845398,18.82552480697632,"[18.82230544090271, 18.77232575416565, 18.79510259628296, 18.907581090927124, 18.776036500930786, 18.81210708618164, 18.830822706222534, 18.795045375823975, 18.779905796051025, 18.85303783416748, 18.8081636428833, 18.805241107940674, 18.931241035461426, 18.898761749267578, 18.809489488601685, 18.828553676605225, 18.834769010543823, 18.8151216506958, 18.822484254837036, 18.843682527542114, 18.8009250164032, 18.818338632583618, 18.83293342590332, 18.84707760810852, 18.815773487091064, 18.819172859191895, 18.8064067363739, 18.8194260597229, 18.84401559829712, 18.819896459579468]","[1063.905684416471, 29.940439291038107, 21.259766814555142, 17.63600081833299, 15.114289014604283, 13.290576401772588, 11.733362914091504, 10.909321029983689, 9.855215229403115, 9.089033587969936, 8.455854347512517, 7.93531924914406, 7.63125817664781, 6.9332237143525, 6.690153170071998, 6.342756126112585, 6.080784238053396, 5.916092249503823, 5.6630325876583045, 5.47184205763286, 5.413769778270908, 5.234263564504715, 5.138468212244715, 4.964745034390499, 4.685659043204169, 4.704576508660585, 4.560858743810237, 4.534484698376151, 4.32081427696409, 4.325611981742214]"
128,3,0.0001,30,2.122454,1.624367,0.9998229742050171,18.795821340878806,"[18.858919143676758, 18.799070358276367, 18.756662607192993, 18.800021648406982, 18.78602957725525, 18.816458463668823, 18.766529083251953, 18.77000856399536, 18.728602409362793, 18.809895992279053, 18.795574188232422, 18.835764408111572, 18.786341667175293, 18.79803204536438, 18.790239334106445, 18.84705138206482, 18.785608530044556, 18.73024296760559, 18.791698455810547, 18.77661943435669, 18.755229234695435, 18.825074672698975, 18.800416946411133, 18.785934686660767, 18.825019121170044, 18.79782462120056, 18.762603521347046, 18.844710111618042, 18.853208303451538, 18.79524874687195]","[5142.1699177054725, 28.562019110376657, 14.354509148274968, 11.109267912642403, 9.52638934362338, 8.493039455163133, 7.70352176613455, 7.147133734849929, 6.583233293154029, 6.2238948995971395, 5.75073595412531, 5.494590735363908, 5.27218579229244, 4.986859206150908, 4.845335202503088, 4.5839928163126045, 4.430973446378932, 4.309720583971769, 4.148245845347903, 4.018152893756772, 3.9083045408349304, 3.8078386323469564, 3.6318298593960603, 3.514364001528242, 3.468268175926629, 3.3786243508451954, 3.3132114522504788, 3.2127533233988883, 3.1821682847381516, 3.142329721469595]"
128,3,5e-05,30,2.3609207,1.8482437,0.9997847676277161,18.79585193792979,"[18.93024778366089, 18.79959511756897, 18.76784348487854, 18.782657384872437, 18.791509866714478, 18.785064697265625, 18.772666215896606, 18.82550859451294, 18.7592990398407, 18.777869939804077, 18.856178998947144, 18.804150342941284, 18.77490782737732, 18.80107045173645, 18.802167177200317, 18.752024173736572, 18.79676389694214, 18.828617095947266, 18.74820828437805, 18.761240243911743, 18.81756591796875, 18.76067280769348, 18.80340600013733, 18.81023359298706, 18.76890802383423, 18.781646251678467, 18.744308948516846, 18.82947826385498, 18.81667470932007, 18.82507300376892]","[10824.98997686888, 65.25469431977345, 24.299531346227663, 13.376122437612718, 10.327231388197456, 8.979881102991937, 8.240469499934449, 7.528215626458024, 7.103460814096196, 6.702570473368577, 6.385369784829073, 6.126253837687025, 5.824501208782066, 5.565909833472434, 5.351504124696956, 5.2197954048561215, 5.0145322143559765, 4.8605638362231405, 4.728241049078615, 4.490233372783036, 4.420899840258875, 4.303902041463905, 4.208425247041289, 4.06409808308065, 3.95016978428939, 3.8568142431922356, 3.825672259289918, 3.73066390363101, 3.6360772163749524, 3.6070421503929984]"
128,3,1e-05,30,2.235026,1.2983019,0.9998079538345337,18.82156697114309,"[18.900566816329956, 18.782136917114258, 18.788803339004517, 18.879392385482788, 18.771578550338745, 18.882275104522705, 18.836474895477295, 18.964550018310547, 18.8888099193573, 18.867588996887207, 18.803900957107544, 18.78594660758972, 18.758786916732788, 18.833988189697266, 18.81570267677307, 18.779347896575928, 18.83467674255371, 18.81243371963501, 18.87187647819519, 18.793455123901367, 18.759901762008667, 18.77420401573181, 18.78652548789978, 18.81593084335327, 18.812373638153076, 18.78913688659668, 18.829617261886597, 18.77059245109558, 18.78273582458496, 18.873698711395264]","[49656.61001631631, 159.50412676844533, 109.55592106074485, 77.48899226586892, 57.580604043459786, 44.171907121697885, 34.12837805498115, 26.654482696839814, 21.442992820815228, 17.438834693364182, 14.614829508856134, 12.501283773249543, 10.90580964799336, 9.682918673470681, 8.84466098507614, 8.123052997071312, 7.631574315925873, 7.2005215301320735, 6.872560451506723, 6.584757144745911, 6.312712621204067, 6.1195112142598, 5.8667473533723555, 5.701324006802846, 5.536883950412403, 5.431296228353894, 5.288165533976166, 5.157252542617605, 5.0493300771869425, 4.927309399051795]"
128,4,0.05,30,185.41006,127.274216,-0.11987942457199097,18.558276891708374,"[18.521672010421753, 18.56386923789978, 18.57617473602295, 18.556705713272095, 18.56563448905945, 18.56560516357422]","[1507678.0610900447, 34823.66097952497, 36305.324121600155, 36243.98165493761, 36204.93104446611, 36175.700362692754]"
128,4,0.01,30,6.1493497,5.1421714,0.9989959597587585,18.46551393667857,"[18.38533067703247, 18.430065870285034, 18.448647022247314, 18.44418692588806, 18.415831804275513, 18.374382257461548, 18.388608932495117, 18.42577838897705, 18.394004583358765, 18.447711944580078, 18.388174533843994, 18.457030534744263, 18.461443662643433, 18.397913455963135, 18.432246208190918, 18.469954252243042, 18.472107410430908, 18.534732341766357, 18.474005222320557, 18.536524534225464, 18.4951012134552, 18.486019611358643, 18.550336360931396, 18.449533939361572, 18.50259041786194, 18.48529362678528, 18.62299919128418, 18.532605409622192, 18.501489639282227, 18.560768127441406]","[2190.9318378324333, 134.12661934790393, 91.56462933132872, 63.20449361276679, 61.18190811255613, 37.042641139267964, 40.65953458629256, 38.49872818110942, 28.559051327992997, 33.672853176738236, 26.033666937656733, 23.82340715849959, 21.89345586883498, 25.826813679619583, 24.021535213231456, 22.49610561332523, 20.785243314158123, 15.643773044431054, 17.713578974917596, 17.68459837804813, 25.091153343204066, 41.32144652016656, 36.82142300306775, 26.74186544108111, 21.48693198838381, 19.309655082896025, 18.380088934723663, 17.996542952100718, 17.18485488261881, 17.234152748698865]"
128,4,0.005,30,4.5192204,4.2542768,0.9992274045944214,18.515873877207436,"[18.699352502822876, 18.49974751472473, 18.507962942123413, 18.51332187652588, 18.4987735748291, 18.51618003845215, 18.43189024925232, 18.42877960205078, 18.425490856170654, 18.56806707382202, 18.54766321182251, 18.530431032180786, 18.537248373031616, 18.559645652770996, 18.515945434570312, 18.52691626548767, 18.519336462020874, 18.455981969833374, 18.46052312850952, 18.48869037628174, 18.50882053375244, 18.48840045928955, 18.540554761886597, 18.504005670547485, 18.59487009048462, 18.556010007858276, 18.505247592926025, 18.488518476486206, 18.577133417129517, 18.4807071685791]","[1492.0966673235705, 122.35769002601569, 67.67405002570699, 42.77302414442384, 31.404671790444304, 33.878588157555484, 25.3749856134657, 21.55792982178419, 20.744537519591994, 19.194647832192057, 17.71114558172636, 16.74374499339529, 15.980611946824206, 14.961853079327003, 14.922628445599603, 14.512211008639966, 20.47138240353477, 13.935854550190758, 13.02250453837899, 13.468807090911607, 11.957290526991914, 10.789171934697174, 11.381192147479632, 9.787680432387509, 10.031134298856179, 9.794051376630971, 9.465761740667558, 9.140321990076501, 8.652723813860568, 8.212135410635817]"
128,4,0.001,30,5.380125,5.0442286,0.9990971684455872,18.519442534446718,"[18.496715545654297, 18.47959041595459, 18.562411785125732, 18.518093585968018, 18.54666304588318, 18.508163452148438, 18.460044145584106, 18.425610542297363, 18.486022233963013, 18.511561155319214, 18.56993293762207, 18.627729892730713, 18.639642477035522, 18.538203239440918, 18.514784336090088, 18.557098865509033, 18.478004932403564, 18.5627658367157, 18.595812797546387, 18.56119418144226, 18.51113224029541, 18.496129274368286, 18.493355751037598, 18.463504314422607, 18.459525108337402, 18.510585069656372, 18.500844717025757, 18.5005304813385, 18.527860164642334, 18.479763507843018]","[904.5682148980261, 60.1466867969286, 37.9907259417771, 28.174067699639167, 23.375267944205145, 19.60608978009901, 16.983187584930374, 15.16510831788345, 13.678675587923474, 13.419155378992706, 12.545079091108327, 11.557327331775824, 10.681134206490942, 10.945468459920917, 9.629618262205126, 9.46577314919422, 8.969281522325325, 8.626562792604473, 8.62557008537956, 7.999162941520391, 7.974042101811992, 7.537378221241895, 7.408545114319592, 7.1655147438055495, 7.212300556183155, 6.901408621703791, 6.771753185310739, 6.429956187577471, 6.22444748128134, 5.9430105148745485]"
128,4,0.0005,30,2.3820055,1.6616342,0.9998350143432617,18.573053574562074,"[18.557476043701172, 18.50691294670105, 18.45617938041687, 18.442614793777466, 18.53529119491577, 18.480194091796875, 18.42640447616577, 18.456852912902832, 18.513471603393555, 18.530242919921875, 18.60116934776306, 18.619582653045654, 18.56493902206421, 18.53884220123291, 18.549333095550537, 18.497855186462402, 18.533640146255493, 18.503244400024414, 18.512142658233643, 18.75277805328369, 18.51588535308838, 18.61786150932312, 18.50453281402588, 18.51303267478943, 18.551655769348145, 18.490724802017212, 19.35378646850586, 18.943995475769043, 18.615901708602905, 18.50506353378296]","[1515.121655161464, 40.482605793688236, 26.666365867472503, 20.28023634904662, 16.911906927872824, 14.591348815139986, 12.70837223847848, 11.551420325128662, 10.53101429076841, 9.367294542584975, 9.074499016383655, 8.346409235385503, 8.069425361320441, 7.607780077795632, 7.488511782977324, 7.2232588271541305, 6.698403304560704, 6.417700531514256, 6.4028558069718065, 6.059596471126521, 6.117605884173096, 6.001441867326642, 5.576379510468303, 5.500938262334947, 5.40337454479627, 5.135759525192194, 4.986139864530658, 4.866840578001562, 4.854826282839978, 4.665476675133127]"
128,4,0.0001,30,2.306862,1.8418956,0.9997813701629639,18.863884449005127,"[18.466540098190308, 18.53010368347168, 18.451843738555908, 18.482076168060303, 18.47936201095581, 18.505698680877686, 18.458330392837524, 18.6861572265625, 19.71472144126892, 18.901705980300903, 19.330329418182373, 18.852586030960083, 19.31936287879944, 19.274173736572266, 19.35790729522705, 19.350319862365723, 19.209239721298218, 18.843430757522583, 19.011064529418945, 18.74387240409851, 18.862485885620117, 18.802348613739014, 18.803369760513306, 18.823516130447388, 18.819905519485474, 18.747705459594727, 18.85224723815918, 18.76402258872986, 18.739493370056152, 18.73261284828186]","[3368.7184353971847, 29.8994119152687, 17.14359864747095, 13.467458575898904, 11.689527957395175, 10.46938742631355, 9.60125081311895, 8.70478428565535, 7.9684659606455845, 7.358461549098901, 6.830878995879509, 6.429622518687659, 6.017499443786178, 5.741546397375992, 5.311685579934657, 5.0671118528024985, 4.842285874869073, 4.571704138680381, 4.400445780472822, 4.224390962620685, 4.096422215028946, 3.931349730832852, 3.860180612153264, 3.7193441613125877, 3.6131565046077796, 3.5374821582646416, 3.425264294316187, 3.4158422239246784, 3.3223827037325853, 3.1906959266182215]"
128,4,5e-05,30,1.8349825,1.2230608,0.9998623728752136,18.767267576853435,"[18.846102476119995, 18.792226314544678, 18.76615595817566, 18.755330324172974, 18.756142377853394, 18.7934467792511, 18.753142595291138, 18.72104048728943, 18.79153299331665, 18.809235334396362, 18.784213066101074, 18.7053165435791, 18.806209802627563, 18.694507837295532, 18.72075366973877, 18.75217294692993, 18.764867544174194, 18.76259422302246, 18.787687301635742, 18.791571855545044, 18.741373300552368, 18.76206874847412, 18.786195039749146, 18.743189573287964, 18.807875633239746, 18.728829622268677, 18.74681305885315, 18.810798406600952, 18.778528213500977, 18.758105278015137]","[7815.05887804997, 36.91623373487435, 14.989479448841518, 10.107704559861638, 8.392365946487308, 7.568434432596294, 6.8317431500222225, 6.386556448711806, 5.951377300151083, 5.734618278708325, 5.432012567186818, 5.18548205622785, 4.95604758485989, 4.660999219161031, 4.5341445911496745, 4.409047595440821, 4.236151272034492, 4.067058456785098, 3.9227457547267517, 3.8272188846713266, 3.7400294178385107, 3.638802646399032, 3.5026263522988748, 3.447480832751206, 3.3706731105662526, 3.338797884791943, 3.204147868460313, 3.105267996405654, 3.146850961886802, 3.0469148149185177]"
128,4,1e-05,30,1.9850764,1.2139816,0.9998618364334106,18.724190402030946,"[18.721421241760254, 18.706001043319702, 18.700165033340454, 18.688524961471558, 18.658934831619263, 18.69686770439148, 18.665271282196045, 18.66669487953186, 18.751112699508667, 18.7152681350708, 18.7281277179718, 18.739105939865112, 18.75067138671875, 18.700082063674927, 18.656696796417236, 18.732638359069824, 18.754769563674927, 18.77442979812622, 18.751570463180542, 18.743321895599365, 18.749075889587402, 18.748167514801025, 18.705472230911255, 18.764291048049927, 18.733319997787476, 18.74998164176941, 18.779473781585693, 18.73887038230896, 18.710498571395874, 18.744885206222534]","[32117.00670358864, 134.62237769573537, 80.16153652045274, 46.57404638065521, 26.77343888131812, 17.268653547220485, 13.252104819447258, 10.911000515785735, 9.45783975303954, 8.50897248147877, 7.794056057718513, 7.310717245230378, 6.880196274522546, 6.595692982344063, 6.28620243093251, 6.031011318495115, 5.824228920001846, 5.614886595586958, 5.417608344789155, 5.2456730353284025, 5.085039498268191, 4.9301081721195095, 4.789043938867162, 4.641777561269863, 4.478587291801275, 4.397915553797736, 4.284893160258871, 4.157197011207682, 4.051193128246408, 3.959142085054979]"
128,5,0.05,30,184.06866,127.104294,-0.09939521551132202,19.651239156723022,"[19.723617792129517, 19.626195669174194, 19.64142918586731, 19.608829259872437, 19.656123876571655]","[8799331.419554465, 36766.38547672455, 36516.740593656185, 36436.20953289182, 36330.551224354575]"
128,5,0.01,30,10.518777,6.9544587,0.997233510017395,19.633788537979125,"[19.643591165542603, 19.639261960983276, 19.61125111579895, 19.63086462020874, 19.60460591316223, 19.635021924972534, 19.709654092788696, 19.569315910339355, 19.57937002182007, 19.61626696586609, 19.61788058280945, 19.677347898483276, 19.66157865524292, 19.676023721694946, 19.677337408065796, 19.61973786354065, 19.65967059135437, 19.618818283081055, 19.647543907165527, 19.627471923828125, 19.631170988082886, 19.650845289230347, 19.64786386489868, 19.61251926422119, 19.624037981033325, 19.61725616455078, 19.598396062850952, 19.651373624801636, 19.634896516799927, 19.622681856155396]","[4240.342152403952, 301.2511560112628, 237.94587828706966, 192.23349792884426, 203.26023068750789, 186.0153961501788, 181.94669497156247, 163.69465794150747, 158.0876424418006, 152.4579744370874, 146.77723881407076, 137.19299960357654, 132.5796486045596, 124.22331997517935, 120.34519287748628, 115.10650385792599, 111.00440744099139, 106.12455293353989, 103.78328708295739, 99.30513747082007, 93.48849621668913, 94.29945123956973, 90.52661281388139, 89.87014573252878, 90.17864390726173, 91.7766925476524, 88.41399945510658, 85.73455013751203, 86.31269145844806, 81.39543452123627]"
128,5,0.005,30,2.5042896,1.9950147,0.9998027086257935,19.637395318349203,"[19.665159702301025, 19.66264057159424, 19.671168088912964, 19.721799612045288, 19.66645622253418, 19.646400213241577, 19.60998225212097, 19.604429244995117, 19.571373462677002, 19.646842002868652, 19.657336473464966, 19.5887348651886, 19.614654779434204, 19.629032850265503, 19.614932537078857, 19.621100187301636, 19.655437707901, 19.636276483535767, 19.61727547645569, 19.660237312316895, 19.599278926849365, 19.64297604560852, 19.78032612800598, 19.617873668670654, 19.615182399749756, 19.650134563446045, 19.585811376571655, 19.62515163421631, 19.628716945648193, 19.615137815475464]","[2125.383689763114, 164.6028978193431, 112.67098594167346, 63.55923694821164, 52.508678035802454, 51.60789437899488, 38.624106172228224, 37.628923964064455, 28.778972085614132, 32.66050602573755, 32.146507670216295, 25.087427420313897, 23.877666584301462, 21.77631979849694, 21.683332853287652, 20.122268663914507, 18.744067383686073, 24.41052847579284, 20.056722262573295, 19.469654525617976, 18.112038197719766, 17.71679868262798, 16.293872591197555, 16.130816949649375, 15.821683988093062, 15.559360137412641, 16.109489724084767, 15.142017795468425, 15.069187317470568, 15.704971487910434]"
128,5,0.001,30,5.8869176,5.585235,0.9988483190536499,19.628730535507202,"[19.59672498703003, 19.649611234664917, 19.58003520965576, 19.66736388206482, 19.706037759780884, 19.566184997558594, 19.54704475402832, 19.629015922546387, 19.59530544281006, 19.63436770439148, 19.663623809814453, 19.618207693099976, 19.635927438735962, 19.695814609527588, 19.606184244155884, 19.62871813774109, 19.673019886016846, 19.639487504959106, 19.572348594665527, 19.641419410705566, 19.611886262893677, 19.63424277305603, 19.60195255279541, 19.716633081436157, 19.625761032104492, 19.60157823562622, 19.676836013793945, 19.605745315551758, 19.584338188171387, 19.65649938583374]","[1366.0929760495649, 85.96951160231792, 57.6213883331379, 44.159747258999985, 34.892288260031734, 29.468870596041064, 25.882637892674865, 23.06876570613461, 21.106294198205703, 18.62785846939286, 17.004475081738036, 16.730222653752136, 14.962161068296199, 14.054232612667061, 13.167000986106986, 12.572752754134838, 12.13764771457973, 11.64434239091799, 11.533841320114234, 11.27774758200572, 10.517672468611247, 10.629770435779212, 10.166791339677363, 9.126467329559759, 9.44142244678137, 9.06073821234765, 8.639328843486947, 8.649386242735627, 8.367102264654395, 8.071701245711848]"
128,5,0.0005,30,1.9929678,1.4449711,0.9998804330825806,19.660734526316325,"[19.622461318969727, 19.59777069091797, 19.63520073890686, 19.64210534095764, 19.5770423412323, 19.65181803703308, 19.64120101928711, 19.56842851638794, 19.792059183120728, 19.68116021156311, 19.628026485443115, 19.742131233215332, 19.716434001922607, 19.6496741771698, 19.726919889450073, 19.754531860351562, 19.715194940567017, 19.682582139968872, 19.611817598342896, 19.62963366508484, 19.68319869041443, 19.636645555496216, 19.635102033615112, 19.757648229599, 19.623299598693848, 19.66899824142456, 19.59818148612976, 19.67544651031494, 19.62954306602478, 19.64777898788452]","[1887.3495993981194, 60.40801732518657, 42.83610698746672, 32.20946981478076, 24.99163199295839, 20.780217170503853, 17.8579559039048, 15.811199200193206, 14.964609551215016, 12.928042329758341, 12.436560400387508, 11.577846542130912, 10.379648004085086, 9.775626283830364, 9.4754057708176, 9.028485502466136, 9.129323399947005, 8.680027877000937, 8.213214786519911, 7.8422484500577685, 7.666208938317268, 7.396440137946352, 7.286275015924305, 7.393247237451391, 7.054214707636742, 6.713493107423576, 6.603342541981505, 6.635450756746674, 6.596580465958661, 6.26138916670235]"
128,5,0.0001,30,2.7684827,2.3264365,0.999771773815155,19.68253558476766,"[19.668108701705933, 19.669688940048218, 19.686404943466187, 19.648735284805298, 19.613354682922363, 19.610527276992798, 19.595160961151123, 19.584051847457886, 19.604862928390503, 19.699411153793335, 19.864179372787476, 19.670803785324097, 19.766062259674072, 19.690387964248657, 19.680192232131958, 19.70475196838379, 19.68751883506775, 19.689220905303955, 19.722742319107056, 19.671520709991455, 19.655586004257202, 19.851540327072144, 19.69313621520996, 19.69854736328125, 19.72999334335327, 19.690316915512085, 19.661856412887573, 19.64241361618042, 19.64249062538147, 19.682499647140503]","[6399.896734580007, 30.19924009108192, 16.039767456489034, 12.706351721553563, 11.251011824536272, 10.124379484178132, 9.34736909505842, 8.91384922395009, 8.462889363741152, 7.934233850966244, 7.485283219231105, 7.052768164017445, 6.7186706173660715, 6.426088866545904, 6.128738414984213, 5.851560626305054, 5.699802664991094, 5.443812303684294, 5.261450079192436, 5.008390163368338, 4.963580799423256, 4.754984052355633, 4.7503272649185435, 4.5916713885596945, 4.426795779052292, 4.33606863722986, 4.161135745905828, 4.164371956274011, 4.084026311581149, 3.926235074765053]"
128,5,5e-05,30,4.488638,4.1983624,0.9993293881416321,20.08929486274719,"[19.64872121810913, 19.61581516265869, 19.60511589050293, 19.589144229888916, 19.6193950176239, 19.56231141090393, 19.557952880859375, 19.571255922317505, 19.571874380111694, 19.65223479270935, 19.680556058883667, 19.609741687774658, 19.619192600250244, 19.736413717269897, 19.65401816368103, 19.674535512924194, 19.67282009124756, 20.11376953125, 20.67310333251953, 20.767443656921387, 20.875425338745117, 20.772361040115356, 20.70027756690979, 20.75955080986023, 20.727277278900146, 20.775779247283936, 20.6681489944458, 20.62128734588623, 20.82155156135559, 20.76177144050598]","[12378.599833606502, 40.124522660692186, 18.058584843042375, 12.72507417014918, 10.645532709957145, 9.69182768999294, 8.948479885593317, 8.245325118441574, 7.722178824091387, 7.311924272586945, 6.951605441219551, 6.529209837968173, 6.270384873690563, 5.9213314979991925, 5.653549576710958, 5.354389829951538, 5.302726728158421, 4.98512014280598, 4.8194502241356405, 4.6465994735964165, 4.470959615710651, 4.422051588333655, 4.247917766101235, 4.134172766274207, 4.006149389016478, 3.8761734819836815, 3.8175380069754334, 3.7223136847977036, 3.713813917703243, 3.587328290469196]"
128,5,1e-05,30,2.0167537,1.2131686,0.9998486042022705,20.195387307802836,"[20.81723165512085, 20.86275625228882, 20.239498615264893, 20.014705181121826, 20.170335292816162, 20.08806824684143, 20.158055782318115, 20.330904722213745, 20.149914264678955, 20.056525468826294, 20.16230058670044, 20.096614360809326, 19.875566959381104, 20.407389402389526, 20.284103393554688, 20.638190269470215, 20.423362493515015, 20.326234102249146, 20.19567894935608, 20.228044748306274, 20.090757131576538, 19.991270780563354, 20.00067114830017, 20.224353790283203, 20.05778741836548, 20.04810333251953, 19.893563270568848, 19.91647434234619, 20.101024627685547, 20.01213264465332]","[41385.99892906318, 140.1549797917037, 71.9733233008062, 39.06602513002777, 25.434619914951803, 18.97039843510072, 15.162199870532778, 12.567439707719993, 10.901616068060742, 9.777054071930689, 8.971298996558389, 8.301119850155406, 7.792580419215963, 7.3733056886975685, 6.963750369464531, 6.667733803139308, 6.352980370946456, 6.060030778967592, 5.838344100789537, 5.61519377816501, 5.429674978656735, 5.263692767282045, 5.151090355362239, 4.999477197176179, 4.877653341520757, 4.775046959771535, 4.649221275770411, 4.550303476370513, 4.437961378476407, 4.310236297612888]"
