hidden_size,num_layers,learning_rate,num_epochs,rmse,mae,r2,avg_epoch_time,epoch_times,epoch_losses
32,2,0.05,30,184.08958,129.84212,-0.06210881471633911,20.13694324493408,"[19.296186685562134, 19.219865560531616, 18.72960925102234, 19.562958478927612, 23.87609624862671]","[109704.81253770766, 37173.402445097636, 37177.5782395784, 37177.46937515348, 37174.05377087285]"
32,2,0.01,30,183.29634,130.59279,-0.05241507291793823,17.70448226928711,"[18.35141611099243, 17.808310747146606, 17.7145836353302, 17.433399200439453, 17.214701652526855]","[380965.8294938546, 37168.4640045228, 37152.98104891889, 37154.30916942043, 37154.65089604008]"
32,2,0.005,30,183.10255,130.76254,-0.04990434646606445,18.65446674823761,"[19.02677583694458, 18.620620012283325, 18.558136463165283, 18.573755264282227, 18.55813455581665, 18.589378356933594]","[668434.6750059273, 66262.71795602201, 37150.92910958034, 37151.43875096849, 37151.51691235309, 37151.13122110402]"
32,2,0.001,30,183.31358,130.53464,-0.05244135856628418,18.480394385077737,"[18.558067798614502, 18.62062430381775, 18.68310260772705, 18.15198063850403, 18.07044267654419, 18.112638473510742, 18.667486906051636, 18.714346885681152, 18.57375693321228, 18.558135271072388, 18.573755741119385]","[1250030.4301246444, 850471.5020322449, 557679.197085422, 344971.923066827, 190515.99389268053, 91659.89670797487, 45480.45980071298, 37213.78199952263, 37148.78452077653, 37149.01582319681, 37148.849371750526]"
32,2,0.0005,30,183.12701,130.82704,-0.05048799514770508,18.447046915690105,"[18.5424542427063, 18.511270761489868, 18.5893771648407, 18.464407444000244, 18.089495182037354, 18.02700972557068, 18.245710134506226, 18.667484283447266, 18.651862859725952, 18.62062096595764, 18.5737566947937, 18.620620250701904, 18.5737566947937, 18.558135986328125, 18.542513132095337, 18.636243104934692, 18.058250904083252, 18.073874950408936]","[1364617.2691877794, 1133483.9362721853, 931632.5400944994, 758239.9651554667, 612433.2118573026, 489708.28605541255, 383205.02095752605, 291264.5577665628, 213804.88943528992, 150766.11076475919, 102019.621350956, 67406.84008931293, 46546.45361480279, 38209.59592262333, 37157.58630187517, 37148.640539396976, 37148.64971069617, 37148.69313974436]"
32,2,0.0001,30,630.3804,483.3277,-8.743202209472656,18.392890659968057,"[18.308133363723755, 18.589377403259277, 18.589378118515015, 18.58937692642212, 18.605000019073486, 18.511271238327026, 18.542513132095337, 18.474711656570435, 18.323814630508423, 18.32381558418274, 18.02707815170288, 18.026943922042847, 18.29257559776306, 18.417598009109497, 18.448726654052734, 18.339436292648315, 18.37068223953247, 18.604998350143433, 18.604999780654907, 18.433162212371826, 18.495650053024292, 18.276954650878906, 18.01144528388977, 18.011390447616577, 18.38624382019043, 18.401920557022095, 18.40198040008545, 18.401952743530273, 18.37058973312378, 18.60499882698059]","[1465343.0657600595, 1413562.6705053516, 1363325.7107268663, 1314268.610079935, 1266391.98575735, 1219699.495071806, 1174186.0812813304, 1129852.8940438288, 1086696.9179650454, 1044722.1045081967, 1003929.1965858284, 964308.4885940253, 925871.1897778079, 888605.5423384365, 852523.8680395611, 817604.2923892427, 783873.3085879284, 751302.5730422707, 719905.2627015309, 689672.4865363772, 660585.6071712844, 632636.130766495, 605770.9397015987, 579877.9309417761, 554793.3492751659, 530377.0344888904, 506573.6699168473, 483366.9216273202, 460751.7496782279, 438730.3403629251]"
32,2,5e-05,30,895.23895,727.5748,-18.95128059387207,18.349330377578735,"[18.573699712753296, 18.370676517486572, 18.292571306228638, 18.526893138885498, 17.980146408081055, 17.98014545440674, 18.308193922042847, 18.44878625869751, 18.386301279067993, 18.40192222595215, 18.448785543441772, 18.573755979537964, 18.620622634887695, 18.573755264282227, 18.35511827468872, 18.21440601348877, 18.027073860168457, 18.08943200111389, 18.386300086975098, 18.448848009109497, 18.41754961013794, 18.401854515075684, 18.417543172836304, 18.55813455581665, 18.54251456260681, 18.38629984855652, 18.417607307434082, 18.370616674423218, 17.98020648956299, 17.98015069961548]","[1479672.074685002, 1453221.7694248746, 1427453.400267579, 1401984.8219922774, 1376807.5529230456, 1351930.3228221107, 1327345.92856659, 1303060.229609809, 1279069.7560797995, 1255378.1427990787, 1231974.4782211082, 1208872.9841738925, 1186064.2773421623, 1163550.8050992412, 1141336.1286919117, 1119416.0168676332, 1097793.6394797452, 1076460.5993175043, 1055432.410013887, 1034692.4150182902, 1014250.8950006774, 994109.6505046742, 974267.159040103, 954724.7032583661, 935474.3106794473, 916519.373323398, 897858.7875203225, 879491.106371088, 861422.33578614, 843646.6748746783]"
32,2,1e-05,30,1198.6473,1078.2865,-37.08875274658203,18.411294507980347,"[18.417479753494263, 18.43322777748108, 18.37061595916748, 18.401922941207886, 18.433226108551025]","[1490759.4060764124, 1484405.7738788782, 1479133.0639141037, 1473890.005741092, 1468658.1469651808]"
32,3,0.05,30,183.8017,131.01242,-0.0613328218460083,20.010906457901,"[20.182692050933838, 20.135949850082397, 20.010923385620117, 19.995232105255127, 19.729734897613525]","[109439.48767938267, 37172.06847699647, 37176.10857705278, 37174.828269546066, 37176.693723353244]"
32,3,0.01,30,183.64612,130.4177,-0.057226717472076416,19.882823133468627,"[19.62032151222229, 19.83908462524414, 20.01098394393921, 19.964054584503174, 19.979671001434326]","[380082.9268532063, 37167.378870923865, 37154.8943384778, 37154.63011157236, 37154.32886208572]"
32,3,0.005,30,183.11163,130.83994,-0.050263166427612305,19.964054942131042,"[20.057722091674805, 20.15151023864746, 20.05778169631958, 20.02654004096985, 19.917251348495483, 19.573524236679077]","[667207.5771702683, 66164.96521288824, 37150.74053008252, 37151.29791533477, 37151.6141622864, 37150.67328314994]"
32,3,0.001,30,183.14574,130.78046,-0.050627708435058594,19.944173271005806,"[19.651566743850708, 19.917189121246338, 20.010918855667114, 20.010918140411377, 19.979676485061646, 20.073403120040894, 20.182753324508667, 20.135894060134888, 19.932809829711914, 19.870325326919556, 19.620450973510742]","[1249952.4206323668, 850288.6050416611, 557645.7123230253, 344919.22736798873, 190527.1906224597, 91632.30675996646, 45485.25010187686, 37213.16557318834, 37149.13541697538, 37148.5147753205, 37149.22520661157]"
32,3,0.0005,30,183.2553,130.84505,-0.05251121520996094,19.950743383831448,"[19.620388984680176, 19.96398901939392, 19.9952974319458, 19.995301961898804, 20.02659797668457, 20.073402881622314, 20.167131185531616, 20.13588833808899, 20.073343515396118, 19.943153381347656, 19.62038779258728, 19.589141368865967, 20.010918140411377, 20.042222261428833, 19.96399474143982, 19.964054822921753, 19.932807207107544, 19.995359897613525]","[1365168.9967314727, 1133948.787130809, 931935.5110079935, 758451.5427448855, 612452.476629183, 489739.34247561306, 383235.4471616312, 291265.59767689, 213831.9759073127, 150763.4417084406, 102047.95598496139, 67445.02832811864, 46594.13885022567, 38219.55981984466, 37158.43995893701, 37148.55312203631, 37148.47340405264, 37148.52554648337]"
32,3,0.0001,30,630.17664,483.19986,-8.73705005645752,18.848173300425213,"[19.979674816131592, 20.07347345352173, 19.99522829055786, 18.35506010055542, 18.292569875717163, 18.589380979537964, 18.6362407207489, 18.480091094970703, 18.542519330978394, 18.48002028465271, 18.51121497154236, 18.52694845199585, 19.04233980178833, 18.448843955993652, 18.386308431625366, 18.854875087738037, 19.104878187179565, 19.042465686798096, 18.87049412727356, 18.88624668121338, 18.729906797409058, 18.776832342147827, 18.808075666427612, 19.026775598526, 19.667253255844116, 18.917425632476807, 18.355053663253784, 18.620683670043945, 18.573699235916138, 18.87061882019043]","[1464545.4977984014, 1412847.1557377048, 1362625.008179786, 1313592.9464842163, 1265731.0215587318, 1219054.3421115025, 1173562.6989737162, 1129254.4549857744, 1086115.6218330848, 1044159.7414815066, 1003375.6403773201, 963776.5739991193, 925362.571628167, 888123.953935781, 852051.8940776995, 817165.9529535293, 783445.647854288, 750896.7961658312, 719516.0665729576, 689301.5165543287, 660236.8591908278, 632293.5325921284, 605456.2344702615, 579576.1452208373, 554503.3251888294, 530094.4741312152, 506296.4710489771, 483092.5556919794, 460481.87972073565, 438464.74636736215]"
32,3,5e-05,30,894.67377,727.1689,-18.92720603942871,18.528975478808086,"[18.65180206298828, 18.542510986328125, 18.49565052986145, 18.714348316192627, 18.714348316192627, 18.38630485534668, 18.261388301849365, 18.495591640472412, 18.6206214427948, 18.526890754699707, 18.542511701583862, 18.54251766204834, 18.526899099349976, 18.55812692642212, 18.6987247467041, 18.558199882507324, 18.38624095916748, 18.23008680343628, 18.495648860931396, 18.573824167251587, 18.636176347732544, 18.55819582939148, 18.526832103729248, 18.480083465576172, 18.620622873306274, 18.589317560195923, 18.85500693321228, 18.386234283447266, 18.167603254318237, 18.52695369720459]","[1478341.5576310798, 1451840.7889852324, 1426084.7456984147, 1400625.9092263922, 1375464.3226696923, 1350596.0650657092, 1326029.5717213114, 1301754.2143679718, 1277777.6239330715, 1254093.537935239, 1230707.5725511448, 1207614.619123425, 1184820.8774132908, 1162321.546496071, 1140118.772667999, 1118210.116710134, 1096596.1557123018, 1075280.6011465248, 1054259.8890986994, 1033535.5057072212, 1013106.1015699093, 992976.1796843247, 973148.6530957865, 953615.8606133993, 934377.6628166916, 915434.419844872, 896789.2039865872, 878433.5748882266, 860379.2118700041, 842617.7243598428]"
32,3,1e-05,30,1198.7855,1078.124,-37.085025787353516,18.57062077522278,"[18.62055802345276, 18.542579174041748, 18.54251456260681, 18.62055778503418, 18.526894330978394]","[1491223.6239500067, 1484798.993937136, 1479525.4991701667, 1474283.277079664, 1469053.468940523]"
32,4,0.05,30,182.36287,132.67197,-0.04316908121109009,19.795344972610472,"[19.839022159576416, 20.08902382850647, 19.792223691940308, 19.58920121192932, 19.667253971099854]","[109350.26687292542, 37175.389793975875, 37176.43037457344, 37176.07057645369, 37175.625518645844]"
32,4,0.01,30,183.43678,130.44891,-0.054150164127349854,19.814090490341187,"[19.885950326919556, 19.807782411575317, 19.83914351463318, 19.792160749435425, 19.745415449142456]","[380535.6825741875, 37168.503009468994, 37153.19279706764, 37153.88256627553, 37154.18506104144]"
32,4,0.005,30,183.06136,131.10202,-0.050138890743255615,19.813047528266907,"[19.995232582092285, 19.93281364440918, 19.807841539382935, 19.589143753051758, 19.71411442756653, 19.839139223098755]","[667283.7213516969, 66269.61020245182, 37150.38862345041, 37151.48830493306, 37151.05747694143, 37150.68312822566]"
32,4,0.001,30,183.18188,130.81903,-0.05119568109512329,19.79746233333241,"[19.870261907577515, 19.77659845352173, 19.77659583091736, 19.776598691940308, 19.95929765701294, 19.93281602859497, 19.745354890823364, 19.620442628860474, 19.589082717895508, 19.85470676422119, 19.870330095291138]","[1250551.5833897847, 850689.4863839588, 557811.1181538748, 345017.45753243123, 190556.2586275149, 91686.31467619563, 45444.01399007481, 37208.75627720245, 37148.79285112853, 37149.00489723403, 37148.93476043854]"
32,4,0.0005,30,183.14287,130.7946,-0.050630390644073486,19.780934426519607,"[19.807782649993896, 19.760974884033203, 19.807841777801514, 19.823522806167603, 19.901510000228882, 19.776599407196045, 19.542337656021118, 19.58914041519165, 19.917133808135986, 19.82352042198181, 19.77653670310974, 19.83914542198181, 19.823406457901, 19.823461532592773, 19.94843101501465, 19.932871341705322, 19.573460578918457, 19.58914279937744]","[1364507.073093077, 1133388.9551805311, 931490.4461201057, 758087.966340943, 612218.1311221379, 489526.8774725647, 383064.85828478524, 291139.3683761516, 213684.3438473784, 150656.40495021, 101930.0970375796, 67387.47389835388, 46558.714397608725, 38212.83000270966, 37158.281031427825, 37148.65218656856, 37148.63942748379, 37148.71921135665]"
32,4,0.0001,30,629.9677,483.0727,-8.731704711914062,20.01655728816986,"[19.854642629623413, 19.823466062545776, 19.792280673980713, 19.77653741836548, 19.839083909988403, 19.82352590560913, 19.979671001434326, 19.963996410369873, 19.667309761047363, 19.557842254638672, 19.82345747947693, 19.870330333709717, 19.7765953540802, 19.760977268218994, 19.901573181152344, 19.823461055755615, 20.01094627380371, 19.870298862457275, 19.620446920394897, 19.54221820831299, 19.870328426361084, 19.823524951934814, 19.74535298347473, 19.776540517807007, 21.04890275001526, 21.756242752075195, 21.480581283569336, 21.145627737045288, 20.119328022003174, 19.651628255844116]","[1465185.8831120445, 1413417.416051348, 1363156.5039459423, 1314076.1553481913, 1266181.3210100257, 1219451.9057546402, 1173918.3472598563, 1129564.2608471075, 1086384.5176889987, 1044384.8751270153, 1003566.0345142934, 963935.6126710473, 925468.1024759518, 888187.6778129657, 852079.4136041864, 817148.0578597074, 783382.9070501964, 750790.0469363907, 719366.1406990923, 689112.6233149302, 659997.1043473106, 632030.8104211828, 605149.7419006571, 579256.5459456713, 554177.8960506706, 529781.8409260262, 505994.64060171385, 482797.5836353475, 460197.98705714, 438182.43102645304]"
32,4,5e-05,30,894.80286,727.41095,-18.935361862182617,19.869449655214947,"[19.9171941280365, 19.839144229888916, 19.917186975479126, 20.010858058929443, 19.839086771011353, 19.8234601020813, 19.79228162765503, 19.760982275009155, 19.714051961898804, 19.667248249053955, 19.901633739471436, 20.225922107696533, 19.963996410369873, 19.82345676422119, 19.82346272468567, 19.854708194732666, 19.8234646320343, 19.776593685150146, 19.729796171188354, 19.69843316078186, 20.12026596069336, 20.1515793800354, 19.87025737762451, 19.807902574539185, 20.25379729270935, 20.02660083770752, 19.77653670310974, 19.854708194732666, 19.651626348495483, 19.667253017425537]","[1478675.6478119495, 1452232.4686018154, 1426471.1169387617, 1401004.9313947975, 1375839.6338233303, 1350964.799823872, 1326388.5524657906, 1302106.9319536649, 1278125.3636702343, 1254437.939964097, 1231043.9776453055, 1207945.7821348733, 1185144.1436881858, 1162638.3643222463, 1140429.2300501287, 1118515.2169590842, 1096896.6501151605, 1075574.1309443165, 1054547.8114500067, 1033818.8554057715, 1013384.2252997562, 993247.3904450616, 973412.7538443301, 953870.4574752743, 934628.6131283024, 915677.7298553719, 897027.9795505352, 878664.6774827259, 860602.9977052567, 842833.807055277]"
32,4,1e-05,30,1198.5793,1077.8962,-37.07379150390625,20.37950782775879,"[19.93281388282776, 19.870327711105347, 19.89971899986267, 21.756624460220337, 20.438054084777832]","[1490623.7210574448, 1484294.7741329088, 1479024.0314320552, 1473782.9032312694, 1468553.8452276115]"
32,5,0.05,30,183.30754,131.35425,-0.05464142560958862,22.315323543548583,"[22.69612145423889, 22.753804206848145, 21.246442317962646, 22.464840173721313, 22.415409564971924]","[109487.92960692466, 37174.94689264984, 37171.32772146178, 37173.89434165319, 37175.326748206964]"
32,5,0.01,30,183.96112,129.95808,-0.060565292835235596,21.869826459884642,"[22.15152335166931, 22.173191785812378, 21.650161266326904, 21.648154735565186, 21.72610116004944]","[380446.5743632299, 37170.11913969884, 37153.98694534002, 37152.2860372864, 37152.67559972395]"
32,5,0.005,30,182.99576,130.59665,-0.04771524667739868,22.04685389995575,"[21.795085906982422, 23.11137890815735, 22.41443943977356, 21.42884397506714, 21.8564133644104, 21.674961805343628]","[667862.399859013, 66236.69105642867, 37151.11732020454, 37150.748347080975, 37152.129841400216, 37152.04964750606]"
32,5,0.001,30,183.39026,130.82077,-0.05445754528045654,21.622671777551826,"[21.62572741508484, 21.667452573776245, 21.663062572479248, 21.576420307159424, 21.5650417804718, 21.47357678413391, 21.45013999938965, 21.78276824951172, 21.76636552810669, 21.64159893989563, 21.637235403060913]","[1249970.4261617668, 850370.6918947297, 557705.7495300433, 344926.28069113265, 190474.7615171132, 91646.42909370342, 45475.85203219203, 37214.36946226481, 37149.02935853035, 37148.87780439219, 37148.54430876151]"
32,5,0.0005,30,183.1396,130.77094,-0.050502896308898926,22.129493713378906,"[21.6275691986084, 21.696741819381714, 21.59630846977234, 21.53031826019287, 24.421764612197876, 24.030112743377686, 21.60662007331848, 21.528378009796143, 23.12896752357483, 22.763410806655884, 21.795183658599854, 21.912293195724487, 21.747220993041992, 21.720611810684204, 21.4608154296875, 21.705122232437134, 21.781151294708252, 22.27829670906067]","[1363878.2047317435, 1132859.1765258773, 931112.2006079799, 757856.4350104999, 612103.1535234047, 489442.81916830374, 383028.69823067676, 291071.8553761347, 213658.7909772558, 150627.27516596668, 101953.43160490194, 67371.29459613365, 46532.89848407228, 38220.82278083085, 37157.40575146491, 37148.5262368645, 37148.619984615274, 37148.71103527533]"
32,5,0.0001,30,630.2434,483.244,-8.739516258239746,21.45005855560303,"[21.63972306251526, 21.497450590133667, 21.50132393836975, 21.388038635253906, 21.308988094329834, 21.280404090881348, 21.592463970184326, 21.592816591262817, 21.735419273376465, 21.763526439666748, 21.501201391220093, 21.45072031021118, 21.335203409194946, 21.33873200416565, 21.18257761001587, 21.697958946228027, 21.41690683364868, 21.385599374771118, 21.38559055328369, 21.432461500167847, 21.41683578491211, 21.44814419746399, 21.52618908882141, 21.16688323020935, 21.291818857192993, 21.63553261756897, 21.432459592819214, 21.432461738586426, 21.36997365951538, 21.35435128211975]","[1465485.2301686762, 1413751.0616278283, 1363497.2387718465, 1314421.094482455, 1266522.9781025606, 1219810.6078698686, 1174282.251405636, 1129926.7331493022, 1086753.9108945264, 1044757.1421894053, 1003946.0548790814, 964313.5327276115, 925849.5461912343, 888571.06916407, 852469.6531719957, 817537.2618632299, 783779.3463284108, 751192.074549519, 719777.3037952174, 689519.311847988, 660413.3147100664, 632447.2644035361, 605565.7710167998, 579669.7171961794, 554590.1247756063, 530177.933304261, 506382.467098801, 483178.23963555077, 460569.64042812627, 438551.5217153841]"
32,5,5e-05,30,894.80493,727.3105,-18.934951782226562,21.391321094830833,"[21.369913339614868, 21.69808030128479, 21.213701725006104, 21.12003207206726, 21.479389190673828, 21.43239164352417, 21.41690230369568, 21.385530948638916, 21.4168438911438, 21.557427883148193, 21.573047876358032, 21.338733911514282, 21.19813847541809, 21.41683840751648, 21.47932529449463, 21.43251657485962, 21.448023319244385, 21.338731050491333, 21.416895389556885, 21.510507106781006, 21.401217222213745, 21.2606258392334, 21.276243925094604, 21.44808053970337, 21.307486057281494, 21.29186987876892, 21.307491064071655, 21.338728427886963, 21.448142051696777, 21.41677713394165]","[1478603.5176127895, 1452180.9677889175, 1426421.8648049044, 1400958.6866447637, 1375795.380554803, 1350921.9750880639, 1326348.049044845, 1302070.7187542338, 1278088.5860486384, 1254402.367717789, 1231014.2105744479, 1207917.1895915188, 1185118.230608996, 1162615.1392003116, 1140411.2915001356, 1118495.080536174, 1096883.8244563744, 1075566.0717805852, 1054539.8245664544, 1033811.3841027638, 1013379.7162562661, 993244.3758637041, 973411.7109554939, 953876.0077225309, 934640.1945535835, 915691.4792118276, 897041.5611705731, 878682.3904111909, 860622.1524183715, 842853.0223546944]"
32,5,1e-05,30,1198.1312,1077.385,-37.042911529541016,21.33559513092041,"[21.27618646621704, 21.198136806488037, 21.448146104812622, 21.369914293289185, 21.385591983795166]","[1489576.0466569571, 1483206.4641308766, 1477944.1083355914, 1472704.6749254845, 1467477.3969143748]"
50,2,0.05,30,183.84657,129.3655,-0.05677980184555054,17.383399963378906,"[17.386476278305054, 17.308427333831787, 17.35529375076294, 17.480265855789185, 17.386536598205566]","[84271.70638545653, 37190.70776092649, 37189.0178457833, 37192.69247780937, 37192.954119556336]"
50,2,0.01,30,183.27914,130.48587,-0.051808714866638184,17.245945072174074,"[17.308372259140015, 17.089794874191284, 17.152215242385864, 17.339604377746582, 17.339738607406616]","[264268.58969291934, 37156.51581591988, 37156.772480651336, 37159.421563812495, 37156.23416119089]"
50,2,0.005,30,183.10052,130.65929,-0.04962426424026489,17.324040174484253,"[17.3239905834198, 17.29280686378479, 17.292866706848145, 17.292808771133423, 17.323989629745483, 17.417778491973877]","[473955.30776762124, 38090.30942490643, 37152.17175671699, 37152.78320021423, 37152.22051564511, 37152.03315390657]"
50,2,0.001,30,183.28926,130.84035,-0.053046584129333496,17.28068478902181,"[17.448959589004517, 17.26162314414978, 17.089736223220825, 17.120907068252563, 17.355293035507202, 17.324050664901733, 17.30858826637268, 17.292854070663452, 17.324151039123535]","[1139168.697982997, 615928.488788782, 294019.3962475444, 108957.55934314032, 42284.29026464698, 37149.740212544246, 37149.5020990603, 37149.567785159954, 37149.62265484754]"
50,2,0.0005,30,183.22577,130.74329,-0.051707923412323,17.273268424547634,"[17.261675119400024, 17.38663649559021, 17.511616230010986, 17.386643171310425, 17.136762380599976, 17.011725664138794, 17.183558225631714, 17.37096095085144, 17.339840412139893, 17.45446801185608, 17.56008744239807, 17.056914806365967, 16.891600608825684]","[1300666.6384212843, 970186.0940082645, 707014.5423384365, 504399.43645424064, 344441.24585083325, 218997.3937284074, 127414.01045018459, 69076.39044823703, 42010.37759958, 37198.16779026703, 37148.840251786685, 37148.78057483424, 37148.92335459605]"
50,2,0.0001,30,371.6763,287.57568,-2.5499188899993896,17.00766919453939,"[16.921879291534424, 16.894511461257935, 16.974698781967163, 17.323806285858154, 17.229580879211426, 16.982945680618286, 16.87641739845276, 16.953530073165894, 16.887033462524414, 16.847204446792603, 16.915797472000122, 16.877489805221558, 16.920013189315796, 17.17591404914856, 17.180553436279297, 17.052666902542114, 17.189345836639404, 17.167423486709595, 17.064999103546143, 16.99681258201599, 16.9313542842865, 16.930302381515503, 16.86933445930481, 16.85044503211975, 16.919708251953125, 16.965911388397217, 16.92751717567444, 16.882007598876953, 17.268359184265137, 17.252512454986572]","[1449536.9114618616, 1370867.1171250509, 1295373.766816827, 1222695.7817030214, 1152827.4281093348, 1085765.453825701, 1021509.7886549926, 960068.3988873459, 901432.5197720499, 845581.9584744615, 792523.8417304566, 742249.2279670776, 694737.4620647609, 649951.5064862485, 607801.0913028384, 567994.5603661428, 530032.310552432, 493566.82258501556, 458523.23898777267, 424888.84241633926, 392656.7725790882, 361843.11934358487, 332436.6938931039, 304432.1925340401, 277833.61767333356, 252649.37708305108, 228857.97208203495, 206495.10316183444, 185528.00765902316, 165947.0518656432]"
50,2,5e-05,30,742.66925,566.4556,-12.448286056518555,17.016879026095072,"[17.180567026138306, 16.97324275970459, 16.969224214553833, 16.92097020149231, 16.890565156936646, 16.922451496124268, 16.94146227836609, 16.85926866531372, 16.891888856887817, 17.122639656066895, 17.05935311317444, 17.019411325454712, 17.279337406158447, 17.158819913864136, 17.03216576576233, 16.98894214630127, 16.996444940567017, 16.887303352355957, 16.978172540664673, 16.90504240989685, 16.93984293937683, 16.870757818222046, 16.96848464012146, 17.382094383239746, 17.18265652656555, 17.23896026611328, 17.117929458618164, 16.98118233680725, 16.901000022888184, 16.946189165115356]","[1469925.9501591926, 1429479.700362417, 1390219.5627286276, 1351663.866227476, 1313809.972158244, 1276667.7040035226, 1240231.6324854356, 1204495.3724766292, 1169473.537884433, 1135152.8011787022, 1101537.0669709388, 1068620.3463538138, 1036415.1823601138, 1004912.0522710338, 974116.7466806666, 944030.374051619, 914640.7632095922, 885963.5444299553, 857980.8300535157, 830705.9226476764, 804127.709812356, 778261.3000440319, 753096.9876710473, 728628.7359775099, 704866.4189472971, 681792.2658345753, 659414.1638793863, 637717.0693207221, 616682.3280890123, 596273.754983234]"
50,2,1e-05,30,1192.5293,1071.7329,-36.65937805175781,16.826608324050902,"[16.837594985961914, 16.84087586402893, 16.79800033569336, 16.775165557861328, 16.881404876708984]","[1488788.2326073702, 1479718.6413595718, 1471613.9821670505, 1463542.495749221, 1455499.4654857065]"
50,3,0.05,30,182.66695,132.06026,-0.04657477140426636,18.821055316925047,"[18.51548409461975, 18.43856954574585, 18.817906141281128, 19.37173867225647, 18.961578130722046]","[84017.03529120376, 37189.16366756177, 37189.94877379949, 37195.45031280166, 37185.419823967364]"
50,3,0.01,30,182.46397,130.93213,-0.04060739278793335,18.510199642181398,"[18.552557706832886, 18.47950553894043, 18.48405885696411, 18.486562252044678, 18.548313856124878]","[263973.5181658354, 37157.15913046907, 37155.10637955562, 37157.97647081083, 37156.5683784273]"
50,3,0.005,30,183.16194,130.90054,-0.0512579083442688,18.644642114639282,"[18.527884483337402, 18.64234495162964, 18.655866146087646, 18.633078575134277, 18.73847484588623, 18.670203685760498]","[473547.8122094525, 38148.11209868454, 37153.57530949397, 37152.283946429176, 37152.29630872341, 37153.20502242349]"
50,3,0.001,30,182.95998,130.98863,-0.04837989807128906,18.58884843190511,"[18.55945920944214, 18.50536036491394, 18.53104305267334, 18.48940658569336, 18.537599802017212, 18.450565576553345, 18.47537922859192, 18.770822525024414, 18.979999542236328]","[1137470.9874000812, 614687.2242243598, 293220.04043955763, 108605.91758770407, 42250.30211530768, 37149.545036850315, 37149.18510973064, 37149.24727459546, 37149.08874837526]"
50,3,0.0005,30,183.0535,130.8837,-0.04953509569168091,18.76850746228145,"[18.605024576187134, 18.448875427246094, 18.776923418045044, 18.90195655822754, 18.870590448379517, 18.808167457580566, 18.80816650390625, 18.855032205581665, 18.855028867721558, 18.93313980102539, 19.01124405860901, 18.63633131980896, 18.480116367340088]","[1300392.316158041, 969975.6698702751, 706923.6400216772, 504315.7757417694, 344384.2071619699, 218986.11485782752, 127388.44369623018, 69074.15188173181, 42017.66175730444, 37196.1268714912, 37148.884038462355, 37148.88479182191, 37148.78963869966]"
50,3,0.0001,30,371.58078,287.50568,-2.5483341217041016,18.79983168443044,"[18.776989698410034, 18.79247498512268, 18.792545080184937, 18.808236122131348, 18.761292457580566, 18.76123595237732, 18.948758363723755, 18.964378833770752, 18.79260778427124, 18.714433670043945, 18.542539596557617, 18.839407920837402, 18.964378356933594, 18.8238468170166, 18.808104515075684, 18.74567699432373, 18.776918411254883, 18.839403867721558, 18.948753595352173, 18.761296272277832, 18.589462280273438, 18.558218955993652, 18.90188980102539, 18.8394033908844, 18.808229446411133, 18.776850700378418, 18.823781967163086, 18.730054140090942, 18.88626790046692, 18.91751265525818]","[1449058.7026148217, 1370458.1061678634, 1294984.0465892155, 1222331.996773811, 1152473.2381198348, 1085434.0704003524, 1021206.0995800027, 959778.3541864246, 901154.3320010839, 845318.9743175044, 792293.82414307, 742035.6768476494, 694534.2374170166, 649767.690616109, 607638.5164569502, 567853.122129454, 529887.7111079122, 493432.4472463081, 458393.8999246376, 424762.30902401434, 392538.1453182157, 361723.7905729237, 332317.2338309511, 304339.8383772524, 277735.3868166576, 252561.64236510973, 228784.07760847107, 206414.3866578885, 185446.78042863435, 165873.1560933478]"
50,3,5e-05,30,743.0593,566.6828,-12.45926284790039,18.802428833643596,"[18.82371997833252, 18.495729446411133, 18.57383680343628, 18.83940029144287, 18.839399337768555, 18.808157682418823, 18.776976585388184, 18.792474031448364, 18.823838472366333, 18.886204481124878, 19.05816340446472, 18.730055809020996, 18.620699167251587, 18.6987407207489, 18.808156967163086, 18.8394615650177, 18.808164596557617, 18.792526721954346, 18.761293411254883, 18.776851892471313, 19.229931116104126, 18.88626217842102, 18.667622804641724, 18.480111122131348, 18.745664834976196, 18.917505979537964, 18.823716402053833, 18.97999095916748, 18.964369535446167, 18.823838710784912]","[1469765.587877659, 1429495.111536377, 1390256.5507891884, 1351720.439286682, 1313893.498458881, 1276771.4095142935, 1240358.2822449533, 1204647.7192707628, 1169643.2215993768, 1135346.40528045, 1101753.3394695842, 1068864.3305277063, 1036681.038155399, 1005203.6464401842, 974429.5555903672, 944364.307461726, 915001.2371460507, 886338.0873950006, 858379.9115211354, 831125.4567893917, 804577.5151571602, 778731.3071992277, 753588.2472988077, 729152.90619496, 705409.7453766427, 682360.5067995529, 660000.6635660818, 638316.0332314388, 617292.95185273, 596894.1872417355]"
50,3,1e-05,30,1191.9946,1070.8307,-36.61146926879883,18.726909828186034,"[18.854955434799194, 18.870640993118286, 18.823776721954346, 18.589516162872314, 18.495659828186035]","[1487654.5510093484, 1478477.6293185204, 1470378.1481845279, 1462313.5491125863, 1454277.9455358353]"
50,4,0.05,30,184.85832,130.00998,-0.07414323091506958,20.079745721817016,"[20.104727745056152, 20.135968446731567, 20.0891056060791, 20.057863235473633, 20.01106357574463]","[84033.30265128582, 37191.106116925, 37192.1068503061, 37191.436354216065, 37191.8329817479]"
50,4,0.01,30,183.177,131.37093,-0.05274838209152222,20.070359420776366,"[20.104662895202637, 20.16721200942993, 20.261006593704224, 20.042176723480225, 19.77673888206482]","[263785.890948889, 37156.75149216527, 37156.06732049561, 37157.93443416797, 37157.451276794935]"
50,4,0.005,30,183.05322,130.88011,-0.04949229955673218,20.112526257832844,"[20.05780005455017, 20.135968923568726, 20.05793070793152, 20.089036226272583, 20.167211055755615, 20.167210578918457]","[473397.28663174453, 38079.15051803723, 37153.06968734652, 37152.481618238555, 37153.003838905424, 37151.082637218875]"
50,4,0.001,30,183.29556,130.59213,-0.05232340097427368,20.066532346937393,"[20.10466194152832, 20.24531650543213, 19.995438814163208, 19.870401859283447, 20.104663610458374, 20.120346546173096, 20.04223918914795, 20.104724884033203, 20.010997772216797]","[1137834.5777164341, 614813.1317191098, 293155.69030915527, 108635.6041726646, 42238.320500773734, 37149.797627565706, 37149.212676948206, 37149.20741335439, 37149.35290105613]"
50,4,0.0005,30,183.22878,130.74533,-0.05180865526199341,20.04583610021151,"[19.917202949523926, 20.52650260925293, 20.073478937149048, 19.886086225509644, 19.729804754257202, 19.96412754058838, 20.042241096496582, 20.026548147201538, 20.02661418914795, 20.04230046272278, 20.042170763015747, 20.15158462524414, 20.16720700263977]","[1300242.2983335592, 970047.8416203767, 707284.6254191506, 504806.9081425281, 344768.7628941708, 219203.14474241296, 127562.58568558631, 69151.00548864907, 42037.17710948614, 37202.23218702898, 37148.85812469305, 37148.39802959563, 37148.83700575167]"
50,4,0.0001,30,371.879,287.7282,-2.5532734394073486,20.063058686256408,"[19.93282389640808, 19.79229235649109, 19.995434284210205, 20.12027931213379, 20.026676177978516, 20.04217028617859, 20.07347583770752, 20.01099181175232, 20.10471820831299, 20.16720461845398, 20.01099157333374, 19.79235076904297, 20.104657649993896, 20.104719161987305, 20.10472083091736, 20.073534727096558, 20.042173624038696, 20.0578556060791, 20.167202711105347, 20.276552438735962, 20.011053323745728, 19.823523998260498, 20.042168855667114, 20.07353186607361, 20.10465431213379, 20.19844365119934, 20.073472499847412, 20.057851791381836, 20.073535680770874, 20.432698726654053]","[1449652.5653874814, 1371047.5670302126, 1295572.5656584473, 1222898.8983030755, 1153045.6340265546, 1085994.5260804768, 1021764.6755690286, 960321.4160598158, 901687.7694502778, 845853.9130114483, 792808.0341501829, 742545.9854271101, 695051.0762938627, 650271.1374729034, 608130.8902249017, 568331.3217805853, 530360.0710142596, 493878.34694231814, 458820.4817775369, 425175.3774048232, 392933.9732336404, 362103.7294658583, 332679.29161444923, 304667.6600816285, 278060.70481853746, 252873.03415865058, 229081.94447949127, 206682.64783946957, 185701.8309743768, 166122.8358263616]"
50,4,5e-05,30,742.9719,566.61206,-12.455759048461914,20.03545560836792,"[19.917256116867065, 19.714120149612427, 19.964189291000366, 20.13589119911194, 20.042227745056152, 20.010985136032104, 20.02660632133484, 19.995362520217896, 20.26093029975891, 20.214060068130493, 19.97974133491516, 19.776663541793823, 19.99536395072937, 20.135956525802612, 20.057847261428833, 20.026606798171997, 20.089091539382935, 19.995427131652832, 20.182756185531616, 20.104712963104248, 19.948495388031006, 19.854767560958862, 20.011045932769775, 20.08902597427368, 20.02666401863098, 20.04216694831848, 20.02660298347473, 20.04222559928894, 20.182817220687866, 20.21406054496765]","[1469777.35555819, 1429443.292440049, 1390199.2181953664, 1351666.9190489093, 1313839.8125762092, 1276713.6474563067, 1240297.2577225307, 1204582.892223276, 1169583.8508755588, 1135277.4926415798, 1101682.2819655195, 1068787.763319672, 1036602.4741989567, 1005122.684358488, 974350.4302347243, 944278.4465519577, 914915.3959405906, 886248.9979931581, 858291.0741515377, 831035.8437034277, 804481.4901605473, 778629.670276724, 753486.5365126677, 729045.2688575396, 705297.1970261482, 682246.4148235334, 659878.6182089148, 638193.6946636635, 617169.8947170099, 596763.8278900217]"
50,4,1e-05,30,1191.8616,1070.8302,-36.6127815246582,19.95160856246948,"[19.917253971099854, 19.792285442352295, 19.948432683944702, 20.042224884033203, 20.05784583091736]","[1487191.8815709252, 1478113.1337217179, 1470014.8017883755, 1461949.0367158921, 1453912.2054091587]"
50,5,0.05,30,184.10573,131.39116,-0.06692403554916382,21.62309365272522,"[21.51057004928589, 21.49507427215576, 21.557432174682617, 21.635603666305542, 21.91678810119629]","[83917.5377975069, 37189.00884158862, 37194.282356753196, 37189.56288475054, 37193.91545993302]"
50,5,0.01,30,182.44176,131.14284,-0.04078412055969238,21.56373167037964,"[21.47932195663452, 21.416903972625732, 21.6981520652771, 21.666783094406128, 21.557497262954712]","[263681.8209035181, 37157.26543990165, 37157.135329255434, 37156.40343449397, 37156.47635557089]"
50,5,0.005,30,183.38736,130.68103,-0.054042041301727295,21.575720071792603,"[21.588674783706665, 21.54196000099182, 21.682379484176636, 21.791876316070557, 21.51057243347168, 21.338857412338257]","[472946.1451726773, 38081.15227878696, 37153.454507349954, 37152.109270080065, 37152.37832846265, 37153.078117590776]"
50,5,0.001,30,183.06155,130.73746,-0.049192726612091064,21.633872482511734,"[21.557494401931763, 21.635601043701172, 21.65122365951538, 21.6199791431427, 21.573118925094604, 21.776190757751465, 21.713711977005005, 21.66684126853943, 21.510691165924072]","[1138141.5717297792, 615344.5558570994, 293553.39728483604, 108811.52259866973, 42302.84194479491, 37149.20966350998, 37149.326400237944, 37148.94299354445, 37149.44311751668]"
50,5,0.0005,30,183.14989,130.83331,-0.05082714557647705,21.589930350963886,"[21.44808602333069, 21.66690158843994, 21.60429573059082, 21.57310962677002, 21.63559865951538, 21.58873152732849, 21.66689968109131, 21.713642358779907, 21.463761806488037, 21.432519674301147, 21.666898488998413, 21.604295253753662, 21.6043541431427]","[1298634.451065235, 968600.168083593, 705920.598000779, 503519.08114584745, 343720.18090790545, 218450.11516054734, 127063.03433753048, 68862.0186865982, 41936.916336867886, 37195.61088410065, 37148.90502125919, 37148.70287864322, 37148.88616477802]"
50,5,0.0001,30,371.6828,287.58118,-2.5498180389404297,21.591331450144448,"[21.55742907524109, 21.51069188117981, 21.604351043701172, 21.901093244552612, 21.526305675506592, 21.32317566871643, 21.651148080825806, 21.60435199737549, 21.604352474212646, 21.635595083236694, 21.588730573654175, 21.65121626853943, 21.82305121421814, 21.604352712631226, 21.46382164955139, 21.635599851608276, 21.651214122772217, 21.619903802871704, 21.5887291431427, 21.573168516159058, 21.54180335998535, 21.776184558868408, 21.57317018508911, 21.37002921104431, 21.401209831237793, 21.682519674301147, 21.604288578033447, 21.573106050491333, 21.573107719421387, 21.52624225616455]","[1449152.7350460642, 1370552.7431581086, 1295084.4297181955, 1222424.0671910988, 1152594.2906618344, 1085551.7148082915, 1021321.2693740686, 959903.5454460777, 901285.8715536513, 845460.6829105135, 792431.0220837285, 742173.6825125322, 694685.9385330578, 649926.2101087251, 607799.3656770763, 568001.6408726799, 530041.9614339182, 493573.59809815744, 458530.34666288446, 424898.65303651267, 392675.8266156347, 361849.801885754, 332443.73172038, 304447.9583178092, 277854.2071789053, 252660.38773963554, 228876.11455510772, 206500.88457483743, 185540.8012972497, 165965.9839177449]"
50,5,5e-05,30,742.96075,566.6151,-12.455572128295898,21.657457240422566,"[21.6199049949646, 21.68251943588257, 21.5574848651886, 21.448068857192993, 21.713759660720825, 21.71369504928589, 21.69801616668701, 21.651212453842163, 21.63559126853943, 21.729377031326294, 21.651152849197388, 21.651212692260742, 21.432512760162354, 21.588788986206055, 21.760567903518677, 21.666829347610474, 21.635518074035645, 21.66683077812195, 21.698073387145996, 21.77618098258972, 21.823045015335083, 21.495055198669434, 21.557485103607178, 21.729254245758057, 21.698073863983154, 21.651209831237793, 21.573102951049805, 21.557481050491333, 21.60434579849243, 22.057366609573364]","[1469717.514733776, 1429385.2009382197, 1390145.0453190624, 1351606.4043659396, 1313778.6689134263, 1276652.9286682021, 1240237.2747087115, 1204526.4461285733, 1169518.4522253082, 1135220.4399725646, 1101626.4490668608, 1068737.1344076006, 1036552.2732607371, 1005073.4126727409, 974296.4599901775, 944227.8934764937, 914858.962090164, 886198.7967077632, 858245.6579223683, 830983.5337776047, 804430.1521643408, 778584.6073364043, 753444.6211726053, 729003.8977526758, 705258.7316166508, 682213.49604559, 659851.2461895407, 638172.1406652215, 617150.2129242311, 596742.958326277]"
50,5,1e-05,30,1191.9325,1070.8068,-36.61232376098633,21.532474327087403,"[21.463687896728516, 21.37002468109131, 21.60434627532959, 21.588815212249756, 21.635497570037842]","[1487466.6297588402, 1478308.0403569976, 1470210.0237603306, 1462145.8507316082, 1454109.681462539]"
64,2,0.05,30,186.043,128.36697,-0.08577924966812134,17.43967719078064,"[17.324027061462402, 17.324092149734497, 17.370956897735596, 17.63651967048645, 17.542790174484253]","[74217.53073175107, 37200.11765997049, 37203.64384814579, 37203.76652720562, 37203.4682408803]"
64,2,0.01,30,182.99846,131.29483,-0.049844980239868164,17.20849323272705,"[17.199119567871094, 17.058468341827393, 17.011663675308228, 17.386643648147583, 17.386570930480957]","[216648.13289532455, 37158.896852322476, 37159.34174329042, 37160.297113153705, 37158.59698293655]"
64,2,0.005,30,183.24284,131.42166,-0.0539088249206543,17.342823553085328,"[17.339723348617554, 17.35525894165039, 17.324090480804443, 17.3709557056427, 17.324089288711548]","[385053.19479372184, 37172.53114441852, 37153.34128008146, 37153.14787585418, 37164.43620907461]"
64,2,0.001,30,183.08424,130.75098,-0.049607932567596436,17.261597007513046,"[17.370890140533447, 17.3709557056427, 17.167941570281982, 17.042906045913696, 17.042839765548706, 17.386576414108276, 17.355332851409912, 17.35533356666565]","[1059454.4850291288, 472757.4332598056, 161979.9887141605, 46852.67293121168, 37149.88135208855, 37149.17782871033, 37149.611173060475, 37149.976478286204]"
64,2,0.0005,30,183.31686,130.69879,-0.053025901317596436,17.277224844152276,"[17.308469533920288, 17.308467388153076, 17.292845964431763, 17.324088096618652, 17.386574268341064, 17.636515855789185, 17.058525562286377, 16.996068954467773, 17.027254819869995, 17.339709520339966, 17.37095332145691]","[1252489.9780432868, 857038.2425230321, 565921.1103720702, 353714.76729101746, 198399.67830832544, 97218.87666495901, 47627.42149739407, 37295.851971992066, 37149.00558298439, 37148.99897739445, 37148.87065620872]"
64,2,0.0001,30,213.4107,178.15494,-0.3376149535179138,17.319398657480875,"[17.324025630950928, 17.324089527130127, 17.308466911315918, 17.324147939682007, 17.417758226394653, 17.495922565460205, 17.449123859405518, 17.230355501174927, 17.105392456054688, 17.13656711578369, 17.402193307876587, 17.37095332145691, 17.339768171310425, 17.30840253829956, 17.33970832824707, 17.324087381362915, 17.35539674758911, 17.449055671691895, 17.417749881744385, 17.23042130470276, 17.02728033065796, 17.167813539505005, 17.38657021522522, 17.33970832824707, 17.355329513549805, 17.30846381187439, 17.32408571243286, 17.355327367782593, 17.35532808303833, 17.30846643447876]","[1438294.3170132774, 1339276.7505758028, 1245152.004386262, 1155588.6590231676, 1070567.5640580545, 990104.7741413765, 914187.7421419861, 842794.4949447907, 775911.3660242514, 713505.8260906382, 655553.7552203293, 601833.379199973, 551823.3197949126, 504577.6119936323, 459660.9033667525, 417041.9144170844, 376714.882472734, 338681.907386787, 302905.01800865395, 269426.6984296674, 238218.2542296098, 209286.77357827532, 182641.80480287224, 158271.87841459492, 136165.46936390732, 116329.22887841248, 98749.11452547081, 83434.68383402063, 70372.9381133781, 59547.991638688014]"
64,2,5e-05,30,636.988,488.23917,-8.943302154541016,17.299610654513042,"[17.902008771896362, 16.964794397354126, 16.91792941093445, 17.10538625717163, 17.417813062667847, 17.386570692062378, 17.324148178100586, 17.35526466369629, 17.324085474014282, 17.33970618247986, 17.35532855987549, 17.63651204109192, 17.433499336242676, 16.99596881866455, 16.9648597240448, 17.21472954750061, 17.402127027511597, 17.370948791503906, 17.3084614276886, 17.35532546043396, 17.324151039123535, 17.324016094207764, 17.402190446853638, 17.48029661178589, 17.40225124359131, 16.996034622192383, 16.995975017547607, 17.214736700057983, 17.370944261550903, 17.40225577354431]","[1463961.883687847, 1412926.7224800163, 1363434.605964639, 1315094.7271372443, 1267893.017765208, 1221836.1115025065, 1176929.1362281535, 1133162.9524115974, 1090540.0989025878, 1049069.1762295081, 1008734.0346667118, 969541.0180446416, 931494.4871629861, 894593.2068063271, 858829.4155009484, 824204.422740821, 790720.1408599783, 758373.2138429752, 727158.7024878066, 697077.1116464571, 668113.0100680802, 640265.3588817572, 613486.2648311543, 587689.8817191098, 562739.1873560493, 538482.1784184054, 514840.3783701396, 491769.28832475276, 469274.61454664, 447355.6364737163]"
64,2,1e-05,30,1187.0068,1065.4182,-36.271202087402344,17.28971633911133,"[17.26166272163391, 17.27715516090393, 17.26166296005249, 17.292774438858032, 17.355326414108276]","[1485745.514513616, 1474253.4355947704, 1463953.1550433545, 1453707.3259890259, 1443509.1460506706]"
64,3,0.05,30,184.21222,130.37424,-0.06560540199279785,18.82372088432312,"[18.99557137489319, 19.042433500289917, 18.54248332977295, 18.558169841766357, 18.97994637489319]","[74096.07764498798, 37202.61143251571, 37198.03427455206, 37199.56453727264, 37199.5284628078]"
64,3,0.01,30,182.77524,130.52686,-0.04416006803512573,18.917448806762696,"[18.91745662689209, 18.886217832565308, 19.02675175666809, 18.870598554611206, 18.886219263076782]","[216577.18696336032, 37159.996172076106, 37157.919407330686, 37159.87069292408, 37160.13132695011]"
64,3,0.005,30,183.49394,130.17062,-0.05414938926696777,18.823718118667603,"[19.1048481464386, 19.136159420013428, 18.74562406539917, 18.480061769485474, 18.651897192001343]","[385017.49197316164, 37173.52320212476, 37154.51636896571, 37153.731267491065, 37153.07484879886]"
64,3,0.001,30,183.32008,130.6504,-0.052978336811065674,18.925270915031433,"[18.948642253875732, 18.901838064193726, 18.90183997154236, 18.854973554611206, 18.886216402053833, 18.9018394947052, 18.99562978744507, 19.01118779182434]","[1058372.999508874, 471947.4264856557, 161622.5361448525, 46821.055869933145, 37150.64904135195, 37149.96242807758, 37149.47951983979, 37149.59303368658]"
64,3,0.0005,30,183.40211,130.60124,-0.05402648448944092,18.832251505418256,"[18.698701858520508, 18.542604446411133, 18.683079957962036, 18.933140754699707, 18.933016777038574, 18.85497546195984, 18.82372736930847, 18.870596647262573, 18.83935236930847, 18.96431827545166, 19.011252641677856]","[1252377.216772795, 857175.3583440591, 566163.4815700785, 353929.0686284887, 198565.00353420098, 97418.13002768933, 47659.67138572644, 37289.02463845621, 37148.77113839059, 37149.0326574884, 37148.69745773565]"
64,3,0.0001,30,213.17467,177.9674,-0.33505505323410034,18.84039007027944,"[18.667516946792603, 18.464380502700806, 18.73006319999695, 18.933018684387207, 18.901837825775146, 18.87058973312378, 18.917521476745605, 18.854910612106323, 18.855032444000244, 19.136163473129272, 19.104846477508545, 18.683197736740112, 18.57372736930847, 18.745623350143433, 18.917518138885498, 18.901776552200317, 18.85503649711609, 18.88615131378174, 18.90183663368225, 18.97994303703308, 19.07367205619812, 19.01118564605713, 18.511239290237427, 18.49568200111389, 18.80810570716858, 18.964319467544556, 18.886276483535767, 18.854906797409058, 18.8705952167511, 18.855027437210083]","[1436790.9563236688, 1337882.8319841486, 1243833.6570247933, 1154352.4887295081, 1069412.1175569028, 989021.2783413494, 913185.7921606151, 841853.1511990245, 775056.2507282211, 712732.310306869, 654835.0620766156, 601201.77339622, 551222.6419819469, 504010.55984114617, 459129.1188693944, 416539.5786775166, 376238.0863704105, 338220.7907189913, 302486.32192453597, 269018.1341556869, 237852.6439041119, 208953.01175738382, 182329.31686615126, 157986.10771215791, 135908.0669328343, 116099.83184760703, 98546.40564244344, 83264.46180385025, 70224.56390934071, 59422.487844634874]"
64,3,5e-05,30,637.0779,488.29086,-8.946724891662598,18.828931697209676,"[18.839288234710693, 18.979941606521606, 18.808106660842896, 18.495678424835205, 18.54254412651062, 18.870591640472412, 18.948701858520508, 18.88631319999695, 18.901732206344604, 18.823727130889893, 18.901833295822144, 18.90183186531067, 19.04242515563965, 18.93307638168335, 18.526984691619873, 18.52685546875, 18.948696613311768, 18.948760271072388, 18.854905605316162, 18.839409351348877, 18.87052822113037, 18.855032205581665, 18.995497465133667, 19.089287757873535, 18.761241674423218, 18.49567747116089, 18.605026721954346, 18.901832818984985, 18.917453289031982, 18.85496950149536]","[1464089.9315641513, 1413079.7264937, 1363584.7822618887, 1315243.71993971, 1268044.0778519171, 1221986.006875762, 1177072.5894611164, 1133308.4764344261, 1090682.8377760467, 1049216.7452157566, 1008878.4431394797, 969691.1866955697, 931640.8710201869, 894734.1417321501, 858967.8304514971, 824346.5871325023, 790861.5836438152, 758511.3606642054, 727298.6976950956, 697208.4606421894, 668241.9472632435, 640385.7119462133, 613599.2340553448, 587814.8473275979, 562867.5071170912, 538615.4534361875, 514955.9255901978, 491897.138268866, 469398.44942673756, 447474.12504233845]"
64,3,1e-05,30,1187.0461,1065.6348,-36.278995513916016,18.845583152770995,"[18.823662519454956, 18.792542695999146, 18.77680253982544, 18.948697566986084, 18.886210441589355]","[1485648.226950955, 1474326.133501558, 1464030.041000542, 1453782.8420945671, 1443581.831374475]"
64,4,0.05,30,183.52034,130.44739,-0.05541682243347168,19.967212295532228,"[19.854798316955566, 19.760942697525024, 19.932902574539185, 20.198407888412476, 20.089010000228882]","[73848.58537175265, 37203.043260620594, 37199.133667207185, 37203.26164611312, 37200.023394367716]"
64,4,0.01,30,183.32176,131.1218,-0.054296255111694336,20.08279252052307,"[20.05781078338623, 20.073367595672607, 20.042255640029907, 20.120229244232178, 20.120299339294434]","[216429.01231188505, 37158.26401322865, 37160.605109667136, 37157.164332407534, 37158.58004491579]"
64,4,0.005,30,182.5684,131.50742,-0.04373311996459961,20.039051675796507,"[20.088988065719604, 19.807867765426636, 19.995325565338135, 20.182780981063843, 20.120296001434326]","[384791.4734752341, 37185.95765613886, 37153.9925541244, 37153.421926467665, 37153.64528024341]"
64,4,0.001,30,183.27582,130.33167,-0.05132037401199341,20.057810992002487,"[20.120232820510864, 20.073432445526123, 20.104674816131592, 20.104678869247437, 20.432719945907593, 19.964081287384033, 19.729825735092163, 19.932842016220093]","[1057927.9032482048, 471630.97259433, 161525.7622082882, 46768.105182436324, 37149.69918779002, 37149.36325637617, 37149.009321732956, 37149.28145798757]"
64,4,0.0005,30,183.09097,130.80695,-0.049859046936035156,20.07484659281644,"[20.10461449623108, 20.104673385620117, 20.089053630828857, 20.089053869247437, 20.073432207107544, 20.354615688323975, 20.276511192321777, 19.964081525802612, 19.761005401611328, 19.886037588119507, 20.1202335357666]","[1251858.6684561712, 856601.8368530687, 565623.9998475816, 353472.63777562324, 198262.6176638074, 97204.30611536377, 47594.47516215621, 37287.48360272046, 37148.86150925412, 37149.01749014044, 37148.75645793464]"
64,4,0.0001,30,213.34758,178.1084,-0.3368692398071289,20.103378788630167,"[20.08905291557312, 20.0421245098114, 20.073463439941406, 20.057836771011353, 20.151474952697754, 20.135915517807007, 19.979761600494385, 19.76100468635559, 19.870290994644165, 20.167226791381836, 20.120289087295532, 20.120246171951294, 20.073477745056152, 20.698221445083618, 20.463963508605957, 20.24526333808899, 20.057809352874756, 19.745447397232056, 20.02735733985901, 20.25247812271118, 20.26088571548462, 20.13591694831848, 20.08905005455017, 20.073468446731567, 20.08905029296875, 20.05780863761902, 20.167158842086792, 19.776687622070312, 19.93277382850647, 20.385857582092285]","[1437550.816640699, 1338624.3745596802, 1244563.2603305785, 1155040.54283803, 1070078.107014632, 989672.4621240346, 913801.3083338978, 842451.6632739466, 775610.4671030348, 713272.4252218534, 655358.0099283634, 601685.7886338233, 551696.3833364381, 504446.9527799417, 459550.7442716095, 416948.5670048096, 376617.527973005, 338577.0504144933, 302815.0273590977, 269339.74005893513, 238147.4207678499, 209221.8060328038, 182576.43059354255, 158204.0488405619, 136107.59736993632, 116272.91843182665, 98708.40089683393, 83399.50862328106, 70338.88347350885, 59525.379841400216]"
64,4,5e-05,30,637.068,488.2848,-8.94645881652832,20.074468835194907,"[20.213939666748047, 19.979700088500977, 20.10466980934143, 20.151602029800415, 20.01087498664856, 20.27650475502014, 19.99538779258728, 19.74531888961792, 19.885969161987305, 20.354612350463867, 20.276505708694458, 20.089051246643066, 20.057802438735962, 20.073433876037598, 20.151531219482422, 20.15153455734253, 19.964080095291138, 19.792242765426636, 19.85473108291626, 20.35461163520813, 20.276504039764404, 20.08910822868347, 20.120232582092285, 20.07343101501465, 20.057805061340332, 20.089113473892212, 19.995256662368774, 19.7453773021698, 19.9640793800354, 20.3390531539917]","[1463957.009178973, 1413017.9185577836, 1363531.1517917626, 1315183.0613229915, 1267984.6884568487, 1221939.929354085, 1177024.3559815744, 1133257.828774895, 1090642.8797419048, 1049168.0360554126, 1008837.1758145915, 969646.2343940523, 931608.7065776995, 894700.6752641918, 858939.4576615635, 824320.5663273947, 790832.1330188998, 758486.2175010161, 727278.160826785, 697195.2424468229, 668233.5833982523, 640372.1752514903, 613592.7423579122, 587811.6269899065, 562858.0120452852, 538595.3400157499, 514947.1908955426, 491880.7964071603, 469386.0058130673, 447468.4635804769]"
64,4,1e-05,30,1186.7717,1065.2377,-36.25535583496094,20.095283842086793,"[20.260822534561157, 20.07342553138733, 20.011001348495483, 20.026504039764404, 20.104665756225586]","[1484819.0003725782, 1473683.0264869258, 1463390.925094838, 1453147.7997222599, 1442950.3371833086]"
64,5,0.05,30,181.90028,131.19345,-0.03261631727218628,21.654293727874755,"[21.651118516921997, 21.76053214073181, 21.46372652053833, 21.54183030128479, 21.85426115989685]","[73790.84105211544, 37197.88018447386, 37200.37842160721, 37197.14886974898, 37205.421522003286]"
64,5,0.01,30,181.39027,132.51556,-0.027629315853118896,21.744897985458373,"[21.729225873947144, 21.651245594024658, 21.80733370780945, 21.760530471801758, 21.776154279708862]","[216729.19007801387, 37159.12895454228, 37160.47872136334, 37160.713291252454, 37156.814856001685]"
64,5,0.005,30,183.4063,130.2051,-0.052846312522888184,21.663677787780763,"[21.729284048080444, 21.338751792907715, 21.47928738594055, 21.91674566268921, 21.85432004928589]","[384678.04093544657, 37173.23620957738, 37153.90307051573, 37153.47363360634, 37154.687601744554]"
64,5,0.001,30,183.32494,130.87518,-0.05368471145629883,21.651174187660217,"[21.713606357574463, 21.72928810119629, 21.651244640350342, 22.026031017303467, 21.666802883148193, 21.32319927215576, 21.27626395225525, 21.822957277297974]","[1059185.26537732, 472857.68825150724, 162022.1366944054, 47071.21465587319, 37149.97191016736, 37149.64910750576, 37149.246021510044, 37149.79542265932]"
64,5,0.0005,30,183.23291,130.69296,-0.051694393157958984,21.69945829564875,"[21.838573455810547, 21.713663578033447, 21.729285717010498, 21.760528564453125, 21.76059079170227, 21.651187658309937, 21.43248176574707, 21.307504415512085, 21.729286670684814, 21.963545560836792, 21.807393074035645]","[1252519.5596463894, 857171.6774827259, 566011.8467475614, 353831.70729110215, 198501.67657985876, 97317.0523398337, 47648.232458656516, 37290.30991073999, 37148.78975367497, 37149.03291786979, 37149.180785388584]"
64,5,0.0001,30,213.22083,178.00922,-0.33565008640289307,21.73709693749746,"[21.823079109191895, 21.697983026504517, 21.72928500175476, 21.71366286277771, 21.76052713394165, 21.32313108444214, 21.635558128356934, 21.947985410690308, 21.82307481765747, 21.791711807250977, 21.713727235794067, 21.791771173477173, 21.74484658241272, 21.869938373565674, 21.338693380355835, 21.494962692260742, 21.901121377944946, 21.9167423248291, 21.760528802871704, 21.86987829208374, 21.807392835617065, 21.823014497756958, 21.854260444641113, 21.432480335235596, 21.307509183883667, 21.854254722595215, 21.916744232177734, 21.80739665031433, 21.760523796081543, 21.90112280845642]","[1436648.943588267, 1337750.667270695, 1243722.330341417, 1154246.4358996071, 1069317.9524962741, 988956.7218026012, 913126.1263632977, 841822.7777655467, 775035.4182444791, 712726.3776334508, 654847.9350824753, 601216.0891562797, 551248.0409412681, 504040.027892562, 459158.4977687644, 416579.7148760331, 376262.8054167796, 338251.3489110554, 302500.59731701325, 269049.93146465585, 237874.23794836405, 208963.09642155535, 182338.5411423757, 158000.80222128608, 135928.31246824618, 116116.83900491973, 98564.96304595414, 83273.04170441844, 70238.55711772626, 59436.59050952191]"
64,5,5e-05,30,636.98737,488.23764,-8.943264961242676,21.70637007554372,"[21.713648319244385, 21.71360445022583, 21.448158025741577, 21.35431408882141, 21.68242073059082, 21.88553237915039, 21.74486994743347, 21.79176664352417, 21.74490737915039, 21.76052737236023, 21.791768074035645, 21.573129415512085, 21.385559558868408, 21.541825532913208, 21.88549566268921, 21.885498762130737, 21.79176688194275, 21.71366262435913, 21.776153326034546, 21.68241786956787, 21.71366047859192, 21.416860818862915, 21.416855096817017, 21.88549780845642, 21.823074340820312, 21.791707038879395, 21.791771173477173, 21.74490261077881, 21.713722467422485, 22.026023387908936]","[1463694.681428668, 1412720.936847988, 1363241.331154315, 1314897.4719888903, 1267712.6115533125, 1221659.0238958136, 1176762.1610300094, 1133007.9584151877, 1090396.7187457662, 1048929.235240821, 1008608.548282753, 969429.2166288444, 931389.0805785124, 894495.7400419997, 858740.5073753557, 824127.0830341417, 790652.9349088877, 758315.6918015851, 727107.5241921826, 697031.7494411326, 668078.6853915459, 640233.2815336675, 613458.8070764462, 587674.8193207221, 562732.2213749831, 538481.3459346633, 514833.57476121123, 491773.48133298336, 469275.8974986452, 447354.79036123154]"
64,5,1e-05,30,1186.608,1065.4618,-36.26047134399414,21.56993169784546,"[21.244954586029053, 21.135671138763428, 21.760522603988647, 21.901118993759155, 21.80739116668701]","[1484631.1696924537, 1473231.725274353, 1462936.618767782, 1452690.888565235, 1442491.0308901232]"
100,2,0.05,30,182.36705,131.71878,-0.04109996557235718,18.014515256881715,"[18.01134443283081, 17.964536428451538, 17.980161905288696, 18.167616367340088, 17.948917150497437]","[60888.50065730423, 37231.47962555358, 37231.73701380921, 37237.62990848018, 37225.22523743924]"
100,2,0.01,30,182.78981,131.16338,-0.04616481065750122,17.908289861679076,"[17.88636875152588, 17.636555671691895, 17.636492252349854, 18.120687007904053, 18.261345624923706]","[154289.04178988916, 37164.1318115929, 37164.26982417906, 37165.65514192373, 37164.8881713553]"
100,2,0.005,30,183.68661,129.71176,-0.05550277233123779,17.98014783859253,"[18.08944582939148, 17.964539527893066, 17.964539289474487, 17.964542150497437, 17.917672395706177]","[265865.4232053531, 37156.78530099453, 37157.04345947894, 37158.388126503014, 37156.99772430904]"
100,2,0.001,30,60.03293,41.82711,0.8793985843658447,17.944112814389744,"[17.901992797851562, 17.94897961616516, 17.901992082595825, 17.667733192443848, 17.605314254760742, 18.18317222595215, 18.29265022277832, 18.042588233947754, 17.948975801467896, 17.933239459991455, 17.902050733566284, 17.995779514312744, 18.167617559432983, 17.91767692565918, 17.745840072631836, 17.667795658111572, 17.574005126953125, 18.198797941207886, 18.26134443283081, 18.027027130126953, 17.99578070640564, 17.902050971984863, 17.917677640914917, 17.98015832901001, 18.027029037475586, 17.8396635055542]","[888002.3682808902, 224292.4504074016, 38117.51611295048, 17668.69865366418, 9015.73690238966, 4566.856992594677, 3746.7571288500194, 3535.17696942199, 3448.5700560051514, 3415.034298549353, 3374.55240589654, 3313.2864630316317, 3289.2632476802505, 3280.1960640485945, 3215.2397451924044, 3183.379584020561, 3171.7625155602022, 3214.049425502147, 3123.394486513488, 3156.488967008633, 3138.6235695231526, 3196.7148520026876, 3137.6837835452725, 3146.435192646171, 3127.55790207887, 3120.4039350054063]"
100,2,0.0005,30,183.0799,130.85931,-0.0498691201210022,17.964532322353786,"[17.917673349380493, 17.698918104171753, 17.73028326034546, 18.261281490325928, 18.27696442604065, 18.01140546798706, 17.933293104171753, 17.917675256729126, 17.93329644203186]","[1138742.8600545318, 619325.2309519374, 298283.1852581798, 112182.44079657651, 43021.166331972505, 37149.82270726781, 37149.14695433165, 37149.110466802435, 37149.30727781847]"
100,2,0.0001,30,183.1879,130.73038,-0.05117666721343994,17.923078894615173,"[17.870750188827515, 17.98022198677063, 17.88643527030945, 17.823886156082153, 17.63648819923401, 17.605244874954224, 18.214484691619873, 18.183232307434082, 17.948919534683228, 17.93335723876953, 17.964531898498535, 17.901994705200195, 17.933358430862427, 17.917609453201294, 17.902122020721436, 17.698966026306152, 17.605243682861328, 17.808264017105103, 18.230100631713867, 18.214478969573975, 17.948978185653687, 17.96447777748108, 17.917673110961914, 17.902114868164062, 17.917612552642822, 18.08950448036194]","[1409383.9165086031, 1260197.4424620648, 1122300.1279721581, 995326.2848021948, 879230.0845329224, 773954.0527282888, 679344.9571280992, 594998.0489644018, 519169.9538426365, 449502.14061864925, 385369.07556987536, 326689.1853365059, 273523.13409429614, 225821.03614855712, 183574.00367603474, 146814.1980856676, 115467.38123433478, 89541.89266359572, 68979.43371864839, 53755.0505415086, 43729.7123381084, 38630.88785937394, 37254.314845946305, 37150.47301916979, 37148.55070914235, 37148.4640582397]"
100,2,5e-05,30,377.4269,291.83893,-2.6526055335998535,17.915588704744973,"[17.870810747146606, 17.574005365371704, 17.51145839691162, 17.839564323425293, 18.24572443962097, 18.183233737945557, 17.964542388916016, 17.902052402496338, 17.948915719985962, 17.933356046676636, 17.98009419441223, 17.917672395706177, 17.855189561843872, 17.57400393486023, 17.57406187057495, 17.901992082595825, 18.2613468170166, 18.16761326789856, 17.933354377746582, 17.933292865753174, 17.917674779891968, 17.933233737945557, 17.948919773101807, 17.980157136917114, 17.980159044265747, 17.667796850204468, 17.605247020721436, 17.96446990966797, 18.245723724365234, 18.151994228363037]","[1447262.1425111773, 1369309.3124576616, 1294574.9032651403, 1222602.2644458746, 1153390.4573567268, 1086914.2891969245, 1023214.4051534345, 962246.4206577699, 904036.1244496003, 848561.1494038748, 795834.1442216502, 745826.7720921962, 698532.9883230592, 653930.2004089893, 611919.9282194147, 572260.5359792034, 534474.7599791695, 498190.8391139412, 463300.6669954952, 429792.66619953257, 397657.3443596735, 366923.59482116246, 337556.8561551619, 309574.7779137312, 282965.6413892088, 257756.451039832, 233889.2658493937, 211426.2847132841, 190338.012618971, 170631.92158074788]"
100,2,1e-05,30,1011.4525,865.9901,-25.11199378967285,18.01556347211202,"[17.88637089729309, 17.90204930305481, 17.933291912078857, 17.83956742286682, 17.995842695236206, 17.995711088180542, 17.91767144203186, 17.855249643325806, 17.714592695236206, 18.089508533477783, 18.308144569396973, 18.16767692565918, 18.058197736740112, 17.98015546798706, 18.027021646499634, 18.13637065887451, 17.980157136917114, 17.980156660079956, 17.98021960258484, 17.870808601379395, 17.714531421661377, 18.214476346969604, 18.323826551437378, 18.151991367340088, 18.01140022277832, 18.042644500732422, 18.011404037475586, 17.964529037475586, 18.370691776275635, 18.042644262313843]","[1481419.5885889446, 1464477.9137989432, 1448576.456780924, 1432792.509856388, 1417115.0930937543, 1401551.2840739738, 1386096.6545014225, 1370754.32842772, 1355522.9254335456, 1340402.2637684597, 1325394.0170708576, 1310494.863737976, 1295707.2952005148, 1281031.0458779298, 1266465.53503929, 1252008.9753420947, 1237664.8244817776, 1223431.201446281, 1209310.237433952, 1195299.0364364586, 1181397.2135889446, 1167606.8219922774, 1153930.808621799, 1140363.9973834846, 1126907.5783769137, 1113562.3739584745, 1100323.7747595177, 1087192.300340401, 1074170.0041661023, 1061253.7479762228]"
100,3,0.05,30,185.03548,131.23393,-0.08051109313964844,19.526657247543334,"[19.354835271835327, 19.21418046951294, 19.386075735092163, 19.854779958724976, 19.82341480255127]","[60887.882211426506, 37229.76441438533, 37229.96729885009, 37226.90548288045, 37239.00016247375]"
100,3,0.01,30,183.78706,130.27554,-0.05891120433807373,19.60788788795471,"[19.66725993156433, 19.62039542198181, 19.58917737007141, 19.63593626022339, 19.526670455932617]","[153989.23507914113, 37164.28627636626, 37165.40725911017, 37164.538782537085, 37167.4956731441]"
100,3,0.005,30,182.8003,130.40904,-0.044169485569000244,19.52040753364563,"[19.636013507843018, 19.370455741882324, 19.245427131652832, 19.495425939559937, 19.85471534729004]","[265395.10281995154, 37155.99109371295, 37158.384093237706, 37156.664482973596, 37157.75614899637]"
100,3,0.001,30,76.89033,54.483837,0.7878738641738892,19.59022928106374,"[19.714128017425537, 19.58909296989441, 19.604835748672485, 19.589094638824463, 19.557971239089966, 19.667259216308594, 19.557917594909668, 19.276666402816772, 19.276785135269165, 19.62033724784851, 19.870338678359985, 19.776668310165405, 19.604719638824463, 19.557908296585083, 19.620397329330444, 19.57353711128235, 19.604776859283447, 19.651635885238647, 19.245484590530396, 19.2142436504364, 19.6516375541687, 19.87033724784851, 19.66726064682007, 19.54228711128235, 19.60477352142334, 19.52666687965393, 19.511043787002563, 20.073415279388428, 19.495428562164307]","[887540.6850824753, 224049.74520146745, 43716.19692281597, 36066.28907202615, 27915.896831484024, 21936.51452965834, 17011.604427290615, 10527.726535095786, 5668.452011581811, 4971.244586534736, 4246.59572117672, 3897.4681805893747, 4175.687624716465, 3779.4934143306214, 4108.486440388011, 3826.59858452849, 3834.9590204040173, 3866.623429062082, 3805.569530777, 3751.7788628729486, 3765.4078294469514, 3776.945813226435, 3818.5020779489646, 3741.979984669517, 3854.132471162894, 3958.538394578087, 3934.0865981863403, 3928.9464606323986, 3904.4564948832017]"
100,3,0.0005,30,182.92186,131.22484,-0.048429131507873535,19.519718011220295,"[19.120519399642944, 19.167370319366455, 19.792171001434326, 19.8703351020813, 19.651697158813477, 19.49542999267578, 19.495362758636475, 19.55790638923645, 19.52666997909546]","[1138738.0996138735, 619217.0191877794, 298271.3129085659, 112182.69023241685, 43018.36402905264, 37149.789369321355, 37149.23314017304, 37148.701857493055, 37148.3901975141]"
100,3,0.0001,30,183.14206,130.86334,-0.05076122283935547,19.529067103679363,"[19.370367765426636, 19.43293595314026, 19.2767915725708, 19.307963371276855, 19.87027883529663, 19.823474884033203, 19.589152097702026, 19.573529481887817, 19.51104497909546, 19.557971000671387, 19.604712963104248, 19.63601803779602, 19.401754140853882, 19.26110529899597, 19.35477066040039, 19.839097023010254, 19.83915400505066, 19.573471069335938, 19.557907342910767, 19.57353401184082, 19.636014223098755, 19.57359790802002, 19.57346749305725, 19.3235867023468, 19.292349815368652, 19.40169405937195]","[1408669.1829867226, 1259521.6381418507, 1121653.4583643815, 994727.2032498984, 878683.5963876846, 773418.2713047012, 678844.978606388, 594514.4723572348, 518730.1427567403, 449089.06045081967, 384981.1469397778, 326353.9541834609, 273212.8266706747, 225544.8233915628, 183343.84431415968, 146608.15393091214, 115295.63004039087, 89403.38032511686, 68889.81331766106, 53685.53173239356, 43713.92416445095, 38612.88453818821, 37251.03181336582, 37150.89711045463, 37148.561222437675, 37148.53673282753]"
100,3,5e-05,30,377.4177,291.83582,-2.6526007652282715,19.560511453946432,"[19.698442220687866, 19.620444774627686, 19.464131116867065, 19.63601589202881, 19.55797505378723, 19.495423078536987, 19.479739665985107, 19.77660894393921, 19.26110529899597, 19.21429967880249, 19.49536395072937, 19.87033748626709, 19.761050939559937, 19.542287349700928, 19.557847499847412, 19.57353186607361, 19.589152336120605, 19.573530673980713, 19.526668071746826, 19.245482206344604, 19.18305802345276, 19.63595747947693, 19.83909320831299, 19.69850182533264, 19.57353115081787, 19.557912349700928, 19.604774713516235, 19.542346954345703, 19.526669025421143, 19.71406078338623]","[1446814.2505758028, 1368982.151944181, 1294280.005927381, 1222319.450472497, 1153127.2531584473, 1086678.019526487, 1022992.9023929684, 962051.6271507926, 903870.630605609, 848429.1047029535, 795712.5644306327, 745737.6844601003, 698460.4066014091, 653868.2588995394, 611877.5397854288, 572238.4565141918, 534464.7398514767, 498183.43303752877, 463285.08886837825, 429777.71643408755, 397655.9276563135, 366910.41395559546, 337542.25015876914, 309564.211844601, 282954.8079401504, 257731.84134729372, 233889.1753488687, 211432.87261634602, 190336.17479211828, 170619.13400538545]"
100,3,1e-05,30,1010.9786,865.4353,-25.08417510986328,19.520935495694477,"[19.104833126068115, 19.089266777038574, 19.604771614074707, 19.77660608291626, 19.682878971099854, 19.54228639602661, 19.5110445022583, 19.57353186607361, 19.542282342910767, 19.63601589202881, 19.51114511489868, 19.229761362075806, 19.198616981506348, 19.745360136032104, 19.917202711105347, 19.604769229888916, 19.542360067367554, 19.542283058166504, 19.511035919189453, 19.542283535003662, 19.511045694351196, 19.323530673980713, 19.198615312576294, 19.245478868484497, 19.82347321510315, 19.870394229888916, 19.589090585708618, 19.573527097702026, 19.526726961135864, 19.557846546173096]","[1480186.65732963, 1463271.2351815472, 1447380.679210134, 1431604.1557715756, 1415938.1575328547, 1400382.6499796775, 1384939.4506164477, 1369606.8049891614, 1354384.1028824009, 1339273.9866210541, 1324272.9964435713, 1309384.1909802195, 1294607.068859233, 1279936.9350867092, 1265381.6622070181, 1250935.361570248, 1236600.0475037259, 1222377.082432936, 1208263.6322737434, 1194262.1048977103, 1180371.6034073974, 1166592.5591721989, 1152921.5433206882, 1139364.572246308, 1125917.2333779298, 1112582.3093246173, 1099353.1881181411, 1086226.1374729034, 1073209.8622307274, 1060305.6036190896]"
100,4,0.05,30,183.35756,133.2716,-0.05973416566848755,20.879460430145265,"[20.963768005371094, 21.041933298110962, 20.776434898376465, 20.698204517364502, 20.916961431503296]","[60571.277222688535, 37228.829065310216, 37238.968092960386, 37233.321709271484, 37237.4327735751]"
100,4,0.01,30,182.51666,130.77834,-0.040954530239105225,21.066915655136107,"[21.24495005607605, 21.088857173919678, 21.026314735412598, 20.995071411132812, 20.979384899139404]","[153477.85827446525, 37164.21709774251, 37164.66941037376, 37163.84164286894, 37165.83127140737]"
100,4,0.005,30,182.87663,130.5656,-0.045853376388549805,20.895081424713133,"[21.05749201774597, 21.01075839996338, 20.807548761367798, 20.682643175125122, 20.916964769363403]","[265151.140314474, 37156.29169647998, 37157.10778453017, 37158.84463116871, 37158.20042010314]"
100,4,0.001,30,183.18547,130.71109,-0.05111551284790039,21.028536013194493,"[21.182464838027954, 21.088861227035522, 21.010628938674927, 20.97951030731201, 21.01063060760498, 20.90141010284424, 21.026246070861816]","[887571.6806708102, 224170.260561323, 44013.54767995953, 37150.40962172724, 37150.26105628577, 37149.84229514548, 37150.38150821154]"
100,4,0.0005,30,183.19244,130.75763,-0.05127906799316406,20.967292494244045,"[20.698265314102173, 20.682583332061768, 20.932584047317505, 21.24501132965088, 21.10448122024536, 21.010634899139404, 20.995071172714233, 20.932644367218018, 21.10435676574707]","[1137932.4018679718, 618781.6663561848, 297947.17438355234, 112038.61325478848, 43026.73687706929, 37149.769032847216, 37148.99344005618, 37149.44212931111, 37149.367214755366]"
100,4,0.0001,30,183.1592,130.76503,-0.0508456826210022,20.950005650520325,"[20.85442066192627, 20.698329210281372, 20.635771989822388, 20.885663270950317, 21.260631561279297, 21.182587385177612, 20.94814920425415, 20.99507164955139, 20.979443788528442, 20.979453802108765, 20.963823556900024, 20.885724306106567, 20.65140151977539, 20.85447597503662, 21.22938823699951, 21.15128231048584, 20.96389651298523, 20.994996309280396, 20.979445934295654, 21.010757207870483, 21.088728666305542, 20.745193243026733, 20.604531049728394, 20.870097398757935, 21.1824631690979, 21.104418992996216]","[1407645.6534683646, 1258624.740575464, 1120848.3094008265, 994019.3715028452, 878064.1300552093, 772910.5437017342, 678443.4419878742, 594209.7321077767, 518450.7425018629, 448828.60885635414, 384746.2683664138, 326146.7853801145, 273029.5058892765, 225387.55195349545, 183207.8312315828, 146483.44671919456, 115202.83057745393, 89305.00212909412, 68791.66519981626, 53625.40929730897, 43664.470074928446, 38605.79990272744, 37252.83637146898, 37150.96309252642, 37148.56562814892, 37148.51322269065]"
100,4,5e-05,30,377.33582,291.78882,-2.6509976387023926,20.929981851577757,"[20.83879065513611, 20.838854789733887, 20.901340007781982, 20.948270559310913, 20.963760375976562, 20.77636957168579, 20.588913917541504, 20.77636981010437, 21.182525157928467, 21.120039224624634, 20.96382474899292, 20.995128870010376, 20.916907787322998, 20.94820213317871, 21.08885908126831, 20.88565492630005, 20.604535818099976, 20.791990756988525, 21.151281595230103, 21.120039224624634, 20.995134353637695, 20.94820213317871, 20.979504346847534, 21.0262508392334, 20.963831424713135, 20.83891224861145, 20.68264412879944, 20.72944140434265, 21.1981463432312, 21.13572931289673]","[1446895.1519611164, 1369070.1488619428, 1294334.4997798402, 1222370.1726561442, 1153157.3317893916, 1086695.000897575, 1023003.55470126, 962050.8568876168, 903845.182571806, 848371.4496087929, 795652.0670048096, 745655.9063219753, 698373.5261143476, 653763.7674984758, 611768.483564219, 572122.3882730999, 534345.4634026554, 498054.06215282483, 463168.704181344, 429670.3330680125, 397550.6968356253, 366812.34637074923, 337451.30235994444, 309471.42325523304, 282878.0952530145, 257661.59337953868, 233823.80662554194, 211359.62267773677, 190274.05939765106, 170558.8829966722]"
100,4,1e-05,30,1011.282,865.9125,-25.104326248168945,21.010166891415913,"[20.87003493309021, 20.901341199874878, 20.85453510284424, 20.948144912719727, 20.963884830474854, 21.057492971420288, 20.604597330093384, 20.916900157928467, 21.19820761680603, 21.19808602333069, 21.026310443878174, 21.05758047103882, 21.01066303253174, 20.979514122009277, 21.104350566864014, 20.885785341262817, 20.682576179504395, 20.72956895828247, 21.198081970214844, 21.19820547103882, 20.995070457458496, 20.97938561439514, 21.073174476623535, 20.963887214660645, 20.963762998580933, 20.885779857635498, 21.4324049949646, 21.15128183364868, 21.276254177093506, 21.198143482208252]","[1480821.4398963556, 1464068.3942047148, 1448169.2146050672, 1432386.6593957457, 1416713.7975545318, 1401150.9209626068, 1385698.8270051484, 1370357.7854965453, 1355127.5763446686, 1340010.2284751388, 1325002.2005656415, 1310106.1241193605, 1295317.8949498713, 1280642.856150928, 1266081.131096735, 1251628.7503895136, 1237286.629250779, 1223054.7870545997, 1208934.1955358353, 1194924.4692453598, 1181027.2549366618, 1167239.7976138056, 1153562.6779230456, 1139996.3695044708, 1126543.0068080206, 1113200.0848292913, 1099964.0617717789, 1086833.9016054736, 1073809.9579833355, 1060898.1841552635]"
100,5,0.05,30,184.17299,131.22229,-0.06747931241989136,22.51657381057739,"[22.57282328605652, 22.463473320007324, 22.525899648666382, 22.447852849960327, 22.57281994819641]","[60907.91759101176, 37230.50948883747, 37237.72190871198, 37226.9489651163, 37229.85210231507]"
100,5,0.01,30,184.54524,130.4541,-0.07084065675735474,22.41034870147705,"[22.291640043258667, 22.13542413711548, 22.541515827178955, 22.61975598335266, 22.463407516479492]","[153899.82131248096, 37166.88677326074, 37167.64749123594, 37167.78762921161, 37163.93773894755]"
100,5,0.005,30,183.13147,131.11101,-0.05132395029067993,22.50096583366394,"[22.541521549224854, 22.572881937026978, 22.619627475738525, 22.479095458984375, 22.29170274734497]","[265443.57055673987, 37157.44152492993, 37156.33937379335, 37157.189967537, 37157.28076707721]"
100,5,0.001,30,182.88509,130.91359,-0.046953439712524414,22.485790150506155,"[22.041698932647705, 22.416606903076172, 22.76028060913086, 22.557201862335205, 22.604067087173462, 22.49471688270569, 22.525958776474]","[887667.5858919861, 223937.90276713436, 44022.70152156403, 37150.3136242178, 37150.264026591714, 37150.09845684337, 37150.31951111278]"
100,5,0.0005,30,183.28192,130.74715,-0.05268526077270508,22.456529431872898,"[22.24473261833191, 22.713459491729736, 22.16666579246521, 22.291637897491455, 22.68210768699646, 22.572821140289307, 22.432286500930786, 22.52590036392212, 22.479153394699097]","[1138348.967018358, 619115.6307876643, 298271.1348627388, 112119.38920613314, 43002.068737774774, 37149.914630099665, 37149.57360272575, 37149.00798780759, 37149.28078758489]"
100,5,0.0001,30,183.26892,130.73587,-0.05242210626602173,22.560801836160515,"[22.60400104522705, 22.46347141265869, 22.088622331619263, 21.932352304458618, 22.77583122253418, 22.588441848754883, 22.44785189628601, 22.541573762893677, 22.635305881500244, 22.61968469619751, 22.61968421936035, 22.276015758514404, 22.260393381118774, 22.63530659675598, 22.838382720947266, 22.682170391082764, 22.854074716567993, 22.775890827178955, 23.057085514068604, 22.697726726531982, 22.635366439819336, 22.338437795639038, 22.369743824005127, 22.682230710983276, 22.66651463508606, 22.4946870803833]","[1408556.2917626337, 1259424.30063677, 1121571.6770932123, 994666.9413527977, 878600.7355033193, 773364.5094838098, 678803.4355693673, 594468.1053422639, 518711.6207407533, 449074.1465206273, 384971.66162698145, 326333.5396033735, 273204.58677050873, 225533.59785894526, 183339.6343260991, 146587.23852310833, 115281.05619792372, 89394.99099673147, 68869.09665812136, 53682.03921518299, 43694.441481929956, 38620.84961916576, 37252.365576654796, 37150.41455825663, 37148.352421176416, 37148.397339611416]"
100,5,5e-05,30,377.46527,291.85846,-2.653362512588501,22.434309474627177,"[22.40092444419861, 22.572819471359253, 22.66654872894287, 22.447852611541748, 22.072937965393066, 22.182287216186523, 22.51033663749695, 22.51033592224121, 22.43222451210022, 22.400988578796387, 22.43228769302368, 22.40098547935486, 22.338442087173462, 22.073002099990845, 21.979146242141724, 22.619743585586548, 22.69772958755493, 22.479096174240112, 22.729032278060913, 22.447909593582153, 22.400928020477295, 22.697790145874023, 22.229208946228027, 22.07288098335266, 22.510334491729736, 22.619746446609497, 22.52589249610901, 22.510337352752686, 22.47915482521057, 22.588379621505737]","[1447063.4289052973, 1369229.7650724833, 1294502.0722293728, 1222536.216256266, 1153321.9957661564, 1086875.1531804632, 1023177.1814371359, 962226.7700006774, 904032.5901046606, 848573.173579122, 795846.3186814117, 745858.8807326243, 698578.250838301, 653973.1189540713, 611981.2196729779, 572326.4709473648, 534549.5781779231, 498259.01735452516, 463359.60295014223, 429852.85172656144, 397714.16353644495, 366969.8992535734, 337606.79136253556, 309624.8776948415, 283014.6539425552, 257784.47104262633, 233940.43496392766, 211469.34239517004, 190385.21093432463, 170666.0779006063]"
100,5,1e-05,30,1010.8253,865.5839,-25.08330535888672,22.453575801849365,"[22.572818517684937, 22.260335683822632, 22.18234920501709, 22.416606426239014, 22.807080268859863, 22.69779109954834, 22.479156970977783, 22.541571855545044, 22.463476181030273, 22.40098524093628, 22.40092372894287, 22.05731725692749, 22.2135272026062, 22.635305404663086, 22.479095935821533, 22.432240962982178, 22.416653156280518, 22.510281562805176, 22.385359287261963, 22.72903347015381, 22.08860993385315, 22.10419249534607, 22.635241746902466, 22.697793006896973, 22.525954484939575, 22.60412621498108, 22.58844017982483, 22.61962628364563, 22.510337114334106, 22.151043176651]","[1479842.8593347785, 1462990.5160716705, 1447097.0731608183, 1431316.5255724157, 1415648.0052330308, 1400090.3180293997, 1384642.9911258637, 1369308.267985368, 1354084.3362518628, 1338970.596650183, 1323968.14828614, 1309075.9795759383, 1294295.5260804768, 1279624.934036716, 1265064.8134907193, 1250615.031279637, 1236277.9210472836, 1222049.9856388024, 1207934.5124220974, 1193929.0151063541, 1180035.46609538, 1166254.5942030214, 1152582.754767308, 1139022.4671030347, 1125576.4407177211, 1112236.1633416882, 1099004.7713978458, 1085876.1612840402, 1072857.9027232083, 1059949.7551398862]"
128,2,0.05,30,181.89316,128.85675,-0.024884521961212158,18.45814962387085,"[18.167601346969604, 18.26127338409424, 18.745595693588257, 18.745593786239624, 18.370683908462524]","[55661.7689977857, 37250.95137986257, 37258.81516652765, 37251.88081439041, 37252.00380212391]"
128,2,0.01,30,182.7775,130.69312,-0.04471772909164429,18.43627996444702,"[18.47996711730957, 18.448791980743408, 18.433165550231934, 18.417547702789307, 18.40192747116089]","[129009.72304351439, 37170.451501188654, 37170.90624933846, 37168.42580255152, 37171.40488776081]"
128,2,0.005,30,183.03741,131.1976,-0.05013817548751831,18.30819764137268,"[18.433106660842896, 18.07394003868103, 18.08944082260132, 18.308198928833008, 18.63630175590515]","[217509.36151256182, 37158.98646135877, 37157.596618958305, 37159.21045576798, 37160.98105460811]"
128,2,0.001,30,65.71421,44.778854,0.875207781791687,18.375888125101724,"[18.495588302612305, 18.21453332901001, 18.339428901672363, 18.433181762695312, 18.370681047439575, 18.4018657207489, 18.355060815811157, 18.292635679244995, 18.042635202407837, 18.02695655822754, 18.401925086975098, 18.62062096595764, 18.636248111724854, 18.401925563812256, 18.401926040649414, 18.37068271636963, 18.37067985534668, 18.33944058418274, 18.854944705963135, 18.33950424194336, 18.01138949394226, 17.98009443283081, 18.370739936828613, 18.667428255081177, 18.605003356933594, 18.3863046169281, 18.401925086975098, 18.355061531066895, 18.40192484855652, 18.38630700111389]","[778829.0421479136, 123079.86324896694, 29639.36941728022, 14387.48680028126, 4084.8199564767488, 2282.769542103359, 2026.3335064592247, 1924.7213366593373, 1528.1483464889, 1396.8090381195932, 1371.2958509142588, 1313.1137116321977, 1282.6961505343606, 1253.968139274255, 1239.3931237409276, 1194.734277555442, 1159.1204427996395, 1516.5111151771355, 1377.6155766051825, 1349.3894303428692, 1419.0470884928066, 1376.5547805784065, 1666.950843900963, 1350.9943690871728, 1186.999555396801, 1255.3277675771824, 2879.9960784808745, 3228.413202500508, 3365.1036669022183, 3290.8947889521555]"
128,2,0.0005,30,182.8964,130.8797,-0.04704594612121582,18.30038630962372,"[18.183164596557617, 18.18322730064392, 18.01139259338379, 18.05831742286682, 18.448729515075684, 18.589438438415527, 18.620564699172974, 18.308255910873413]","[1060622.1298943232, 476122.77721091313, 165017.57235109573, 47719.78542245292, 37150.74053034713, 37149.472897579086, 37149.36972317543, 37149.38416680074]"
128,2,0.0001,30,183.20071,130.75124,-0.05130487680435181,18.35059448650905,"[18.26132297515869, 18.19885563850403, 18.276886224746704, 18.558143377304077, 18.38629984855652, 18.29263925552368, 17.98008966445923, 18.042693614959717, 18.558078289031982, 18.683111667633057, 18.54251766204834, 18.401986837387085, 18.401862859725952, 18.41754388809204, 18.3863046169281, 18.48003077507019, 18.35512065887451, 18.339437007904053, 18.120681285858154, 18.089499473571777, 18.589378595352173]","[1386480.0666068282, 1200514.6741549247, 1032649.1315878608, 882508.1928007723, 749879.0151571602, 634319.816047961, 534057.8292279163, 444810.6742607709, 364579.09908887686, 293311.190884958, 230916.65534395745, 177416.37024010127, 132744.73664434018, 96866.85726866279, 69704.91711457205, 51151.429197167985, 40799.19119826243, 37439.733065022316, 37151.688930245306, 37148.64568576624, 37148.531504030616]"
128,2,5e-05,30,217.08694,181.06055,-0.3753855228424072,18.402965426445007,"[18.55813694000244, 18.355123043060303, 18.23008680343628, 18.370689630508423, 18.46433973312378, 18.40192484855652, 18.448787927627563, 18.38636589050293, 18.183223009109497, 18.04263710975647, 18.12073540687561, 18.63618302345276, 18.698728799819946, 18.511337518692017, 18.44872283935547, 18.43316650390625, 18.40192461013794, 18.480098247528076, 18.370612859725952, 18.5581374168396, 18.23008918762207, 18.151984930038452, 18.089494943618774, 18.71435308456421, 18.72997236251831, 18.495651483535767, 18.401923656463623, 18.401923418045044, 18.401925086975098, 18.37068247795105]","[1437291.2131486249, 1339049.361756537, 1245619.9840299417, 1156688.360918236, 1072236.9149759517, 992265.1644848259, 916759.8979135619, 845725.2653434494, 779135.3463114754, 716960.3001033058, 659165.5099961049, 605575.301911157, 555687.4536902182, 508594.0375965316, 463814.4024141377, 421307.89973834844, 381040.97118869395, 343025.473570231, 307260.088036428, 273741.99364923453, 242463.7516406144, 213424.72877574177, 186631.70765097887, 162086.94443186052, 139782.0902136821, 119698.39146541797, 101852.39642642427, 86223.36874343755, 72817.92328169456, 61616.2450389937]"
128,2,1e-05,30,958.56464,804.43585,-22.19540786743164,18.361828446388245,"[18.292513608932495, 18.167607069015503, 17.933284997940063, 17.96452522277832, 18.105119705200195, 18.636244535446167, 18.698728799819946, 18.417542695999146, 18.370684146881104, 18.401920795440674, 18.511271715164185, 18.370681047439575, 18.464409351348877, 18.464478492736816, 18.15198254585266, 18.12073826789856, 18.245643377304077, 18.71434998512268, 18.729974269866943, 18.417547702789307, 18.417540550231934, 18.433170557022095, 18.40198254585266, 18.433107137680054, 18.401923418045044, 18.355122804641724, 18.12067675590515, 18.08949899673462, 18.339438915252686, 18.683143377304077]","[1477920.473191302, 1456692.5651334508, 1436474.1265749899, 1416434.6728254978, 1396580.3244309714, 1376901.2401774828, 1357404.8462098632, 1338090.047876304, 1318956.0455561576, 1300006.0630503998, 1281236.688880233, 1262647.48960168, 1244237.276537732, 1226009.1166169895, 1207958.4932089148, 1190091.92959118, 1172409.4941996343, 1154901.4384145103, 1137577.7963436525, 1120435.4526063541, 1103471.1658396558, 1086691.9746731473, 1070093.537477984, 1053672.5024979678, 1037432.1455172063, 1021376.9884754776, 1005497.2533701395, 989792.000948381, 974259.8226104187, 958906.0191285056]"
128,3,0.05,30,182.88121,130.46115,-0.04562819004058838,20.19212794303894,"[20.323285579681396, 20.13595199584961, 20.182695865631104, 20.16713285446167, 20.151573419570923]","[55723.39047536009, 37253.03240517778, 37259.07144703779, 37254.80709999704, 37253.2193181289]"
128,3,0.01,30,182.7592,130.62675,-0.04433441162109375,19.99529881477356,"[20.30766272544861, 20.10464835166931, 19.854708194732666, 19.80784273147583, 19.901632070541382]","[128877.20126594571, 37169.33868460299, 37171.312493781545, 37170.9671339948, 37170.675589007034]"
128,3,0.005,30,183.57225,129.89388,-0.0544205904006958,20.201513862609865,"[20.307726621627808, 20.26093554496765, 20.198301553726196, 20.16720175743103, 20.07340383529663]","[216954.83161051178, 37161.29172704304, 37157.14726591608, 37158.423946011084, 37157.60089778655]"
128,3,0.001,30,67.677185,50.082645,0.8539960384368896,20.03226772149404,"[19.932812452316284, 19.96399450302124, 20.198376417160034, 19.65162992477417, 19.604766130447388, 19.995299339294434, 20.260862588882446, 20.135955095291138, 20.05778670310974, 20.073339223861694, 20.08903193473816, 20.104644060134888, 20.120275020599365, 19.995359420776367, 19.62038254737854, 19.667193174362183, 20.104646682739258, 20.292165994644165, 20.18269658088684, 20.12026882171631, 20.135895013809204, 20.135890007019043, 20.057780027389526, 20.198375940322876, 20.22962236404419, 19.63606882095337, 19.62032699584961, 20.323344945907593, 20.307728052139282, 20.15151286125183]","[779381.0004868921, 122998.2099539252, 37021.89278015873, 24939.44988577884, 16457.042260126957, 12732.610990724046, 11025.52709014938, 8593.069450995508, 6780.799674223923, 4552.6941170262835, 4449.823721405678, 4364.472320767506, 4130.941177514943, 3705.362930105592, 3510.919478611416, 3419.1102349498765, 3650.0912484516703, 3319.4721039359993, 3366.3885111419218, 3651.0317617658516, 3518.0929674666163, 3444.758834344781, 3541.889375048623, 3204.5757632429336, 3208.497595433151, 3732.5039986172533, 3384.408295450907, 3587.1274793868047, 3454.028278255217, 3466.1844471175727]"
128,3,0.0005,30,183.37445,130.56418,-0.05353569984436035,19.99333792924881,"[19.995231866836548, 20.10464906692505, 20.198376178741455, 20.16713309288025, 20.089088201522827, 19.91719937324524, 19.76091480255127, 19.714110851287842]","[1060187.325311611, 476030.7665310425, 165009.6847771093, 47698.7140270151, 37150.62547948279, 37149.435292844384, 37149.35505184871, 37149.81895079004]"
128,3,0.0001,30,183.16083,130.86577,-0.05106621980667114,20.08084163211641,"[20.1358904838562, 20.182696104049683, 20.073466300964355, 20.19831347465515, 20.167139053344727, 20.057841062545776, 20.04210066795349, 20.26086115837097, 19.8859543800354, 19.776599884033203, 19.901573181152344, 20.307724952697754, 20.338967323303223, 20.1827552318573, 20.135955572128296, 20.13582444190979, 20.167133808135986, 20.104648113250732, 20.089094161987305, 19.870262145996094, 19.682872772216797]","[1386016.1669658583, 1200065.27079664, 1032259.2320146322, 882144.2418032787, 749532.380741092, 633974.5388709186, 533748.8831840198, 444537.8608589622, 364353.8950536005, 293087.6144069232, 230742.7042321501, 177239.40691683037, 132606.3637210405, 96774.38063736282, 69662.29620287732, 51084.6029178592, 40801.00903713928, 37439.26536184015, 37151.1168087033, 37148.60801739157, 37148.56355158092]"
128,3,5e-05,30,216.51634,180.63675,-0.369377076625824,20.11870803038279,"[19.7452974319458, 20.135891675949097, 20.135892391204834, 20.135889530181885, 20.19837760925293, 20.073404550552368, 20.12027072906494, 20.354589462280273, 20.089052438735962, 19.745392560958862, 19.745299339294434, 20.02654194831848, 20.307725191116333, 20.276482820510864, 20.182757139205933, 20.182814598083496, 20.198317050933838, 20.182818174362183, 20.104585886001587, 20.120330572128296, 19.714115858078003, 19.88594698905945, 20.182697772979736, 20.38582968711853, 20.323352813720703, 20.167128086090088, 20.182759761810303, 20.16719102859497, 20.229560136795044, 20.26092767715454]","[1434338.8455324483, 1336167.5700785802, 1242849.665644899, 1154049.5128454817, 1069730.4477204985, 989888.6750863704, 914524.8247442759, 843611.0219990516, 777135.0195095516, 715095.3547622274, 657411.8710540577, 603922.7327894255, 554142.7113069028, 507134.731722497, 462435.8822271711, 419984.2878929007, 379799.28682173823, 341852.8894035361, 306157.132474851, 272708.887077039, 241511.0692021745, 212544.35249077022, 185822.24346188694, 161340.0774179481, 139093.03817762667, 119086.39449367464, 101314.87536728593, 85756.27196518087, 72424.80368407906, 61298.14240903587]"
128,3,1e-05,30,957.93506,803.36725,-22.157257080078125,20.048409644762675,"[19.83902597427368, 19.52665948867798, 19.479855060577393, 20.07334566116333, 20.354589700698853, 20.135891914367676, 20.135894298553467, 20.120264053344727, 20.120272874832153, 20.073405504226685, 20.073406457901, 20.18275737762451, 19.667246341705322, 19.698497772216797, 20.245240688323975, 20.323344945907593, 20.15157699584961, 20.135827779769897, 20.120267391204834, 20.151578426361084, 20.292037963867188, 20.15157437324524, 19.932814836502075, 19.68281054496765, 19.72973608970642, 20.292103052139282, 20.33897066116333, 20.13589310646057, 20.135892391204834, 20.15150761604309]","[1476137.4070417287, 1454961.9113771846, 1434759.5229813033, 1414742.197330985, 1394903.759449939, 1375247.9866549247, 1355773.342721176, 1336479.686170573, 1317365.2048502914, 1298432.267494242, 1279683.3405703835, 1261112.4665695706, 1242721.3902079663, 1224512.9567216502, 1206486.2427347242, 1188638.8723665492, 1170972.9043490042, 1153489.4772727273, 1136184.4806174638, 1119059.8529924806, 1102119.2364771033, 1085354.123560493, 1068775.7020644222, 1052376.0568859233, 1036158.5811458474, 1020120.6847395339, 1004261.1430954478, 988574.3412986045, 973062.3775403062, 957732.5680209321]"
128,4,0.05,30,183.0666,129.8454,-0.04650008678436279,21.407467651367188,"[21.541747093200684, 21.510566473007202, 21.682465076446533, 21.18251919746399, 21.12004041671753]","[55576.27528742506, 37256.2987603835, 37259.95382980266, 37258.28769999619, 37252.831224173555]"
128,4,0.01,30,184.31425,128.7107,-0.061396777629852295,21.63866376876831,"[21.63553738594055, 21.80737590789795, 21.666840076446533, 21.55737614631653, 21.52618932723999]","[128913.67806540865, 37170.861879053904, 37172.51626523655, 37171.461222093676, 37169.6965913854]"
128,4,0.005,30,183.75104,130.35759,-0.058638572692871094,21.313752841949462,"[21.494951009750366, 21.432523727416992, 21.494929790496826, 21.16685175895691, 20.97950792312622]","[217271.8770400511, 37161.2367746632, 37161.0771848221, 37160.40853349711, 37159.68339423012]"
128,4,0.001,30,183.24788,130.74585,-0.05212908983230591,21.570449868837994,"[21.4637668132782, 21.760510683059692, 21.635538578033447, 21.588610649108887, 21.51057195663452, 21.463700532913208]","[779188.2666178363, 123181.9767935091, 37260.309335598795, 37118.7808989879, 37151.61205396457, 37150.53898496774]"
128,4,0.0005,30,183.07033,130.61563,-0.04899454116821289,21.442215234041214,"[21.401154041290283, 21.55749273300171, 21.182521104812622, 21.073184967041016, 21.51048707962036, 21.698023319244385, 21.541807889938354, 21.57305073738098]","[1059841.2502370952, 476001.5719562898, 165003.24006528588, 47670.681984624796, 37150.59999915323, 37149.750195153734, 37149.42339746372, 37149.18930070663]"
128,4,0.0001,30,183.1842,130.77013,-0.05114716291427612,21.53883283478873,"[21.41677165031433, 21.4168381690979, 21.448081970214844, 21.432456970214844, 21.307551622390747, 21.010682106018066, 21.494883060455322, 21.666779041290283, 21.635536670684814, 21.57305145263672, 21.510565519332886, 21.52618718147278, 21.541813135147095, 21.573049545288086, 21.354413747787476, 20.979437112808228, 21.510509729385376, 22.479084491729736, 22.010509967803955, 21.666717290878296, 21.760569095611572]","[1386021.7066285056, 1200069.0773523236, 1032230.5647778079, 882108.6858064625, 749434.2395339385, 633861.1082339791, 533632.6413172334, 444431.28727899335, 364243.98200193065, 292995.7423473276, 230666.92867878676, 177187.13375135482, 132565.7668221193, 96714.99331952394, 69595.07422086693, 51067.59575128497, 40776.44167456984, 37436.84858346176, 37150.92052625618, 37148.595188713, 37148.63420331764]"
128,4,5e-05,30,216.73584,180.80426,-0.371576726436615,21.44808264573415,"[21.35429096221924, 21.385661363601685, 21.291863679885864, 21.19813895225525, 21.1981418132782, 21.44808006286621, 21.68239688873291, 21.573052883148193, 21.479326248168945, 21.479320764541626, 21.619917392730713, 21.541868209838867, 21.541806936264038, 21.213840007781982, 21.088712453842163, 21.463762760162354, 21.729198932647705, 21.57305383682251, 21.510568380355835, 21.494943141937256, 21.479321718215942, 21.49494194984436, 21.41692042350769, 21.182435274124146, 21.12009572982788, 21.432400226593018, 21.713674306869507, 21.682368755340576, 21.51056671142578, 21.541808605194092]","[1435471.5936018154, 1337295.0170200514, 1243967.2164340876, 1155099.3295793254, 1070721.572576548, 990854.4706001896, 915438.286233234, 844479.9777977238, 777976.1974749357, 715893.3218991329, 658168.5365804092, 604662.7741498442, 554822.0522667998, 507780.41650436935, 463047.8795598496, 420579.9948939846, 380345.3450582577, 342368.53384534613, 306647.240713064, 273165.7496634094, 241924.90542651742, 212939.9414755792, 186180.4810302635, 161678.03855443877, 139393.9362192623, 119348.70310488924, 101538.14070861842, 85964.73119220804, 72602.33843335083, 61437.831767164]"
128,4,1e-05,30,958.31757,804.18695,-22.18278694152832,21.4575386206309,"[21.354294061660767, 21.448156118392944, 21.385644912719727, 21.07320547103882, 21.0888831615448, 21.432552576065063, 21.682498931884766, 21.58876872062683, 21.573148727416992, 21.557527542114258, 21.541966915130615, 21.495039463043213, 21.416873931884766, 21.198235034942627, 21.088884592056274, 21.354512453079224, 21.682432174682617, 21.635629892349243, 21.57314419746399, 21.55752205848694, 21.57320475578308, 21.463732719421387, 21.6981782913208, 21.2294704914093, 21.182548999786377, 21.40130853652954, 21.698115348815918, 21.666873455047607, 21.5575852394104, 21.526219844818115]","[1477200.5170200514, 1456069.270474868, 1435852.7583322043, 1415818.618716976, 1395967.5818486656, 1376297.1009178974, 1356806.1915221515, 1337497.877354017, 1318367.2307614144, 1299420.177262566, 1280655.193672944, 1262070.8493767781, 1243664.4262295081, 1225441.3259974935, 1207397.3649488552, 1189534.9420556158, 1171856.273015174, 1154356.8184189135, 1137038.936847988, 1119901.5671910988, 1102944.0406872374, 1086167.059519374, 1069572.7324295489, 1053157.754631825, 1036925.1657295759, 1020872.4439777808, 1004998.9230710608, 989298.1424434358, 973771.7573584203, 958427.0605100935]"
128,5,0.05,30,184.37306,128.78586,-0.06260627508163452,22.629133701324463,"[22.94776487350464, 22.900956869125366, 22.791606903076172, 22.307344675064087, 22.19799518585205]","[55725.414589745844, 37252.620540836484, 37253.79251586104, 37252.46069577399, 37261.484925002755]"
128,5,0.01,30,183.74329,131.33315,-0.06122899055480957,22.941560745239258,"[22.947760820388794, 23.07279086112976, 22.900957584381104, 22.901016235351562, 22.88527822494507]","[128612.89461129611, 37168.994466498654, 37171.40395009674, 37169.265514920065, 37168.77882731528]"
128,5,0.005,30,182.20499,132.31502,-0.03997617959976196,22.647878456115723,"[22.916520833969116, 22.93220067024231, 22.46361780166626, 22.2447988986969, 22.68225407600403]","[217361.0114997809, 37158.97352974487, 37158.149613846996, 37159.47011898689, 37158.27027217264]"
128,5,0.001,30,182.9915,130.55673,-0.04760855436325073,22.97384472688039,"[23.103971242904663, 23.072791814804077, 22.947818517684937, 22.88533616065979, 22.916574478149414, 22.916576147079468]","[777938.9053608929, 122792.51287379547, 37259.568800356275, 37150.83890291055, 37149.58316856625, 37150.83165642253]"
128,5,0.0005,30,183.3012,130.78569,-0.05297166109085083,22.92243218421936,"[23.088346004486084, 22.7135591506958, 22.760303020477295, 23.088411331176758, 22.96350073814392, 22.91657066345215, 22.900890350341797, 22.94787621498108]","[1059825.789696518, 475909.54469668743, 164948.4195934875, 47688.31910691302, 37150.94616879488, 37149.40304961112, 37149.377969909016, 37149.436100979285]"
128,5,0.0001,30,183.19519,130.77257,-0.05134838819503784,22.79531654857454,"[22.854024171829224, 22.760360717773438, 22.44793128967285, 22.588582515716553, 23.01030206680298, 22.90088987350464, 22.916574716567993, 22.79159641265869, 22.900953769683838, 22.885327339172363, 22.72911286354065, 22.541717767715454, 22.338521003723145, 22.916629314422607, 23.1508309841156, 22.854081630706787, 22.900951147079468, 22.947875499725342, 22.791534185409546, 22.885326862335205, 22.588523387908936]","[1385788.1636803956, 1199868.8874390326, 1032105.5341501829, 882024.150750237, 749433.6115363772, 633965.6734097684, 533753.451340435, 444535.4303405704, 364349.9313630436, 293076.64911385655, 230733.7389030958, 177239.33345223378, 132591.76004796944, 96758.7313149895, 69621.55250177822, 51078.62901103763, 40770.32525762939, 37436.26857400441, 37151.56705588038, 37148.291962021365, 37148.6609452003]"
128,5,5e-05,30,216.66527,180.73895,-0.37118107080459595,22.817627135912577,"[22.369762659072876, 22.729114294052124, 23.02591371536255, 22.947808265686035, 22.900941848754883, 22.93218731880188, 22.86970090866089, 22.83846116065979, 22.635441064834595, 22.49479055404663, 22.666558265686035, 23.10402226448059, 22.93225121498108, 22.86963653564453, 22.90100884437561, 22.916558742523193, 22.72905731201172, 22.79158353805542, 22.369818449020386, 22.447916269302368, 23.182128190994263, 23.0259108543396, 22.97904872894287, 22.932188987731934, 22.900938987731934, 23.02591371536255, 22.994668006896973, 22.604199409484863, 22.307265758514404, 23.104018211364746]","[1435098.3488856524, 1336915.6842907465, 1243587.1358471075, 1154750.3543303753, 1070390.2459863161, 990504.181352459, 915097.9308782686, 844149.5307715756, 777639.7536749763, 715564.638268866, 657850.8789713454, 604348.5054235538, 554530.1281838504, 507486.3939633857, 462768.66582695435, 420318.3550585964, 380110.39989923453, 342146.6640000508, 306421.5703643646, 272952.1706133146, 241745.59669675518, 212765.18998738314, 186017.50667994682, 161522.10391651708, 139269.1716506063, 119233.9967124204, 101446.37392777909, 85874.23031739009, 72521.46828533566, 61370.590126888295]"
128,5,1e-05,30,958.3269,803.9138,-22.179183959960938,22.800437386830648,"[23.010218381881714, 22.744724988937378, 22.900941133499146, 22.947899103164673, 22.869667768478394, 22.807143449783325, 22.416784048080444, 22.088582038879395, 22.588451385498047, 23.01028823852539, 22.900939464569092, 22.947861671447754, 22.869635343551636, 22.80720829963684, 22.869696617126465, 22.74474835395813, 22.401026487350464, 22.713544607162476, 23.135193347930908, 23.02590847015381, 22.807208776474, 22.94780135154724, 22.791587829589844, 22.94780445098877, 22.776023864746094, 22.416612148284912, 22.54163646697998, 23.041588068008423, 22.963353872299194, 22.979041576385498]","[1477003.1096565507, 1455973.2204985775, 1435763.0501964504, 1415736.6104525132, 1395888.127167728, 1376223.098733234, 1356738.5581052704, 1337433.7321839859, 1318310.8080205934, 1299367.663019916, 1280605.4182698822, 1262024.8544573905, 1243625.93468026, 1225409.9658413494, 1207372.396067606, 1189515.670708576, 1171840.797495258, 1154344.785013887, 1137033.493039561, 1119898.754386262, 1102948.378573364, 1086179.0441505215, 1069591.8514005556, 1053182.0857522693, 1036950.6442385856, 1020903.4753251591, 1005034.1924620648, 989333.8824600325, 973815.1258552364, 958478.2032414307]"
